{
  "meta": {
    "data_version": "1.0.0",
    "created": "2017-05-06",
    "revision": 2
  },
  "info": {
    "balls_per_over": 6,
    "dates": [
      "2017-02-24"
    ],
    "event": {
      "match_number": 17,
      "name": "Pakistan Super League"
    },
    "gender": "male",
    "match_type": "T20",
    "officials": {
      "match_referees": [
        "Mohammed Anees"
      ],
      "reserve_umpires": [
        "Ahmed Shahab"
      ],
      "tv_umpires": [
        "Rashid Riaz"
      ],
      "umpires": [
        "Ahsan Raza",
        "Aleem Dar"
      ]
    },
    "outcome": {
      "by": {
        "runs": 1
      },
      "winner": "Islamabad United"
    },
    "overs": 20,
    "player_of_match": [
      "Mohammad Sami"
    ],
    "players": {
      "Islamabad United": [
        "DR Smith",
        "Rafatullah Mohmand",
        "Hussain Talat",
        "Misbah-ul-Haq",
        "BJ Haddin",
        "SR Watson",
        "Shadab Khan",
        "Mohammad Sami",
        "Mohammad Irfan",
        "Rumman Raees",
        "S Badree"
      ],
      "Quetta Gladiators": [
        "Asad Shafiq",
        "Ahmed Shehzad",
        "KP Pietersen",
        "RR Rossouw",
        "Sarfraz Ahmed",
        "Anwar Ali",
        "NLTC Perera",
        "Mohammad Nawaz (3)",
        "Hassan Khan",
        "Mahmudullah",
        "Zulfiqar Babar"
      ]
    },
    "registry": {
      "people": {
        "Ahmed Shahab": "86a1918c",
        "Ahmed Shehzad": "f8fd6e3f",
        "Ahsan Raza": "e0e5b209",
        "Aleem Dar": "f02778d1",
        "Anwar Ali": "eb2d5fe7",
        "Asad Shafiq": "50250426",
        "BJ Haddin": "b0c772ee",
        "DR Smith": "35205dfc",
        "Hassan Khan": "486065b3",
        "Hussain Talat": "bb4b445b",
        "KP Pietersen": "39f01cdb",
        "Mahmudullah": "bf1d7d3e",
        "Misbah-ul-Haq": "7eae4418",
        "Mohammad Irfan": "a8e3170f",
        "Mohammad Nawaz (3)": "3086f7a4",
        "Mohammad Sami": "68ddabdb",
        "Mohammed Anees": "0d4da5c5",
        "NLTC Perera": "0f12f9df",
        "RR Rossouw": "cad00a4d",
        "Rafatullah Mohmand": "9211d267",
        "Rashid Riaz": "fb82725e",
        "Rumman Raees": "1c790f4f",
        "S Badree": "76388dc8",
        "SR Watson": "4329fbb5",
        "Sarfraz Ahmed": "2254ab79",
        "Shadab Khan": "9de62878",
        "Zulfiqar Babar": "3a0f6df2"
      }
    },
    "season": "2016/17",
    "team_type": "club",
    "teams": [
      "Islamabad United",
      "Quetta Gladiators"
    ],
    "toss": {
      "decision": "field",
      "winner": "Quetta Gladiators"
    },
    "venue": "Dubai International Cricket Stadium"
  },
  "innings": [
    {
      "team": "Islamabad United",
      "overs": [
        {
          "over": 0,
          "deliveries": [
            {
              "batter": "DR Smith",
              "bowler": "Zulfiqar Babar",
              "non_striker": "Rafatullah Mohmand",
              "runs": {
                "batter": 0,
                "extras": 0,
                "total": 0
              }
            },
            {
              "batter": "DR Smith",
              "bowler": "Zulfiqar Babar",
              "non_striker": "Rafatullah Mohmand",
              "runs": {
                "batter": 0,
                "extras": 0,
                "total": 0
              }
            },
            {
              "batter": "DR Smith",
              "bowler": "Zulfiqar Babar",
              "non_striker": "Rafatullah Mohmand",
              "runs": {
                "batter": 0,
                "extras": 0,
                "total": 0
              },
              "wickets": [
                {
                  "kind": "caught",
                  "player_out": "DR Smith",
                  "fielders": [
                    {
                      "name": "Mohammad Nawaz (3)"
                    }
                  ]
                }
              ]
            },
            {
              "batter": "Rafatullah Mohmand",
              "bowler": "Zulfiqar Babar",
              "non_striker": "Hussain Talat",
              "runs": {
                "batter": 0,
                "extras": 0,
                "total": 0
              }
            },
            {
              "batter": "Rafatullah Mohmand",
              "bowler": "Zulfiqar Babar",
              "non_striker": "Hussain Talat",
              "runs": {
                "batter": 0,
                "extras": 0,
                "total": 0
              }
            },
            {
              "batter": "Rafatullah Mohmand",
              "bowler": "Zulfiqar Babar",
              "non_striker": "Hussain Talat",
              "runs": {
                "batter": 4,
                "extras": 0,
                "total": 4
              }
            }
          ]
        },
        {
          "over": 1,
          "deliveries": [
            {
              "batter": "Hussain Talat",
              "bowler": "Mahmudullah",
              "non_striker": "Rafatullah Mohmand",
              "runs": {
                "batter": 0,
                "extras": 0,
                "total": 0
              }
            },
            {
              "batter": "Hussain Talat",
              "bowler": "Mahmudullah",
              "non_striker": "Rafatullah Mohmand",
              "runs": {
                "batter": 0,
                "extras": 0,
                "total": 0
              }
            },
            {
              "batter": "Hussain Talat",
              "bowler": "Mahmudullah",
              "non_striker": "Rafatullah Mohmand",
              "runs": {
                "batter": 0,
                "extras": 0,
                "total": 0
              }
            },
            {
              "batter": "Hussain Talat",
              "bowler": "Mahmudullah",
              "non_striker": "Rafatullah Mohmand",
              "runs": {
                "batter": 0,
                "extras": 0,
                "total": 0
              }
            },
            {
              "batter": "Hussain Talat",
              "bowler": "Mahmudullah",
              "non_striker": "Rafatullah Mohmand",
              "runs": {
                "batter": 2,
                "extras": 0,
                "total": 2
              }
            },
            {
              "batter": "Hussain Talat",
              "bowler": "Mahmudullah",
              "non_striker": "Rafatullah Mohmand",
              "runs": {
                "batter": 4,
                "extras": 0,
                "total": 4
              }
            }
          ]
        },
        {
          "over": 2,
          "deliveries": [
            {
              "batter": "Rafatullah Mohmand",
              "bowler": "Zulfiqar Babar",
              "non_striker": "Hussain Talat",
              "runs": {
                "batter": 0,
                "extras": 0,
                "total": 0
              }
            },
            {
              "batter": "Rafatullah Mohmand",
              "bowler": "Zulfiqar Babar",
              "non_striker": "Hussain Talat",
              "runs": {
                "batter": 1,
                "extras": 0,
                "total": 1
              }
            },
            {
              "batter": "Hussain Talat",
              "bowler": "Zulfiqar Babar",
              "non_striker": "Rafatullah Mohmand",
              "runs": {
                "batter": 0,
                "extras": 0,
                "total": 0
              }
            },
            {
              "batter": "Hussain Talat",
              "bowler": "Zulfiqar Babar",
              "non_striker": "Rafatullah Mohmand",
              "runs": {
                "batter": 1,
                "extras": 0,
                "total": 1
              }
            },
            {
              "batter": "Rafatullah Mohmand",
              "bowler": "Zulfiqar Babar",
              "non_striker": "Hussain Talat",
              "runs": {
                "batter": 1,
                "extras": 0,
                "total": 1
              }
            },
            {
              "batter": "Hussain Talat",
              "bowler": "Zulfiqar Babar",
              "non_striker": "Rafatullah Mohmand",
              "runs": {
                "batter": 1,
                "extras": 0,
                "total": 1
              }
            }
          ]
        },
        {
          "over": 3,
          "deliveries": [
            {
              "batter": "Hussain Talat",
              "bowler": "Mohammad Nawaz (3)",
              "non_striker": "Rafatullah Mohmand",
              "runs": {
                "batter": 0,
                "extras": 0,
                "total": 0
              }
            },
            {
              "batter": "Hussain Talat",
              "bowler": "Mohammad Nawaz (3)",
              "non_striker": "Rafatullah Mohmand",
              "runs": {
                "batter": 0,
                "extras": 0,
                "total": 0
              }
            },
            {
              "batter": "Hussain Talat",
              "bowler": "Mohammad Nawaz (3)",
              "non_striker": "Rafatullah Mohmand",
              "runs": {
                "batter": 1,
                "extras": 0,
                "total": 1
              }
            },
            {
              "batter": "Rafatullah Mohmand",
              "bowler": "Mohammad Nawaz (3)",
              "non_striker": "Hussain Talat",
              "runs": {
                "batter": 1,
                "extras": 0,
                "total": 1
              }
            },
            {
              "batter": "Hussain Talat",
              "bowler": "Mohammad Nawaz (3)",
              "non_striker": "Rafatullah Mohmand",
              "runs": {
                "batter": 1,
                "extras": 0,
                "total": 1
              }
            },
            {
              "batter": "Rafatullah Mohmand",
              "bowler": "Mohammad Nawaz (3)",
              "non_striker": "Hussain Talat",
              "runs": {
                "batter": 6,
                "extras": 0,
                "total": 6
              }
            }
          ]
        },
        {
          "over": 4,
          "deliveries": [
            {
              "batter": "Hussain Talat",
              "bowler": "Anwar Ali",
              "non_striker": "Rafatullah Mohmand",
              "runs": {
                "batter": 0,
                "extras": 0,
                "total": 0
              }
            },
            {
              "batter": "Hussain Talat",
              "bowler": "Anwar Ali",
              "non_striker": "Rafatullah Mohmand",
              "runs": {
                "batter": 4,
                "extras": 0,
                "total": 4
              }
            },
            {
              "batter": "Hussain Talat",
              "bowler": "Anwar Ali",
              "non_striker": "Rafatullah Mohmand",
              "runs": {
                "batter": 1,
                "extras": 0,
                "total": 1
              }
            },
            {
              "batter": "Rafatullah Mohmand",
              "bowler": "Anwar Ali",
              "non_striker": "Hussain Talat",
              "runs": {
                "batter": 0,
                "extras": 0,
                "total": 0
              }
            },
            {
              "batter": "Rafatullah Mohmand",
              "bowler": "Anwar Ali",
              "non_striker": "Hussain Talat",
              "runs": {
                "batter": 0,
                "extras": 0,
                "total": 0
              }
            },
            {
              "batter": "Rafatullah Mohmand",
              "bowler": "Anwar Ali",
              "non_striker": "Hussain Talat",
              "runs": {
                "batter": 2,
                "extras": 0,
                "total": 2
              }
            }
          ]
        },
        {
          "over": 5,
          "deliveries": [
            {
              "batter": "Hussain Talat",
              "bowler": "Hassan Khan",
              "non_striker": "Rafatullah Mohmand",
              "runs": {
                "batter": 1,
                "extras": 0,
                "total": 1
              }
            },
            {
              "batter": "Rafatullah Mohmand",
              "bowler": "Hassan Khan",
              "non_striker": "Hussain Talat",
              "runs": {
                "batter": 1,
                "extras": 0,
                "total": 1
              }
            },
            {
              "batter": "Hussain Talat",
              "bowler": "Hassan Khan",
              "non_striker": "Rafatullah Mohmand",
              "runs": {
                "batter": 4,
                "extras": 0,
                "total": 4
              }
            },
            {
              "batter": "Hussain Talat",
              "bowler": "Hassan Khan",
              "non_striker": "Rafatullah Mohmand",
              "runs": {
                "batter": 4,
                "extras": 0,
                "total": 4
              }
            },
            {
              "batter": "Hussain Talat",
              "bowler": "Hassan Khan",
              "non_striker": "Rafatullah Mohmand",
              "runs": {
                "batter": 0,
                "extras": 0,
                "total": 0
              }
            },
            {
              "batter": "Hussain Talat",
              "bowler": "Hassan Khan",
              "non_striker": "Rafatullah Mohmand",
              "runs": {
                "batter": 1,
                "extras": 0,
                "total": 1
              }
            }
          ]
        },
        {
          "over": 6,
          "deliveries": [
            {
              "batter": "Hussain Talat",
              "bowler": "Mahmudullah",
              "non_striker": "Rafatullah Mohmand",
              "runs": {
                "batter": 4,
                "extras": 0,
                "total": 4
              }
            },
            {
              "batter": "Hussain Talat",
              "bowler": "Mahmudullah",
              "non_striker": "Rafatullah Mohmand",
              "runs": {
                "batter": 6,
                "extras": 0,
                "total": 6
              }
            },
            {
              "batter": "Hussain Talat",
              "bowler": "Mahmudullah",
              "non_striker": "Rafatullah Mohmand",
              "runs": {
                "batter": 1,
                "extras": 0,
                "total": 1
              }
            },
            {
              "batter": "Rafatullah Mohmand",
              "bowler": "Mahmudullah",
              "non_striker": "Hussain Talat",
              "runs": {
                "batter": 0,
                "extras": 0,
                "total": 0
              }
            },
            {
              "batter": "Rafatullah Mohmand",
              "bowler": "Mahmudullah",
              "extras": {
                "legbyes": 1
              },
              "non_striker": "Hussain Talat",
              "runs": {
                "batter": 0,
                "extras": 1,
                "total": 1
              }
            },
            {
              "batter": "Hussain Talat",
              "bowler": "Mahmudullah",
              "non_striker": "Rafatullah Mohmand",
              "runs": {
                "batter": 1,
                "extras": 0,
                "total": 1
              }
            }
          ]
        },
        {
          "over": 7,
          "deliveries": [
            {
              "batter": "Hussain Talat",
              "bowler": "Hassan Khan",
              "non_striker": "Rafatullah Mohmand",
              "runs": {
                "batter": 1,
                "extras": 0,
                "total": 1
              }
            },
            {
              "batter": "Rafatullah Mohmand",
              "bowler": "Hassan Khan",
              "non_striker": "Hussain Talat",
              "runs": {
                "batter": 1,
                "extras": 0,
                "total": 1
              }
            },
            {
              "batter": "Hussain Talat",
              "bowler": "Hassan Khan",
              "non_striker": "Rafatullah Mohmand",
              "runs": {
                "batter": 0,
                "extras": 0,
                "total": 0
              }
            },
            {
              "batter": "Hussain Talat",
              "bowler": "Hassan Khan",
              "non_striker": "Rafatullah Mohmand",
              "runs": {
                "batter": 2,
                "extras": 0,
                "total": 2
              }
            },
            {
              "batter": "Hussain Talat",
              "bowler": "Hassan Khan",
              "non_striker": "Rafatullah Mohmand",
              "runs": {
                "batter": 0,
                "extras": 0,
                "total": 0
              }
            },
            {
              "batter": "Hussain Talat",
              "bowler": "Hassan Khan",
              "non_striker": "Rafatullah Mohmand",
              "runs": {
                "batter": 1,
                "extras": 0,
                "total": 1
              }
            }
          ]
        },
        {
          "over": 8,
          "deliveries": [
            {
              "batter": "Hussain Talat",
              "bowler": "NLTC Perera",
              "non_striker": "Rafatullah Mohmand",
              "runs": {
                "batter": 1,
                "extras": 0,
                "total": 1
              }
            },
            {
              "batter": "Rafatullah Mohmand",
              "bowler": "NLTC Perera",
              "non_striker": "Hussain Talat",
              "runs": {
                "batter": 0,
                "extras": 0,
                "total": 0
              },
              "wickets": [
                {
                  "kind": "caught",
                  "player_out": "Rafatullah Mohmand",
                  "fielders": [
                    {
                      "name": "Zulfiqar Babar"
                    }
                  ]
                }
              ]
            },
            {
              "batter": "Hussain Talat",
              "bowler": "NLTC Perera",
              "non_striker": "Misbah-ul-Haq",
              "runs": {
                "batter": 1,
                "extras": 0,
                "total": 1
              }
            },
            {
              "batter": "Misbah-ul-Haq",
              "bowler": "NLTC Perera",
              "non_striker": "Hussain Talat",
              "runs": {
                "batter": 0,
                "extras": 0,
                "total": 0
              }
            },
            {
              "batter": "Misbah-ul-Haq",
              "bowler": "NLTC Perera",
              "non_striker": "Hussain Talat",
              "runs": {
                "batter": 1,
                "extras": 0,
                "total": 1
              }
            },
            {
              "batter": "Hussain Talat",
              "bowler": "NLTC Perera",
              "non_striker": "Misbah-ul-Haq",
              "runs": {
                "batter": 1,
                "extras": 0,
                "total": 1
              }
            }
          ]
        },
        {
          "over": 9,
          "deliveries": [
            {
              "batter": "Hussain Talat",
              "bowler": "Hassan Khan",
              "non_striker": "Misbah-ul-Haq",
              "runs": {
                "batter": 6,
                "extras": 0,
                "total": 6
              }
            },
            {
              "batter": "Hussain Talat",
              "bowler": "Hassan Khan",
              "non_striker": "Misbah-ul-Haq",
              "runs": {
                "batter": 4,
                "extras": 0,
                "total": 4
              }
            },
            {
              "batter": "Hussain Talat",
              "bowler": "Hassan Khan",
              "non_striker": "Misbah-ul-Haq",
              "runs": {
                "batter": 0,
                "extras": 0,
                "total": 0
              }
            },
            {
              "batter": "Hussain Talat",
              "bowler": "Hassan Khan",
              "non_striker": "Misbah-ul-Haq",
              "runs": {
                "batter": 1,
                "extras": 0,
                "total": 1
              }
            },
            {
              "batter": "Misbah-ul-Haq",
              "bowler": "Hassan Khan",
              "non_striker": "Hussain Talat",
              "runs": {
                "batter": 0,
                "extras": 0,
                "total": 0
              }
            },
            {
              "batter": "Misbah-ul-Haq",
              "bowler": "Hassan Khan",
              "non_striker": "Hussain Talat",
              "runs": {
                "batter": 0,
                "extras": 0,
                "total": 0
              }
            }
          ]
        },
        {
          "over": 10,
          "deliveries": [
            {
              "batter": "Hussain Talat",
              "bowler": "Zulfiqar Babar",
              "non_striker": "Misbah-ul-Haq",
              "runs": {
                "batter": 1,
                "extras": 0,
                "total": 1
              }
            },
            {
              "batter": "Misbah-ul-Haq",
              "bowler": "Zulfiqar Babar",
              "non_striker": "Hussain Talat",
              "runs": {
                "batter": 0,
                "extras": 0,
                "total": 0
              }
            },
            {
              "batter": "Misbah-ul-Haq",
              "bowler": "Zulfiqar Babar",
              "non_striker": "Hussain Talat",
              "runs": {
                "batter": 1,
                "extras": 0,
                "total": 1
              }
            },
            {
              "batter": "Hussain Talat",
              "bowler": "Zulfiqar Babar",
              "non_striker": "Misbah-ul-Haq",
              "runs": {
                "batter": 0,
                "extras": 0,
                "total": 0
              },
              "wickets": [
                {
                  "kind": "caught",
                  "player_out": "Hussain Talat",
                  "fielders": [
                    {
                      "name": "NLTC Perera"
                    }
                  ]
                }
              ]
            },
            {
              "batter": "Misbah-ul-Haq",
              "bowler": "Zulfiqar Babar",
              "non_striker": "BJ Haddin",
              "runs": {
                "batter": 1,
                "extras": 0,
                "total": 1
              }
            },
            {
              "batter": "BJ Haddin",
              "bowler": "Zulfiqar Babar",
              "non_striker": "Misbah-ul-Haq",
              "runs": {
                "batter": 0,
                "extras": 0,
                "total": 0
              }
            }
          ]
        },
        {
          "over": 11,
          "deliveries": [
            {
              "batter": "Misbah-ul-Haq",
              "bowler": "Mohammad Nawaz (3)",
              "non_striker": "BJ Haddin",
              "runs": {
                "batter": 0,
                "extras": 0,
                "total": 0
              }
            },
            {
              "batter": "Misbah-ul-Haq",
              "bowler": "Mohammad Nawaz (3)",
              "non_striker": "BJ Haddin",
              "runs": {
                "batter": 1,
                "extras": 0,
                "total": 1
              }
            },
            {
              "batter": "BJ Haddin",
              "bowler": "Mohammad Nawaz (3)",
              "non_striker": "Misbah-ul-Haq",
              "runs": {
                "batter": 0,
                "extras": 0,
                "total": 0
              }
            },
            {
              "batter": "BJ Haddin",
              "bowler": "Mohammad Nawaz (3)",
              "non_striker": "Misbah-ul-Haq",
              "runs": {
                "batter": 2,
                "extras": 0,
                "total": 2
              }
            },
            {
              "batter": "BJ Haddin",
              "bowler": "Mohammad Nawaz (3)",
              "non_striker": "Misbah-ul-Haq",
              "runs": {
                "batter": 0,
                "extras": 0,
                "total": 0
              }
            },
            {
              "batter": "BJ Haddin",
              "bowler": "Mohammad Nawaz (3)",
              "non_striker": "Misbah-ul-Haq",
              "runs": {
                "batter": 2,
                "extras": 0,
                "total": 2
              }
            }
          ]
        },
        {
          "over": 12,
          "deliveries": [
            {
              "batter": "Misbah-ul-Haq",
              "bowler": "NLTC Perera",
              "non_striker": "BJ Haddin",
              "runs": {
                "batter": 2,
                "extras": 0,
                "total": 2
              }
            },
            {
              "batter": "Misbah-ul-Haq",
              "bowler": "NLTC Perera",
              "non_striker": "BJ Haddin",
              "runs": {
                "batter": 1,
                "extras": 0,
                "total": 1
              }
            },
            {
              "batter": "BJ Haddin",
              "bowler": "NLTC Perera",
              "non_striker": "Misbah-ul-Haq",
              "runs": {
                "batter": 4,
                "extras": 0,
                "total": 4
              }
            },
            {
              "batter": "BJ Haddin",
              "bowler": "NLTC Perera",
              "non_striker": "Misbah-ul-Haq",
              "runs": {
                "batter": 1,
                "extras": 0,
                "total": 1
              }
            },
            {
              "batter": "Misbah-ul-Haq",
              "bowler": "NLTC Perera",
              "non_striker": "BJ Haddin",
              "runs": {
                "batter": 0,
                "extras": 0,
                "total": 0
              }
            },
            {
              "batter": "Misbah-ul-Haq",
              "bowler": "NLTC Perera",
              "non_striker": "BJ Haddin",
              "runs": {
                "batter": 1,
                "extras": 0,
                "total": 1
              }
            }
          ]
        },
        {
          "over": 13,
          "deliveries": [
            {
              "batter": "Misbah-ul-Haq",
              "bowler": "Zulfiqar Babar",
              "non_striker": "BJ Haddin",
              "runs": {
                "batter": 1,
                "extras": 0,
                "total": 1
              }
            },
            {
              "batter": "BJ Haddin",
              "bowler": "Zulfiqar Babar",
              "non_striker": "Misbah-ul-Haq",
              "runs": {
                "batter": 0,
                "extras": 0,
                "total": 0
              }
            },
            {
              "batter": "BJ Haddin",
              "bowler": "Zulfiqar Babar",
              "non_striker": "Misbah-ul-Haq",
              "runs": {
                "batter": 1,
                "extras": 0,
                "total": 1
              }
            },
            {
              "batter": "Misbah-ul-Haq",
              "bowler": "Zulfiqar Babar",
              "non_striker": "BJ Haddin",
              "runs": {
                "batter": 2,
                "extras": 0,
                "total": 2
              }
            },
            {
              "batter": "Misbah-ul-Haq",
              "bowler": "Zulfiqar Babar",
              "non_striker": "BJ Haddin",
              "runs": {
                "batter": 1,
                "extras": 0,
                "total": 1
              }
            },
            {
              "batter": "BJ Haddin",
              "bowler": "Zulfiqar Babar",
              "non_striker": "Misbah-ul-Haq",
              "runs": {
                "batter": 1,
                "extras": 0,
                "total": 1
              }
            }
          ]
        },
        {
          "over": 14,
          "deliveries": [
            {
              "batter": "BJ Haddin",
              "bowler": "Anwar Ali",
              "non_striker": "Misbah-ul-Haq",
              "runs": {
                "batter": 4,
                "extras": 0,
                "total": 4
              }
            },
            {
              "batter": "BJ Haddin",
              "bowler": "Anwar Ali",
              "non_striker": "Misbah-ul-Haq",
              "runs": {
                "batter": 4,
                "extras": 0,
                "total": 4
              }
            },
            {
              "batter": "BJ Haddin",
              "bowler": "Anwar Ali",
              "non_striker": "Misbah-ul-Haq",
              "runs": {
                "batter": 2,
                "extras": 0,
                "total": 2
              }
            },
            {
              "batter": "BJ Haddin",
              "bowler": "Anwar Ali",
              "non_striker": "Misbah-ul-Haq",
              "runs": {
                "batter": 1,
                "extras": 0,
                "total": 1
              }
            },
            {
              "batter": "Misbah-ul-Haq",
              "bowler": "Anwar Ali",
              "non_striker": "BJ Haddin",
              "runs": {
                "batter": 2,
                "extras": 0,
                "total": 2
              }
            },
            {
              "batter": "Misbah-ul-Haq",
              "bowler": "Anwar Ali",
              "non_striker": "BJ Haddin",
              "runs": {
                "batter": 1,
                "extras": 0,
                "total": 1
              }
            }
          ]
        },
        {
          "over": 15,
          "deliveries": [
            {
              "batter": "Misbah-ul-Haq",
              "bowler": "Hassan Khan",
              "extras": {
                "wides": 5
              },
              "non_striker": "BJ Haddin",
              "runs": {
                "batter": 0,
                "extras": 5,
                "total": 5
              }
            },
            {
              "batter": "Misbah-ul-Haq",
              "bowler": "Hassan Khan",
              "non_striker": "BJ Haddin",
              "runs": {
                "batter": 1,
                "extras": 0,
                "total": 1
              }
            },
            {
              "batter": "BJ Haddin",
              "bowler": "Hassan Khan",
              "non_striker": "Misbah-ul-Haq",
              "runs": {
                "batter": 0,
                "extras": 0,
                "total": 0
              }
            },
            {
              "batter": "BJ Haddin",
              "bowler": "Hassan Khan",
              "non_striker": "Misbah-ul-Haq",
              "runs": {
                "batter": 0,
                "extras": 0,
                "total": 0
              },
              "wickets": [
                {
                  "kind": "caught",
                  "player_out": "BJ Haddin",
                  "fielders": [
                    {
                      "name": "Anwar Ali"
                    }
                  ]
                }
              ]
            },
            {
              "batter": "Misbah-ul-Haq",
              "bowler": "Hassan Khan",
              "non_striker": "SR Watson",
              "runs": {
                "batter": 0,
                "extras": 0,
                "total": 0
              }
            },
            {
              "batter": "Misbah-ul-Haq",
              "bowler": "Hassan Khan",
              "non_striker": "SR Watson",
              "runs": {
                "batter": 1,
                "extras": 0,
                "total": 1
              }
            },
            {
              "batter": "SR Watson",
              "bowler": "Hassan Khan",
              "non_striker": "Misbah-ul-Haq",
              "runs": {
                "batter": 1,
                "extras": 0,
                "total": 1
              }
            }
          ]
        },
        {
          "over": 16,
          "deliveries": [
            {
              "batter": "SR Watson",
              "bowler": "Mohammad Nawaz (3)",
              "non_striker": "Misbah-ul-Haq",
              "runs": {
                "batter": 1,
                "extras": 0,
                "total": 1
              }
            },
            {
              "batter": "Misbah-ul-Haq",
              "bowler": "Mohammad Nawaz (3)",
              "non_striker": "SR Watson",
              "runs": {
                "batter": 1,
                "extras": 0,
                "total": 1
              }
            },
            {
              "batter": "SR Watson",
              "bowler": "Mohammad Nawaz (3)",
              "non_striker": "Misbah-ul-Haq",
              "runs": {
                "batter": 0,
                "extras": 0,
                "total": 0
              }
            },
            {
              "batter": "SR Watson",
              "bowler": "Mohammad Nawaz (3)",
              "non_striker": "Misbah-ul-Haq",
              "runs": {
                "batter": 0,
                "extras": 0,
                "total": 0
              }
            },
            {
              "batter": "SR Watson",
              "bowler": "Mohammad Nawaz (3)",
              "non_striker": "Misbah-ul-Haq",
              "runs": {
                "batter": 0,
                "extras": 0,
                "total": 0
              }
            },
            {
              "batter": "SR Watson",
              "bowler": "Mohammad Nawaz (3)",
              "non_striker": "Misbah-ul-Haq",
              "runs": {
                "batter": 1,
                "extras": 0,
                "total": 1
              }
            }
          ]
        },
        {
          "over": 17,
          "deliveries": [
            {
              "batter": "SR Watson",
              "bowler": "Anwar Ali",
              "non_striker": "Misbah-ul-Haq",
              "runs": {
                "batter": 4,
                "extras": 0,
                "total": 4
              }
            },
            {
              "batter": "SR Watson",
              "bowler": "Anwar Ali",
              "non_striker": "Misbah-ul-Haq",
              "runs": {
                "batter": 1,
                "extras": 0,
                "total": 1
              }
            },
            {
              "batter": "Misbah-ul-Haq",
              "bowler": "Anwar Ali",
              "non_striker": "SR Watson",
              "runs": {
                "batter": 6,
                "extras": 0,
                "total": 6
              }
            },
            {
              "batter": "Misbah-ul-Haq",
              "bowler": "Anwar Ali",
              "non_striker": "SR Watson",
              "runs": {
                "batter": 1,
                "extras": 0,
                "total": 1
              }
            },
            {
              "batter": "SR Watson",
              "bowler": "Anwar Ali",
              "non_striker": "Misbah-ul-Haq",
              "runs": {
                "batter": 1,
                "extras": 0,
                "total": 1
              }
            },
            {
              "batter": "Misbah-ul-Haq",
              "bowler": "Anwar Ali",
              "non_striker": "SR Watson",
              "runs": {
                "batter": 0,
                "extras": 0,
                "total": 0
              },
              "wickets": [
                {
                  "kind": "caught",
                  "player_out": "Misbah-ul-Haq",
                  "fielders": [
                    {
                      "name": "Mohammad Nawaz (3)"
                    }
                  ]
                }
              ]
            }
          ]
        },
        {
          "over": 18,
          "deliveries": [
            {
              "batter": "Shadab Khan",
              "bowler": "Mohammad Nawaz (3)",
              "non_striker": "SR Watson",
              "runs": {
                "batter": 2,
                "extras": 0,
                "total": 2
              }
            },
            {
              "batter": "Shadab Khan",
              "bowler": "Mohammad Nawaz (3)",
              "non_striker": "SR Watson",
              "runs": {
                "batter": 6,
                "extras": 0,
                "total": 6
              }
            },
            {
              "batter": "Shadab Khan",
              "bowler": "Mohammad Nawaz (3)",
              "non_striker": "SR Watson",
              "runs": {
                "batter": 1,
                "extras": 0,
                "total": 1
              }
            },
            {
              "batter": "SR Watson",
              "bowler": "Mohammad Nawaz (3)",
              "non_striker": "Shadab Khan",
              "runs": {
                "batter": 2,
                "extras": 0,
                "total": 2
              }
            },
            {
              "batter": "SR Watson",
              "bowler": "Mohammad Nawaz (3)",
              "non_striker": "Shadab Khan",
              "runs": {
                "batter": 1,
                "extras": 0,
                "total": 1
              }
            },
            {
              "batter": "Shadab Khan",
              "bowler": "Mohammad Nawaz (3)",
              "non_striker": "SR Watson",
              "runs": {
                "batter": 0,
                "extras": 0,
                "total": 0
              }
            }
          ]
        },
        {
          "over": 19,
          "deliveries": [
            {
              "batter": "SR Watson",
              "bowler": "Anwar Ali",
              "non_striker": "Shadab Khan",
              "runs": {
                "batter": 4,
                "extras": 0,
                "total": 4
              }
            },
            {
              "batter": "SR Watson",
              "bowler": "Anwar Ali",
              "non_striker": "Shadab Khan",
              "runs": {
                "batter": 6,
                "extras": 0,
                "total": 6
              }
            },
            {
              "batter": "SR Watson",
              "bowler": "Anwar Ali",
              "non_striker": "Shadab Khan",
              "runs": {
                "batter": 6,
                "extras": 0,
                "total": 6
              }
            },
            {
              "batter": "SR Watson",
              "bowler": "Anwar Ali",
              "non_striker": "Shadab Khan",
              "runs": {
                "batter": 1,
                "extras": 0,
                "total": 1
              }
            },
            {
              "batter": "Shadab Khan",
              "bowler": "Anwar Ali",
              "extras": {
                "legbyes": 1
              },
              "non_striker": "SR Watson",
              "runs": {
                "batter": 0,
                "extras": 1,
                "total": 1
              }
            },
            {
              "batter": "SR Watson",
              "bowler": "Anwar Ali",
              "non_striker": "Shadab Khan",
              "runs": {
                "batter": 0,
                "extras": 0,
                "total": 0
              },
              "wickets": [
                {
                  "kind": "lbw",
                  "player_out": "SR Watson"
                }
              ]
            }
          ]
        }
      ],
      "powerplays": [
        {
          "from": 0.1,
          "to": 5.6,
          "type": "mandatory"
        }
      ]
    },
    {
      "team": "Quetta Gladiators",
      "overs": [
        {
          "over": 0,
          "deliveries": [
            {
              "batter": "Asad Shafiq",
              "bowler": "Mohammad Irfan",
              "non_striker": "Ahmed Shehzad",
              "runs": {
                "batter": 4,
                "extras": 0,
                "total": 4
              }
            },
            {
              "batter": "Asad Shafiq",
              "bowler": "Mohammad Irfan",
              "non_striker": "Ahmed Shehzad",
              "runs": {
                "batter": 1,
                "extras": 0,
                "total": 1
              }
            },
            {
              "batter": "Ahmed Shehzad",
              "bowler": "Mohammad Irfan",
              "extras": {
                "legbyes": 1
              },
              "non_striker": "Asad Shafiq",
              "runs": {
                "batter": 0,
                "extras": 1,
                "total": 1
              }
            },
            {
              "batter": "Asad Shafiq",
              "bowler": "Mohammad Irfan",
              "non_striker": "Ahmed Shehzad",
              "runs": {
                "batter": 1,
                "extras": 0,
                "total": 1
              }
            },
            {
              "batter": "Ahmed Shehzad",
              "bowler": "Mohammad Irfan",
              "non_striker": "Asad Shafiq",
              "runs": {
                "batter": 0,
                "extras": 0,
                "total": 0
              }
            },
            {
              "batter": "Ahmed Shehzad",
              "bowler": "Mohammad Irfan",
              "non_striker": "Asad Shafiq",
              "runs": {
                "batter": 2,
                "extras": 0,
                "total": 2
              }
            }
          ]
        },
        {
          "over": 1,
          "deliveries": [
            {
              "batter": "Asad Shafiq",
              "bowler": "S Badree",
              "extras": {
                "legbyes": 1
              },
              "non_striker": "Ahmed Shehzad",
              "runs": {
                "batter": 0,
                "extras": 1,
                "total": 1
              }
            },
            {
              "batter": "Ahmed Shehzad",
              "bowler": "S Badree",
              "non_striker": "Asad Shafiq",
              "runs": {
                "batter": 2,
                "extras": 0,
                "total": 2
              }
            },
            {
              "batter": "Ahmed Shehzad",
              "bowler": "S Badree",
              "non_striker": "Asad Shafiq",
              "runs": {
                "batter": 1,
                "extras": 0,
                "total": 1
              }
            },
            {
              "batter": "Asad Shafiq",
              "bowler": "S Badree",
              "non_striker": "Ahmed Shehzad",
              "runs": {
                "batter": 0,
                "extras": 0,
                "total": 0
              }
            },
            {
              "batter": "Asad Shafiq",
              "bowler": "S Badree",
              "non_striker": "Ahmed Shehzad",
              "runs": {
                "batter": 1,
                "extras": 0,
                "total": 1
              }
            },
            {
              "batter": "Ahmed Shehzad",
              "bowler": "S Badree",
              "non_striker": "Asad Shafiq",
              "runs": {
                "batter": 0,
                "extras": 0,
                "total": 0
              }
            }
          ]
        },
        {
          "over": 2,
          "deliveries": [
            {
              "batter": "Asad Shafiq",
              "bowler": "Mohammad Irfan",
              "non_striker": "Ahmed Shehzad",
              "runs": {
                "batter": 1,
                "extras": 0,
                "total": 1
              }
            },
            {
              "batter": "Ahmed Shehzad",
              "bowler": "Mohammad Irfan",
              "non_striker": "Asad Shafiq",
              "runs": {
                "batter": 1,
                "extras": 0,
                "total": 1
              }
            },
            {
              "batter": "Asad Shafiq",
              "bowler": "Mohammad Irfan",
              "non_striker": "Ahmed Shehzad",
              "runs": {
                "batter": 0,
                "extras": 0,
                "total": 0
              }
            },
            {
              "batter": "Asad Shafiq",
              "bowler": "Mohammad Irfan",
              "non_striker": "Ahmed Shehzad",
              "runs": {
                "batter": 0,
                "extras": 0,
                "total": 0
              },
              "wickets": [
                {
                  "kind": "bowled",
                  "player_out": "Asad Shafiq"
                }
              ]
            },
            {
              "batter": "KP Pietersen",
              "bowler": "Mohammad Irfan",
              "non_striker": "Ahmed Shehzad",
              "runs": {
                "batter": 1,
                "extras": 0,
                "total": 1
              }
            },
            {
              "batter": "Ahmed Shehzad",
              "bowler": "Mohammad Irfan",
              "non_striker": "KP Pietersen",
              "runs": {
                "batter": 1,
                "extras": 0,
                "total": 1
              }
            }
          ]
        },
        {
          "over": 3,
          "deliveries": [
            {
              "batter": "Ahmed Shehzad",
              "bowler": "S Badree",
              "non_striker": "KP Pietersen",
              "runs": {
                "batter": 0,
                "extras": 0,
                "total": 0
              }
            },
            {
              "batter": "Ahmed Shehzad",
              "bowler": "S Badree",
              "non_striker": "KP Pietersen",
              "runs": {
                "batter": 4,
                "extras": 0,
                "total": 4
              }
            },
            {
              "batter": "Ahmed Shehzad",
              "bowler": "S Badree",
              "non_striker": "KP Pietersen",
              "runs": {
                "batter": 4,
                "extras": 0,
                "total": 4
              }
            },
            {
              "batter": "Ahmed Shehzad",
              "bowler": "S Badree",
              "non_striker": "KP Pietersen",
              "runs": {
                "batter": 1,
                "extras": 0,
                "total": 1
              }
            },
            {
              "batter": "KP Pietersen",
              "bowler": "S Badree",
              "non_striker": "Ahmed Shehzad",
              "runs": {
                "batter": 0,
                "extras": 0,
                "total": 0
              }
            },
            {
              "batter": "KP Pietersen",
              "bowler": "S Badree",
              "non_striker": "Ahmed Shehzad",
              "runs": {
                "batter": 4,
                "extras": 0,
                "total": 4
              }
            }
          ]
        },
        {
          "over": 4,
          "deliveries": [
            {
              "batter": "Ahmed Shehzad",
              "bowler": "Mohammad Irfan",
              "extras": {
                "wides": 1
              },
              "non_striker": "KP Pietersen",
              "runs": {
                "batter": 0,
                "extras": 1,
                "total": 1
              }
            },
            {
              "batter": "Ahmed Shehzad",
              "bowler": "Mohammad Irfan",
              "non_striker": "KP Pietersen",
              "runs": {
                "batter": 4,
                "extras": 0,
                "total": 4
              }
            },
            {
              "batter": "Ahmed Shehzad",
              "bowler": "Mohammad Irfan",
              "non_striker": "KP Pietersen",
              "runs": {
                "batter": 1,
                "extras": 0,
                "total": 1
              }
            },
            {
              "batter": "KP Pietersen",
              "bowler": "Mohammad Irfan",
              "non_striker": "Ahmed Shehzad",
              "runs": {
                "batter": 0,
                "extras": 0,
                "total": 0
              }
            },
            {
              "batter": "KP Pietersen",
              "bowler": "Mohammad Irfan",
              "non_striker": "Ahmed Shehzad",
              "runs": {
                "batter": 1,
                "extras": 0,
                "total": 1
              }
            },
            {
              "batter": "Ahmed Shehzad",
              "bowler": "Mohammad Irfan",
              "non_striker": "KP Pietersen",
              "runs": {
                "batter": 1,
                "extras": 0,
                "total": 1
              }
            },
            {
              "batter": "KP Pietersen",
              "bowler": "Mohammad Irfan",
              "non_striker": "Ahmed Shehzad",
              "runs": {
                "batter": 0,
                "extras": 0,
                "total": 0
              }
            }
          ]
        },
        {
          "over": 5,
          "deliveries": [
            {
              "batter": "Ahmed Shehzad",
              "bowler": "Rumman Raees",
              "non_striker": "KP Pietersen",
              "runs": {
                "batter": 0,
                "extras": 0,
                "total": 0
              }
            },
            {
              "batter": "Ahmed Shehzad",
              "bowler": "Rumman Raees",
              "non_striker": "KP Pietersen",
              "runs": {
                "batter": 1,
                "extras": 0,
                "total": 1
              }
            },
            {
              "batter": "KP Pietersen",
              "bowler": "Rumman Raees",
              "non_striker": "Ahmed Shehzad",
              "runs": {
                "batter": 1,
                "extras": 0,
                "total": 1
              }
            },
            {
              "batter": "Ahmed Shehzad",
              "bowler": "Rumman Raees",
              "non_striker": "KP Pietersen",
              "runs": {
                "batter": 1,
                "extras": 0,
                "total": 1
              }
            },
            {
              "batter": "KP Pietersen",
              "bowler": "Rumman Raees",
              "non_striker": "Ahmed Shehzad",
              "runs": {
                "batter": 1,
                "extras": 0,
                "total": 1
              }
            },
            {
              "batter": "Ahmed Shehzad",
              "bowler": "Rumman Raees",
              "non_striker": "KP Pietersen",
              "runs": {
                "batter": 1,
                "extras": 0,
                "total": 1
              }
            }
          ]
        },
        {
          "over": 6,
          "deliveries": [
            {
              "batter": "Ahmed Shehzad",
              "bowler": "Shadab Khan",
              "non_striker": "KP Pietersen",
              "runs": {
                "batter": 0,
                "extras": 0,
                "total": 0
              }
            },
            {
              "batter": "Ahmed Shehzad",
              "bowler": "Shadab Khan",
              "non_striker": "KP Pietersen",
              "runs": {
                "batter": 1,
                "extras": 0,
                "total": 1
              }
            },
            {
              "batter": "KP Pietersen",
              "bowler": "Shadab Khan",
              "non_striker": "Ahmed Shehzad",
              "runs": {
                "batter": 1,
                "extras": 0,
                "total": 1
              }
            },
            {
              "batter": "Ahmed Shehzad",
              "bowler": "Shadab Khan",
              "non_striker": "KP Pietersen",
              "runs": {
                "batter": 0,
                "extras": 0,
                "total": 0
              }
            },
            {
              "batter": "Ahmed Shehzad",
              "bowler": "Shadab Khan",
              "non_striker": "KP Pietersen",
              "runs": {
                "batter": 1,
                "extras": 0,
                "total": 1
              }
            },
            {
              "batter": "KP Pietersen",
              "bowler": "Shadab Khan",
              "non_striker": "Ahmed Shehzad",
              "runs": {
                "batter": 4,
                "extras": 0,
                "total": 4
              }
            }
          ]
        },
        {
          "over": 7,
          "deliveries": [
            {
              "batter": "Ahmed Shehzad",
              "bowler": "Mohammad Sami",
              "non_striker": "KP Pietersen",
              "runs": {
                "batter": 4,
                "extras": 0,
                "total": 4
              }
            },
            {
              "batter": "Ahmed Shehzad",
              "bowler": "Mohammad Sami",
              "non_striker": "KP Pietersen",
              "runs": {
                "batter": 0,
                "extras": 0,
                "total": 0
              }
            },
            {
              "batter": "Ahmed Shehzad",
              "bowler": "Mohammad Sami",
              "non_striker": "KP Pietersen",
              "runs": {
                "batter": 0,
                "extras": 0,
                "total": 0
              }
            },
            {
              "batter": "Ahmed Shehzad",
              "bowler": "Mohammad Sami",
              "non_striker": "KP Pietersen",
              "runs": {
                "batter": 0,
                "extras": 0,
                "total": 0
              }
            },
            {
              "batter": "Ahmed Shehzad",
              "bowler": "Mohammad Sami",
              "non_striker": "KP Pietersen",
              "runs": {
                "batter": 1,
                "extras": 0,
                "total": 1
              }
            },
            {
              "batter": "KP Pietersen",
              "bowler": "Mohammad Sami",
              "non_striker": "Ahmed Shehzad",
              "runs": {
                "batter": 4,
                "extras": 0,
                "total": 4
              }
            }
          ]
        },
        {
          "over": 8,
          "deliveries": [
            {
              "batter": "Ahmed Shehzad",
              "bowler": "Shadab Khan",
              "non_striker": "KP Pietersen",
              "runs": {
                "batter": 2,
                "extras": 0,
                "total": 2
              }
            },
            {
              "batter": "Ahmed Shehzad",
              "bowler": "Shadab Khan",
              "non_striker": "KP Pietersen",
              "runs": {
                "batter": 6,
                "extras": 0,
                "total": 6
              }
            },
            {
              "batter": "Ahmed Shehzad",
              "bowler": "Shadab Khan",
              "non_striker": "KP Pietersen",
              "runs": {
                "batter": 0,
                "extras": 0,
                "total": 0
              }
            },
            {
              "batter": "Ahmed Shehzad",
              "bowler": "Shadab Khan",
              "non_striker": "KP Pietersen",
              "runs": {
                "batter": 1,
                "extras": 0,
                "total": 1
              }
            },
            {
              "batter": "KP Pietersen",
              "bowler": "Shadab Khan",
              "non_striker": "Ahmed Shehzad",
              "runs": {
                "batter": 0,
                "extras": 0,
                "total": 0
              }
            },
            {
              "batter": "KP Pietersen",
              "bowler": "Shadab Khan",
              "non_striker": "Ahmed Shehzad",
              "runs": {
                "batter": 2,
                "extras": 0,
                "total": 2
              }
            }
          ]
        },
        {
          "over": 9,
          "deliveries": [
            {
              "batter": "Ahmed Shehzad",
              "bowler": "Mohammad Sami",
              "extras": {
                "wides": 1
              },
              "non_striker": "KP Pietersen",
              "runs": {
                "batter": 0,
                "extras": 1,
                "total": 1
              }
            },
            {
              "batter": "Ahmed Shehzad",
              "bowler": "Mohammad Sami",
              "non_striker": "KP Pietersen",
              "runs": {
                "batter": 4,
                "extras": 0,
                "total": 4
              }
            },
            {
              "batter": "Ahmed Shehzad",
              "bowler": "Mohammad Sami",
              "non_striker": "KP Pietersen",
              "runs": {
                "batter": 1,
                "extras": 0,
                "total": 1
              }
            },
            {
              "batter": "KP Pietersen",
              "bowler": "Mohammad Sami",
              "non_striker": "Ahmed Shehzad",
              "runs": {
                "batter": 2,
                "extras": 0,
                "total": 2
              }
            },
            {
              "batter": "KP Pietersen",
              "bowler": "Mohammad Sami",
              "non_striker": "Ahmed Shehzad",
              "runs": {
                "batter": 0,
                "extras": 0,
                "total": 0
              }
            },
            {
              "batter": "KP Pietersen",
              "bowler": "Mohammad Sami",
              "non_striker": "Ahmed Shehzad",
              "runs": {
                "batter": 1,
                "extras": 0,
                "total": 1
              }
            },
            {
              "batter": "Ahmed Shehzad",
              "bowler": "Mohammad Sami",
              "non_striker": "KP Pietersen",
              "runs": {
                "batter": 2,
                "extras": 0,
                "total": 2
              }
            }
          ]
        },
        {
          "over": 10,
          "deliveries": [
            {
              "batter": "KP Pietersen",
              "bowler": "S Badree",
              "non_striker": "Ahmed Shehzad",
              "runs": {
                "batter": 4,
                "extras": 0,
                "total": 4
              }
            },
            {
              "batter": "KP Pietersen",
              "bowler": "S Badree",
              "non_striker": "Ahmed Shehzad",
              "runs": {
                "batter": 6,
                "extras": 0,
                "total": 6
              }
            },
            {
              "batter": "KP Pietersen",
              "bowler": "S Badree",
              "non_striker": "Ahmed Shehzad",
              "runs": {
                "batter": 4,
                "extras": 0,
                "total": 4
              }
            },
            {
              "batter": "KP Pietersen",
              "bowler": "S Badree",
              "non_striker": "Ahmed Shehzad",
              "runs": {
                "batter": 2,
                "extras": 0,
                "total": 2
              }
            },
            {
              "batter": "KP Pietersen",
              "bowler": "S Badree",
              "non_striker": "Ahmed Shehzad",
              "runs": {
                "batter": 0,
                "extras": 0,
                "total": 0
              }
            },
            {
              "batter": "KP Pietersen",
              "bowler": "S Badree",
              "non_striker": "Ahmed Shehzad",
              "runs": {
                "batter": 1,
                "extras": 0,
                "total": 1
              }
            }
          ]
        },
        {
          "over": 11,
          "deliveries": [
            {
              "batter": "KP Pietersen",
              "bowler": "Rumman Raees",
              "non_striker": "Ahmed Shehzad",
              "runs": {
                "batter": 0,
                "extras": 0,
                "total": 0
              }
            },
            {
              "batter": "KP Pietersen",
              "bowler": "Rumman Raees",
              "non_striker": "Ahmed Shehzad",
              "runs": {
                "batter": 1,
                "extras": 0,
                "total": 1
              }
            },
            {
              "batter": "Ahmed Shehzad",
              "bowler": "Rumman Raees",
              "non_striker": "KP Pietersen",
              "runs": {
                "batter": 0,
                "extras": 0,
                "total": 0
              }
            },
            {
              "batter": "Ahmed Shehzad",
              "bowler": "Rumman Raees",
              "non_striker": "KP Pietersen",
              "runs": {
                "batter": 0,
                "extras": 0,
                "total": 0
              }
            },
            {
              "batter": "Ahmed Shehzad",
              "bowler": "Rumman Raees",
              "non_striker": "KP Pietersen",
              "runs": {
                "batter": 1,
                "extras": 0,
                "total": 1
              }
            },
            {
              "batter": "KP Pietersen",
              "bowler": "Rumman Raees",
              "non_striker": "Ahmed Shehzad",
              "runs": {
                "batter": 0,
                "extras": 0,
                "total": 0
              }
            }
          ]
        },
        {
          "over": 12,
          "deliveries": [
            {
              "batter": "Ahmed Shehzad",
              "bowler": "Mohammad Irfan",
              "non_striker": "KP Pietersen",
              "runs": {
                "batter": 1,
                "extras": 0,
                "total": 1
              }
            },
            {
              "batter": "KP Pietersen",
              "bowler": "Mohammad Irfan",
              "non_striker": "Ahmed Shehzad",
              "runs": {
                "batter": 1,
                "extras": 0,
                "total": 1
              }
            },
            {
              "batter": "Ahmed Shehzad",
              "bowler": "Mohammad Irfan",
              "non_striker": "KP Pietersen",
              "runs": {
                "batter": 0,
                "extras": 0,
                "total": 0
              }
            },
            {
              "batter": "Ahmed Shehzad",
              "bowler": "Mohammad Irfan",
              "non_striker": "KP Pietersen",
              "runs": {
                "batter": 1,
                "extras": 0,
                "total": 1
              }
            },
            {
              "batter": "KP Pietersen",
              "bowler": "Mohammad Irfan",
              "non_striker": "Ahmed Shehzad",
              "runs": {
                "batter": 0,
                "extras": 0,
                "total": 0
              }
            },
            {
              "batter": "KP Pietersen",
              "bowler": "Mohammad Irfan",
              "non_striker": "Ahmed Shehzad",
              "runs": {
                "batter": 0,
                "extras": 0,
                "total": 0
              }
            }
          ]
        },
        {
          "over": 13,
          "deliveries": [
            {
              "batter": "Ahmed Shehzad",
              "bowler": "Rumman Raees",
              "non_striker": "KP Pietersen",
              "runs": {
                "batter": 1,
                "extras": 0,
                "total": 1
              }
            },
            {
              "batter": "KP Pietersen",
              "bowler": "Rumman Raees",
              "non_striker": "Ahmed Shehzad",
              "runs": {
                "batter": 1,
                "extras": 0,
                "total": 1
              }
            },
            {
              "batter": "Ahmed Shehzad",
              "bowler": "Rumman Raees",
              "non_striker": "KP Pietersen",
              "runs": {
                "batter": 1,
                "extras": 0,
                "total": 1
              }
            },
            {
              "batter": "KP Pietersen",
              "bowler": "Rumman Raees",
              "non_striker": "Ahmed Shehzad",
              "runs": {
                "batter": 6,
                "extras": 0,
                "total": 6
              }
            },
            {
              "batter": "KP Pietersen",
              "bowler": "Rumman Raees",
              "extras": {
                "wides": 1
              },
              "non_striker": "Ahmed Shehzad",
              "runs": {
                "batter": 0,
                "extras": 1,
                "total": 1
              }
            },
            {
              "batter": "KP Pietersen",
              "bowler": "Rumman Raees",
              "non_striker": "Ahmed Shehzad",
              "runs": {
                "batter": 6,
                "extras": 0,
                "total": 6
              }
            },
            {
              "batter": "KP Pietersen",
              "bowler": "Rumman Raees",
              "non_striker": "Ahmed Shehzad",
              "runs": {
                "batter": 1,
                "extras": 0,
                "total": 1
              }
            }
          ]
        },
        {
          "over": 14,
          "deliveries": [
            {
              "batter": "KP Pietersen",
              "bowler": "Shadab Khan",
              "non_striker": "Ahmed Shehzad",
              "runs": {
                "batter": 1,
                "extras": 0,
                "total": 1
              }
            },
            {
              "batter": "Ahmed Shehzad",
              "bowler": "Shadab Khan",
              "non_striker": "KP Pietersen",
              "runs": {
                "batter": 1,
                "extras": 0,
                "total": 1
              }
            },
            {
              "batter": "KP Pietersen",
              "bowler": "Shadab Khan",
              "non_striker": "Ahmed Shehzad",
              "runs": {
                "batter": 2,
                "extras": 0,
                "total": 2
              }
            },
            {
              "batter": "KP Pietersen",
              "bowler": "Shadab Khan",
              "non_striker": "Ahmed Shehzad",
              "runs": {
                "batter": 1,
                "extras": 0,
                "total": 1
              }
            },
            {
              "batter": "Ahmed Shehzad",
              "bowler": "Shadab Khan",
              "extras": {
                "byes": 4
              },
              "non_striker": "KP Pietersen",
              "runs": {
                "batter": 0,
                "extras": 4,
                "total": 4
              }
            },
            {
              "batter": "Ahmed Shehzad",
              "bowler": "Shadab Khan",
              "non_striker": "KP Pietersen",
              "runs": {
                "batter": 1,
                "extras": 0,
                "total": 1
              }
            }
          ]
        },
        {
          "over": 15,
          "deliveries": [
            {
              "batter": "Ahmed Shehzad",
              "bowler": "SR Watson",
              "non_striker": "KP Pietersen",
              "runs": {
                "batter": 1,
                "extras": 0,
                "total": 1
              }
            },
            {
              "batter": "KP Pietersen",
              "bowler": "SR Watson",
              "non_striker": "Ahmed Shehzad",
              "runs": {
                "batter": 1,
                "extras": 0,
                "total": 1
              }
            },
            {
              "batter": "Ahmed Shehzad",
              "bowler": "SR Watson",
              "non_striker": "KP Pietersen",
              "runs": {
                "batter": 1,
                "extras": 0,
                "total": 1
              }
            },
            {
              "batter": "KP Pietersen",
              "bowler": "SR Watson",
              "non_striker": "Ahmed Shehzad",
              "runs": {
                "batter": 4,
                "extras": 0,
                "total": 4
              }
            },
            {
              "batter": "KP Pietersen",
              "bowler": "SR Watson",
              "non_striker": "Ahmed Shehzad",
              "runs": {
                "batter": 2,
                "extras": 0,
                "total": 2
              }
            },
            {
              "batter": "KP Pietersen",
              "bowler": "SR Watson",
              "non_striker": "Ahmed Shehzad",
              "runs": {
                "batter": 1,
                "extras": 0,
                "total": 1
              }
            }
          ]
        },
        {
          "over": 16,
          "deliveries": [
            {
              "batter": "KP Pietersen",
              "bowler": "Shadab Khan",
              "non_striker": "Ahmed Shehzad",
              "runs": {
                "batter": 1,
                "extras": 0,
                "total": 1
              }
            },
            {
              "batter": "Ahmed Shehzad",
              "bowler": "Shadab Khan",
              "non_striker": "KP Pietersen",
              "runs": {
                "batter": 1,
                "extras": 0,
                "total": 1
              }
            },
            {
              "batter": "KP Pietersen",
              "bowler": "Shadab Khan",
              "extras": {
                "byes": 4
              },
              "non_striker": "Ahmed Shehzad",
              "runs": {
                "batter": 0,
                "extras": 4,
                "total": 4
              }
            },
            {
              "batter": "KP Pietersen",
              "bowler": "Shadab Khan",
              "non_striker": "Ahmed Shehzad",
              "runs": {
                "batter": 1,
                "extras": 0,
                "total": 1
              }
            },
            {
              "batter": "Ahmed Shehzad",
              "bowler": "Shadab Khan",
              "non_striker": "KP Pietersen",
              "runs": {
                "batter": 1,
                "extras": 0,
                "total": 1
              }
            },
            {
              "batter": "KP Pietersen",
              "bowler": "Shadab Khan",
              "non_striker": "Ahmed Shehzad",
              "runs": {
                "batter": 0,
                "extras": 0,
                "total": 0
              },
              "wickets": [
                {
                  "kind": "lbw",
                  "player_out": "KP Pietersen"
                }
              ]
            }
          ]
        },
        {
          "over": 17,
          "deliveries": [
            {
              "batter": "Ahmed Shehzad",
              "bowler": "Mohammad Sami",
              "non_striker": "RR Rossouw",
              "runs": {
                "batter": 0,
                "extras": 0,
                "total": 0
              },
              "wickets": [
                {
                  "kind": "caught",
                  "player_out": "Ahmed Shehzad",
                  "fielders": [
                    {
                      "name": "Shadab Khan"
                    }
                  ]
                }
              ]
            },
            {
              "batter": "Sarfraz Ahmed",
              "bowler": "Mohammad Sami",
              "extras": {
                "wides": 1
              },
              "non_striker": "RR Rossouw",
              "runs": {
                "batter": 0,
                "extras": 1,
                "total": 1
              }
            },
            {
              "batter": "Sarfraz Ahmed",
              "bowler": "Mohammad Sami",
              "non_striker": "RR Rossouw",
              "runs": {
                "batter": 2,
                "extras": 0,
                "total": 2
              }
            },
            {
              "batter": "Sarfraz Ahmed",
              "bowler": "Mohammad Sami",
              "non_striker": "RR Rossouw",
              "runs": {
                "batter": 1,
                "extras": 0,
                "total": 1
              }
            },
            {
              "batter": "RR Rossouw",
              "bowler": "Mohammad Sami",
              "non_striker": "Sarfraz Ahmed",
              "runs": {
                "batter": 0,
                "extras": 0,
                "total": 0
              }
            },
            {
              "batter": "RR Rossouw",
              "bowler": "Mohammad Sami",
              "non_striker": "Sarfraz Ahmed",
              "runs": {
                "batter": 4,
                "extras": 0,
                "total": 4
              }
            },
            {
              "batter": "RR Rossouw",
              "bowler": "Mohammad Sami",
              "non_striker": "Sarfraz Ahmed",
              "runs": {
                "batter": 2,
                "extras": 0,
                "total": 2
              }
            }
          ]
        },
        {
          "over": 18,
          "deliveries": [
            {
              "batter": "Sarfraz Ahmed",
              "bowler": "Rumman Raees",
              "non_striker": "RR Rossouw",
              "runs": {
                "batter": 0,
                "extras": 0,
                "total": 0
              }
            },
            {
              "batter": "Sarfraz Ahmed",
              "bowler": "Rumman Raees",
              "non_striker": "RR Rossouw",
              "runs": {
                "batter": 0,
                "extras": 0,
                "total": 0
              },
              "wickets": [
                {
                  "kind": "caught",
                  "player_out": "Sarfraz Ahmed",
                  "fielders": [
                    {
                      "name": "Hussain Talat"
                    }
                  ]
                }
              ]
            },
            {
              "batter": "RR Rossouw",
              "bowler": "Rumman Raees",
              "non_striker": "Anwar Ali",
              "runs": {
                "batter": 0,
                "extras": 0,
                "total": 0
              }
            },
            {
              "batter": "RR Rossouw",
              "bowler": "Rumman Raees",
              "non_striker": "Anwar Ali",
              "runs": {
                "batter": 1,
                "extras": 0,
                "total": 1
              }
            },
            {
              "batter": "Anwar Ali",
              "bowler": "Rumman Raees",
              "non_striker": "RR Rossouw",
              "runs": {
                "batter": 0,
                "extras": 0,
                "total": 0
              }
            },
            {
              "batter": "Anwar Ali",
              "bowler": "Rumman Raees",
              "non_striker": "RR Rossouw",
              "runs": {
                "batter": 1,
                "extras": 0,
                "total": 1
              }
            }
          ]
        },
        {
          "over": 19,
          "deliveries": [
            {
              "batter": "Anwar Ali",
              "bowler": "Mohammad Sami",
              "non_striker": "RR Rossouw",
              "runs": {
                "batter": 0,
                "extras": 0,
                "total": 0
              }
            },
            {
              "batter": "Anwar Ali",
              "bowler": "Mohammad Sami",
              "non_striker": "RR Rossouw",
              "runs": {
                "batter": 0,
                "extras": 0,
                "total": 0
              }
            },
            {
              "batter": "Anwar Ali",
              "bowler": "Mohammad Sami",
              "non_striker": "RR Rossouw",
              "runs": {
                "batter": 1,
                "extras": 0,
                "total": 1
              }
            },
            {
              "batter": "RR Rossouw",
              "bowler": "Mohammad Sami",
              "non_striker": "Anwar Ali",
              "runs": {
                "batter": 0,
                "extras": 0,
                "total": 0
              }
            },
            {
              "batter": "RR Rossouw",
              "bowler": "Mohammad Sami",
              "non_striker": "Anwar Ali",
              "runs": {
                "batter": 1,
                "extras": 0,
                "total": 1
              },
              "wickets": [
                {
                  "kind": "run out",
                  "player_out": "Anwar Ali",
                  "fielders": [
                    {
                      "name": "DR Smith"
                    }
                  ]
                }
              ]
            },
            {
              "batter": "RR Rossouw",
              "bowler": "Mohammad Sami",
              "non_striker": "NLTC Perera",
              "runs": {
                "batter": 1,
                "extras": 0,
                "total": 1
              }
            }
          ]
        }
      ],
      "powerplays": [
        {
          "from": 0.1,
          "to": 5.6,
          "type": "mandatory"
        }
      ],
      "target": {
        "overs": 20,
        "runs": 166
      }
    }
  ]
}