{
  "meta": {
    "data_version": "1.0.0",
    "created": "2019-04-27",
    "revision": 2
  },
  "info": {
    "balls_per_over": 6,
    "city": "Dubai",
    "dates": [
      "2018-03-08"
    ],
    "event": {
      "name": "Pakistan Super League",
      "match_number": 19
    },
    "gender": "male",
    "match_type": "T20",
    "officials": {
      "match_referees": [
        "RS Mahanama"
      ],
      "reserve_umpires": [
        "Khalid Mahmood"
      ],
      "tv_umpires": [
        "Ahmed Shahab"
      ],
      "umpires": [
        "Asif Yaqoob",
        "Shozab Raza"
      ]
    },
    "outcome": {
      "winner": "Quetta Gladiators",
      "by": {
        "runs": 67
      }
    },
    "overs": 20,
    "player_of_match": [
      "SR Watson"
    ],
    "players": {
      "Quetta Gladiators": [
        "Asad Shafiq",
        "SR Watson",
        "KP Pietersen",
        "RR Rossouw",
        "Anwar Ali",
        "Rameez Raja (2)",
        "Sarfraz Ahmed",
        "Mohammad Nawaz (3)",
        "Hassan Khan",
        "B Laughlin",
        "Rahat Ali"
      ],
      "Karachi Kings": [
        "JL Denly",
        "Shahid Afridi",
        "CA Ingram",
        "Babar Azam",
        "RS Bopara",
        "Imad Wasim",
        "Mohammad Rizwan",
        "D Wiese",
        "Mohammad Irfan (4)",
        "Mohammad Amir",
        "Usman Shinwari"
      ]
    },
    "registry": {
      "people": {
        "Ahmed Shahab": "86a1918c",
        "Anwar Ali": "eb2d5fe7",
        "Asad Shafiq": "50250426",
        "Asif Yaqoob": "6b35790c",
        "B Laughlin": "b2a79f17",
        "Babar Azam": "8a75e999",
        "CA Ingram": "c995d726",
        "D Wiese": "aa8d28ae",
        "Hassan Khan": "486065b3",
        "Imad Wasim": "9cb8d7a6",
        "JL Denly": "bdadf7da",
        "KP Pietersen": "39f01cdb",
        "Khalid Mahmood": "0b06b921",
        "Mohammad Amir": "e174dadd",
        "Mohammad Irfan (4)": "1bf9a8ef",
        "Mohammad Nawaz (3)": "3086f7a4",
        "Mohammad Rizwan": "2f26ac1a",
        "RR Rossouw": "cad00a4d",
        "RS Bopara": "7ca5e05d",
        "RS Mahanama": "57910393",
        "Rahat Ali": "a63775d6",
        "Rameez Raja (2)": "e191bf68",
        "SR Watson": "4329fbb5",
        "Sarfraz Ahmed": "2254ab79",
        "Shahid Afridi": "0dc00542",
        "Shozab Raza": "153c67dc",
        "Usman Shinwari": "f0e722e0"
      }
    },
    "season": "2017/18",
    "team_type": "club",
    "teams": [
      "Karachi Kings",
      "Quetta Gladiators"
    ],
    "toss": {
      "decision": "field",
      "winner": "Karachi Kings"
    },
    "venue": "Dubai International Cricket Stadium"
  },
  "innings": [
    {
      "team": "Quetta Gladiators",
      "overs": [
        {
          "over": 0,
          "deliveries": [
            {
              "batter": "Asad Shafiq",
              "bowler": "Imad Wasim",
              "non_striker": "SR Watson",
              "runs": {
                "batter": 1,
                "extras": 0,
                "total": 1
              }
            },
            {
              "batter": "SR Watson",
              "bowler": "Imad Wasim",
              "non_striker": "Asad Shafiq",
              "runs": {
                "batter": 2,
                "extras": 0,
                "total": 2
              }
            },
            {
              "batter": "SR Watson",
              "bowler": "Imad Wasim",
              "non_striker": "Asad Shafiq",
              "runs": {
                "batter": 4,
                "extras": 0,
                "total": 4
              }
            },
            {
              "batter": "SR Watson",
              "bowler": "Imad Wasim",
              "non_striker": "Asad Shafiq",
              "runs": {
                "batter": 0,
                "extras": 0,
                "total": 0
              }
            },
            {
              "batter": "SR Watson",
              "bowler": "Imad Wasim",
              "non_striker": "Asad Shafiq",
              "runs": {
                "batter": 0,
                "extras": 0,
                "total": 0
              }
            },
            {
              "batter": "SR Watson",
              "bowler": "Imad Wasim",
              "non_striker": "Asad Shafiq",
              "runs": {
                "batter": 0,
                "extras": 0,
                "total": 0
              }
            }
          ]
        },
        {
          "over": 1,
          "deliveries": [
            {
              "batter": "Asad Shafiq",
              "bowler": "Mohammad Amir",
              "non_striker": "SR Watson",
              "runs": {
                "batter": 0,
                "extras": 0,
                "total": 0
              }
            },
            {
              "batter": "Asad Shafiq",
              "bowler": "Mohammad Amir",
              "non_striker": "SR Watson",
              "runs": {
                "batter": 1,
                "extras": 0,
                "total": 1
              }
            },
            {
              "batter": "SR Watson",
              "bowler": "Mohammad Amir",
              "non_striker": "Asad Shafiq",
              "runs": {
                "batter": 0,
                "extras": 0,
                "total": 0
              }
            },
            {
              "batter": "SR Watson",
              "bowler": "Mohammad Amir",
              "non_striker": "Asad Shafiq",
              "runs": {
                "batter": 0,
                "extras": 0,
                "total": 0
              }
            },
            {
              "batter": "SR Watson",
              "bowler": "Mohammad Amir",
              "non_striker": "Asad Shafiq",
              "runs": {
                "batter": 0,
                "extras": 0,
                "total": 0
              }
            },
            {
              "batter": "SR Watson",
              "bowler": "Mohammad Amir",
              "non_striker": "Asad Shafiq",
              "runs": {
                "batter": 1,
                "extras": 0,
                "total": 1
              }
            }
          ]
        },
        {
          "over": 2,
          "deliveries": [
            {
              "batter": "SR Watson",
              "bowler": "Imad Wasim",
              "non_striker": "Asad Shafiq",
              "runs": {
                "batter": 0,
                "extras": 0,
                "total": 0
              }
            },
            {
              "batter": "SR Watson",
              "bowler": "Imad Wasim",
              "non_striker": "Asad Shafiq",
              "runs": {
                "batter": 6,
                "extras": 0,
                "total": 6
              }
            },
            {
              "batter": "SR Watson",
              "bowler": "Imad Wasim",
              "non_striker": "Asad Shafiq",
              "runs": {
                "batter": 0,
                "extras": 0,
                "total": 0
              }
            },
            {
              "batter": "SR Watson",
              "bowler": "Imad Wasim",
              "non_striker": "Asad Shafiq",
              "runs": {
                "batter": 0,
                "extras": 0,
                "total": 0
              }
            },
            {
              "batter": "SR Watson",
              "bowler": "Imad Wasim",
              "non_striker": "Asad Shafiq",
              "runs": {
                "batter": 6,
                "extras": 0,
                "total": 6
              }
            },
            {
              "batter": "SR Watson",
              "bowler": "Imad Wasim",
              "non_striker": "Asad Shafiq",
              "runs": {
                "batter": 6,
                "extras": 0,
                "total": 6
              }
            }
          ]
        },
        {
          "over": 3,
          "deliveries": [
            {
              "batter": "Asad Shafiq",
              "bowler": "Mohammad Amir",
              "non_striker": "SR Watson",
              "runs": {
                "batter": 2,
                "extras": 0,
                "total": 2
              }
            },
            {
              "batter": "Asad Shafiq",
              "bowler": "Mohammad Amir",
              "non_striker": "SR Watson",
              "runs": {
                "batter": 1,
                "extras": 0,
                "total": 1
              }
            },
            {
              "batter": "SR Watson",
              "bowler": "Mohammad Amir",
              "non_striker": "Asad Shafiq",
              "runs": {
                "batter": 0,
                "extras": 0,
                "total": 0
              }
            },
            {
              "batter": "SR Watson",
              "bowler": "Mohammad Amir",
              "non_striker": "Asad Shafiq",
              "runs": {
                "batter": 4,
                "extras": 0,
                "total": 4
              }
            },
            {
              "batter": "SR Watson",
              "bowler": "Mohammad Amir",
              "non_striker": "Asad Shafiq",
              "runs": {
                "batter": 0,
                "extras": 0,
                "total": 0
              }
            },
            {
              "batter": "SR Watson",
              "bowler": "Mohammad Amir",
              "non_striker": "Asad Shafiq",
              "runs": {
                "batter": 0,
                "extras": 0,
                "total": 0
              }
            }
          ]
        },
        {
          "over": 4,
          "deliveries": [
            {
              "batter": "Asad Shafiq",
              "bowler": "Usman Shinwari",
              "non_striker": "SR Watson",
              "runs": {
                "batter": 0,
                "extras": 0,
                "total": 0
              }
            },
            {
              "batter": "Asad Shafiq",
              "bowler": "Usman Shinwari",
              "non_striker": "SR Watson",
              "runs": {
                "batter": 1,
                "extras": 0,
                "total": 1
              }
            },
            {
              "batter": "SR Watson",
              "bowler": "Usman Shinwari",
              "non_striker": "Asad Shafiq",
              "runs": {
                "batter": 0,
                "extras": 0,
                "total": 0
              }
            },
            {
              "batter": "SR Watson",
              "bowler": "Usman Shinwari",
              "non_striker": "Asad Shafiq",
              "runs": {
                "batter": 1,
                "extras": 0,
                "total": 1
              }
            },
            {
              "batter": "Asad Shafiq",
              "bowler": "Usman Shinwari",
              "non_striker": "SR Watson",
              "runs": {
                "batter": 0,
                "extras": 0,
                "total": 0
              }
            },
            {
              "batter": "Asad Shafiq",
              "bowler": "Usman Shinwari",
              "non_striker": "SR Watson",
              "runs": {
                "batter": 1,
                "extras": 0,
                "total": 1
              }
            }
          ]
        },
        {
          "over": 5,
          "deliveries": [
            {
              "batter": "Asad Shafiq",
              "bowler": "Mohammad Irfan (4)",
              "non_striker": "SR Watson",
              "runs": {
                "batter": 0,
                "extras": 0,
                "total": 0
              }
            },
            {
              "batter": "Asad Shafiq",
              "bowler": "Mohammad Irfan (4)",
              "non_striker": "SR Watson",
              "runs": {
                "batter": 1,
                "extras": 0,
                "total": 1
              }
            },
            {
              "batter": "SR Watson",
              "bowler": "Mohammad Irfan (4)",
              "non_striker": "Asad Shafiq",
              "runs": {
                "batter": 4,
                "extras": 0,
                "total": 4
              }
            },
            {
              "batter": "SR Watson",
              "bowler": "Mohammad Irfan (4)",
              "non_striker": "Asad Shafiq",
              "runs": {
                "batter": 0,
                "extras": 0,
                "total": 0
              }
            },
            {
              "batter": "SR Watson",
              "bowler": "Mohammad Irfan (4)",
              "non_striker": "Asad Shafiq",
              "runs": {
                "batter": 6,
                "extras": 0,
                "total": 6
              }
            },
            {
              "batter": "SR Watson",
              "bowler": "Mohammad Irfan (4)",
              "non_striker": "Asad Shafiq",
              "runs": {
                "batter": 4,
                "extras": 0,
                "total": 4
              }
            }
          ]
        },
        {
          "over": 6,
          "deliveries": [
            {
              "batter": "Asad Shafiq",
              "bowler": "Shahid Afridi",
              "non_striker": "SR Watson",
              "runs": {
                "batter": 4,
                "extras": 0,
                "total": 4
              }
            },
            {
              "batter": "Asad Shafiq",
              "bowler": "Shahid Afridi",
              "non_striker": "SR Watson",
              "runs": {
                "batter": 4,
                "extras": 0,
                "total": 4
              }
            },
            {
              "batter": "Asad Shafiq",
              "bowler": "Shahid Afridi",
              "non_striker": "SR Watson",
              "runs": {
                "batter": 0,
                "extras": 0,
                "total": 0
              }
            },
            {
              "batter": "Asad Shafiq",
              "bowler": "Shahid Afridi",
              "non_striker": "SR Watson",
              "runs": {
                "batter": 0,
                "extras": 0,
                "total": 0
              }
            },
            {
              "batter": "Asad Shafiq",
              "bowler": "Shahid Afridi",
              "non_striker": "SR Watson",
              "runs": {
                "batter": 0,
                "extras": 0,
                "total": 0
              },
              "wickets": [
                {
                  "player_out": "Asad Shafiq",
                  "kind": "lbw"
                }
              ]
            },
            {
              "batter": "KP Pietersen",
              "bowler": "Shahid Afridi",
              "non_striker": "SR Watson",
              "runs": {
                "batter": 1,
                "extras": 0,
                "total": 1
              }
            }
          ]
        },
        {
          "over": 7,
          "deliveries": [
            {
              "batter": "KP Pietersen",
              "bowler": "Usman Shinwari",
              "non_striker": "SR Watson",
              "runs": {
                "batter": 0,
                "extras": 0,
                "total": 0
              }
            },
            {
              "batter": "KP Pietersen",
              "bowler": "Usman Shinwari",
              "non_striker": "SR Watson",
              "runs": {
                "batter": 1,
                "extras": 0,
                "total": 1
              }
            },
            {
              "batter": "SR Watson",
              "bowler": "Usman Shinwari",
              "non_striker": "KP Pietersen",
              "runs": {
                "batter": 0,
                "extras": 0,
                "total": 0
              }
            },
            {
              "batter": "SR Watson",
              "bowler": "Usman Shinwari",
              "non_striker": "KP Pietersen",
              "runs": {
                "batter": 1,
                "extras": 0,
                "total": 1
              }
            },
            {
              "batter": "KP Pietersen",
              "bowler": "Usman Shinwari",
              "non_striker": "SR Watson",
              "runs": {
                "batter": 4,
                "extras": 0,
                "total": 4
              }
            },
            {
              "batter": "KP Pietersen",
              "bowler": "Usman Shinwari",
              "non_striker": "SR Watson",
              "runs": {
                "batter": 1,
                "extras": 0,
                "total": 1
              }
            }
          ]
        },
        {
          "over": 8,
          "deliveries": [
            {
              "batter": "KP Pietersen",
              "bowler": "Shahid Afridi",
              "non_striker": "SR Watson",
              "runs": {
                "batter": 0,
                "extras": 0,
                "total": 0
              }
            },
            {
              "batter": "KP Pietersen",
              "bowler": "Shahid Afridi",
              "non_striker": "SR Watson",
              "runs": {
                "batter": 1,
                "extras": 0,
                "total": 1
              }
            },
            {
              "batter": "SR Watson",
              "bowler": "Shahid Afridi",
              "non_striker": "KP Pietersen",
              "runs": {
                "batter": 2,
                "extras": 0,
                "total": 2
              }
            },
            {
              "batter": "SR Watson",
              "bowler": "Shahid Afridi",
              "non_striker": "KP Pietersen",
              "runs": {
                "batter": 0,
                "extras": 0,
                "total": 0
              }
            },
            {
              "batter": "SR Watson",
              "bowler": "Shahid Afridi",
              "non_striker": "KP Pietersen",
              "runs": {
                "batter": 1,
                "extras": 0,
                "total": 1
              }
            },
            {
              "batter": "KP Pietersen",
              "bowler": "Shahid Afridi",
              "non_striker": "SR Watson",
              "runs": {
                "batter": 1,
                "extras": 0,
                "total": 1
              }
            }
          ]
        },
        {
          "over": 9,
          "deliveries": [
            {
              "batter": "KP Pietersen",
              "bowler": "D Wiese",
              "non_striker": "SR Watson",
              "runs": {
                "batter": 0,
                "extras": 0,
                "total": 0
              }
            },
            {
              "batter": "KP Pietersen",
              "bowler": "D Wiese",
              "non_striker": "SR Watson",
              "runs": {
                "batter": 0,
                "extras": 0,
                "total": 0
              }
            },
            {
              "batter": "KP Pietersen",
              "bowler": "D Wiese",
              "non_striker": "SR Watson",
              "runs": {
                "batter": 1,
                "extras": 0,
                "total": 1
              }
            },
            {
              "batter": "SR Watson",
              "bowler": "D Wiese",
              "non_striker": "KP Pietersen",
              "runs": {
                "batter": 1,
                "extras": 0,
                "total": 1
              }
            },
            {
              "batter": "KP Pietersen",
              "bowler": "D Wiese",
              "non_striker": "SR Watson",
              "runs": {
                "batter": 4,
                "extras": 0,
                "total": 4
              }
            },
            {
              "batter": "KP Pietersen",
              "bowler": "D Wiese",
              "non_striker": "SR Watson",
              "runs": {
                "batter": 6,
                "extras": 0,
                "total": 6
              }
            }
          ]
        },
        {
          "over": 10,
          "deliveries": [
            {
              "batter": "SR Watson",
              "bowler": "Shahid Afridi",
              "non_striker": "KP Pietersen",
              "runs": {
                "batter": 0,
                "extras": 0,
                "total": 0
              }
            },
            {
              "batter": "SR Watson",
              "bowler": "Shahid Afridi",
              "non_striker": "KP Pietersen",
              "runs": {
                "batter": 0,
                "extras": 0,
                "total": 0
              }
            },
            {
              "batter": "SR Watson",
              "bowler": "Shahid Afridi",
              "non_striker": "KP Pietersen",
              "runs": {
                "batter": 1,
                "extras": 0,
                "total": 1
              }
            },
            {
              "batter": "KP Pietersen",
              "bowler": "Shahid Afridi",
              "non_striker": "SR Watson",
              "runs": {
                "batter": 4,
                "extras": 0,
                "total": 4
              }
            },
            {
              "batter": "KP Pietersen",
              "bowler": "Shahid Afridi",
              "non_striker": "SR Watson",
              "runs": {
                "batter": 4,
                "extras": 0,
                "total": 4
              }
            },
            {
              "batter": "KP Pietersen",
              "bowler": "Shahid Afridi",
              "non_striker": "SR Watson",
              "runs": {
                "batter": 1,
                "extras": 0,
                "total": 1
              }
            }
          ]
        },
        {
          "over": 11,
          "deliveries": [
            {
              "batter": "KP Pietersen",
              "bowler": "D Wiese",
              "non_striker": "SR Watson",
              "runs": {
                "batter": 1,
                "extras": 0,
                "total": 1
              }
            },
            {
              "batter": "SR Watson",
              "bowler": "D Wiese",
              "non_striker": "KP Pietersen",
              "runs": {
                "batter": 1,
                "extras": 0,
                "total": 1
              }
            },
            {
              "batter": "KP Pietersen",
              "bowler": "D Wiese",
              "non_striker": "SR Watson",
              "runs": {
                "batter": 0,
                "extras": 0,
                "total": 0
              }
            },
            {
              "batter": "KP Pietersen",
              "bowler": "D Wiese",
              "non_striker": "SR Watson",
              "runs": {
                "batter": 1,
                "extras": 0,
                "total": 1
              }
            },
            {
              "batter": "SR Watson",
              "bowler": "D Wiese",
              "non_striker": "KP Pietersen",
              "runs": {
                "batter": 1,
                "extras": 0,
                "total": 1
              }
            },
            {
              "batter": "KP Pietersen",
              "bowler": "D Wiese",
              "non_striker": "SR Watson",
              "runs": {
                "batter": 4,
                "extras": 0,
                "total": 4
              }
            }
          ]
        },
        {
          "over": 12,
          "deliveries": [
            {
              "batter": "SR Watson",
              "bowler": "Shahid Afridi",
              "non_striker": "KP Pietersen",
              "runs": {
                "batter": 1,
                "extras": 0,
                "total": 1
              }
            },
            {
              "batter": "KP Pietersen",
              "bowler": "Shahid Afridi",
              "non_striker": "SR Watson",
              "runs": {
                "batter": 1,
                "extras": 0,
                "total": 1
              }
            },
            {
              "batter": "SR Watson",
              "bowler": "Shahid Afridi",
              "non_striker": "KP Pietersen",
              "runs": {
                "batter": 1,
                "extras": 0,
                "total": 1
              }
            },
            {
              "batter": "KP Pietersen",
              "bowler": "Shahid Afridi",
              "non_striker": "SR Watson",
              "runs": {
                "batter": 0,
                "extras": 0,
                "total": 0
              }
            },
            {
              "batter": "KP Pietersen",
              "bowler": "Shahid Afridi",
              "non_striker": "SR Watson",
              "runs": {
                "batter": 1,
                "extras": 0,
                "total": 1
              }
            },
            {
              "batter": "SR Watson",
              "bowler": "Shahid Afridi",
              "non_striker": "KP Pietersen",
              "runs": {
                "batter": 1,
                "extras": 0,
                "total": 1
              }
            }
          ]
        },
        {
          "over": 13,
          "deliveries": [
            {
              "batter": "SR Watson",
              "bowler": "Mohammad Amir",
              "non_striker": "KP Pietersen",
              "runs": {
                "batter": 6,
                "extras": 0,
                "total": 6
              }
            },
            {
              "batter": "SR Watson",
              "bowler": "Mohammad Amir",
              "non_striker": "KP Pietersen",
              "runs": {
                "batter": 1,
                "extras": 0,
                "total": 1
              }
            },
            {
              "batter": "KP Pietersen",
              "bowler": "Mohammad Amir",
              "non_striker": "SR Watson",
              "runs": {
                "batter": 4,
                "extras": 0,
                "total": 4
              }
            },
            {
              "batter": "KP Pietersen",
              "bowler": "Mohammad Amir",
              "non_striker": "SR Watson",
              "runs": {
                "batter": 1,
                "extras": 0,
                "total": 1
              }
            },
            {
              "batter": "SR Watson",
              "bowler": "Mohammad Amir",
              "non_striker": "KP Pietersen",
              "runs": {
                "batter": 1,
                "extras": 0,
                "total": 1
              }
            },
            {
              "batter": "KP Pietersen",
              "bowler": "Mohammad Amir",
              "non_striker": "SR Watson",
              "runs": {
                "batter": 1,
                "extras": 0,
                "total": 1
              }
            }
          ]
        },
        {
          "over": 14,
          "deliveries": [
            {
              "batter": "KP Pietersen",
              "bowler": "Usman Shinwari",
              "non_striker": "SR Watson",
              "runs": {
                "batter": 0,
                "extras": 0,
                "total": 0
              }
            },
            {
              "batter": "KP Pietersen",
              "bowler": "Usman Shinwari",
              "non_striker": "SR Watson",
              "runs": {
                "batter": 1,
                "extras": 0,
                "total": 1
              }
            },
            {
              "batter": "SR Watson",
              "bowler": "Usman Shinwari",
              "non_striker": "KP Pietersen",
              "runs": {
                "batter": 1,
                "extras": 0,
                "total": 1
              }
            },
            {
              "batter": "KP Pietersen",
              "bowler": "Usman Shinwari",
              "non_striker": "SR Watson",
              "runs": {
                "batter": 1,
                "extras": 0,
                "total": 1
              }
            },
            {
              "batter": "SR Watson",
              "bowler": "Usman Shinwari",
              "non_striker": "KP Pietersen",
              "runs": {
                "batter": 1,
                "extras": 0,
                "total": 1
              }
            },
            {
              "batter": "KP Pietersen",
              "bowler": "Usman Shinwari",
              "non_striker": "SR Watson",
              "runs": {
                "batter": 4,
                "extras": 0,
                "total": 4
              }
            }
          ]
        },
        {
          "over": 15,
          "deliveries": [
            {
              "batter": "SR Watson",
              "bowler": "Mohammad Irfan (4)",
              "non_striker": "KP Pietersen",
              "runs": {
                "batter": 1,
                "extras": 0,
                "total": 1
              }
            },
            {
              "batter": "KP Pietersen",
              "bowler": "Mohammad Irfan (4)",
              "non_striker": "SR Watson",
              "runs": {
                "batter": 1,
                "extras": 0,
                "total": 1
              }
            },
            {
              "batter": "SR Watson",
              "bowler": "Mohammad Irfan (4)",
              "non_striker": "KP Pietersen",
              "runs": {
                "batter": 6,
                "extras": 0,
                "total": 6
              }
            },
            {
              "batter": "SR Watson",
              "bowler": "Mohammad Irfan (4)",
              "extras": {
                "legbyes": 1
              },
              "non_striker": "KP Pietersen",
              "runs": {
                "batter": 0,
                "extras": 1,
                "total": 1
              }
            },
            {
              "batter": "KP Pietersen",
              "bowler": "Mohammad Irfan (4)",
              "non_striker": "SR Watson",
              "runs": {
                "batter": 1,
                "extras": 0,
                "total": 1
              }
            },
            {
              "batter": "SR Watson",
              "bowler": "Mohammad Irfan (4)",
              "non_striker": "KP Pietersen",
              "runs": {
                "batter": 4,
                "extras": 0,
                "total": 4
              }
            }
          ]
        },
        {
          "over": 16,
          "deliveries": [
            {
              "batter": "KP Pietersen",
              "bowler": "Usman Shinwari",
              "non_striker": "SR Watson",
              "runs": {
                "batter": 1,
                "extras": 0,
                "total": 1
              }
            },
            {
              "batter": "SR Watson",
              "bowler": "Usman Shinwari",
              "non_striker": "KP Pietersen",
              "runs": {
                "batter": 1,
                "extras": 0,
                "total": 1
              }
            },
            {
              "batter": "KP Pietersen",
              "bowler": "Usman Shinwari",
              "non_striker": "SR Watson",
              "runs": {
                "batter": 0,
                "extras": 0,
                "total": 0
              },
              "wickets": [
                {
                  "player_out": "KP Pietersen",
                  "fielders": [
                    {
                      "name": "RS Bopara"
                    }
                  ],
                  "kind": "caught"
                }
              ]
            },
            {
              "batter": "SR Watson",
              "bowler": "Usman Shinwari",
              "non_striker": "RR Rossouw",
              "runs": {
                "batter": 0,
                "extras": 0,
                "total": 0
              }
            },
            {
              "batter": "SR Watson",
              "bowler": "Usman Shinwari",
              "non_striker": "RR Rossouw",
              "runs": {
                "batter": 1,
                "extras": 0,
                "total": 1
              }
            },
            {
              "batter": "RR Rossouw",
              "bowler": "Usman Shinwari",
              "non_striker": "SR Watson",
              "runs": {
                "batter": 1,
                "extras": 0,
                "total": 1
              }
            }
          ]
        },
        {
          "over": 17,
          "deliveries": [
            {
              "batter": "RR Rossouw",
              "bowler": "D Wiese",
              "non_striker": "SR Watson",
              "runs": {
                "batter": 6,
                "extras": 0,
                "total": 6
              }
            },
            {
              "batter": "RR Rossouw",
              "bowler": "D Wiese",
              "non_striker": "SR Watson",
              "runs": {
                "batter": 0,
                "extras": 0,
                "total": 0
              }
            },
            {
              "batter": "RR Rossouw",
              "bowler": "D Wiese",
              "non_striker": "SR Watson",
              "runs": {
                "batter": 4,
                "extras": 0,
                "total": 4
              }
            },
            {
              "batter": "RR Rossouw",
              "bowler": "D Wiese",
              "non_striker": "SR Watson",
              "runs": {
                "batter": 1,
                "extras": 0,
                "total": 1
              }
            },
            {
              "batter": "SR Watson",
              "bowler": "D Wiese",
              "non_striker": "RR Rossouw",
              "runs": {
                "batter": 1,
                "extras": 0,
                "total": 1
              }
            },
            {
              "batter": "RR Rossouw",
              "bowler": "D Wiese",
              "non_striker": "SR Watson",
              "runs": {
                "batter": 1,
                "extras": 0,
                "total": 1
              }
            }
          ]
        },
        {
          "over": 18,
          "deliveries": [
            {
              "batter": "RR Rossouw",
              "bowler": "Mohammad Amir",
              "non_striker": "SR Watson",
              "runs": {
                "batter": 0,
                "extras": 0,
                "total": 0
              },
              "wickets": [
                {
                  "player_out": "RR Rossouw",
                  "fielders": [
                    {
                      "name": "JL Denly"
                    }
                  ],
                  "kind": "caught"
                }
              ]
            },
            {
              "batter": "SR Watson",
              "bowler": "Mohammad Amir",
              "non_striker": "Anwar Ali",
              "runs": {
                "batter": 1,
                "extras": 0,
                "total": 1
              }
            },
            {
              "batter": "Anwar Ali",
              "bowler": "Mohammad Amir",
              "non_striker": "SR Watson",
              "runs": {
                "batter": 1,
                "extras": 0,
                "total": 1
              }
            },
            {
              "batter": "SR Watson",
              "bowler": "Mohammad Amir",
              "non_striker": "Anwar Ali",
              "runs": {
                "batter": 1,
                "extras": 0,
                "total": 1
              }
            },
            {
              "batter": "Anwar Ali",
              "bowler": "Mohammad Amir",
              "non_striker": "SR Watson",
              "runs": {
                "batter": 1,
                "extras": 0,
                "total": 1
              }
            },
            {
              "batter": "SR Watson",
              "bowler": "Mohammad Amir",
              "extras": {
                "wides": 1
              },
              "non_striker": "Anwar Ali",
              "runs": {
                "batter": 0,
                "extras": 1,
                "total": 1
              }
            },
            {
              "batter": "SR Watson",
              "bowler": "Mohammad Amir",
              "non_striker": "Anwar Ali",
              "runs": {
                "batter": 1,
                "extras": 0,
                "total": 1
              }
            }
          ]
        },
        {
          "over": 19,
          "deliveries": [
            {
              "batter": "SR Watson",
              "bowler": "Mohammad Irfan (4)",
              "non_striker": "Anwar Ali",
              "runs": {
                "batter": 6,
                "extras": 0,
                "total": 6
              }
            },
            {
              "batter": "SR Watson",
              "bowler": "Mohammad Irfan (4)",
              "non_striker": "Anwar Ali",
              "runs": {
                "batter": 1,
                "extras": 0,
                "total": 1
              }
            },
            {
              "batter": "Anwar Ali",
              "bowler": "Mohammad Irfan (4)",
              "non_striker": "SR Watson",
              "runs": {
                "batter": 4,
                "extras": 0,
                "total": 4
              }
            },
            {
              "batter": "Anwar Ali",
              "bowler": "Mohammad Irfan (4)",
              "non_striker": "SR Watson",
              "runs": {
                "batter": 0,
                "extras": 0,
                "total": 0
              },
              "wickets": [
                {
                  "player_out": "Anwar Ali",
                  "fielders": [
                    {
                      "name": "Babar Azam"
                    }
                  ],
                  "kind": "caught"
                }
              ]
            },
            {
              "batter": "SR Watson",
              "bowler": "Mohammad Irfan (4)",
              "non_striker": "Rameez Raja (2)",
              "runs": {
                "batter": 1,
                "extras": 0,
                "total": 1
              }
            },
            {
              "batter": "Rameez Raja (2)",
              "bowler": "Mohammad Irfan (4)",
              "non_striker": "SR Watson",
              "runs": {
                "batter": 1,
                "extras": 0,
                "total": 1
              }
            }
          ]
        }
      ],
      "powerplays": [
        {
          "from": 0.1,
          "to": 5.6,
          "type": "mandatory"
        }
      ]
    },
    {
      "team": "Karachi Kings",
      "overs": [
        {
          "over": 0,
          "deliveries": [
            {
              "batter": "JL Denly",
              "bowler": "Mohammad Nawaz (3)",
              "non_striker": "Shahid Afridi",
              "runs": {
                "batter": 1,
                "extras": 0,
                "total": 1
              }
            },
            {
              "batter": "Shahid Afridi",
              "bowler": "Mohammad Nawaz (3)",
              "non_striker": "JL Denly",
              "runs": {
                "batter": 0,
                "extras": 0,
                "total": 0
              }
            },
            {
              "batter": "Shahid Afridi",
              "bowler": "Mohammad Nawaz (3)",
              "non_striker": "JL Denly",
              "runs": {
                "batter": 0,
                "extras": 0,
                "total": 0
              }
            },
            {
              "batter": "Shahid Afridi",
              "bowler": "Mohammad Nawaz (3)",
              "non_striker": "JL Denly",
              "runs": {
                "batter": 1,
                "extras": 0,
                "total": 1
              }
            },
            {
              "batter": "JL Denly",
              "bowler": "Mohammad Nawaz (3)",
              "non_striker": "Shahid Afridi",
              "runs": {
                "batter": 0,
                "extras": 0,
                "total": 0
              }
            },
            {
              "batter": "JL Denly",
              "bowler": "Mohammad Nawaz (3)",
              "non_striker": "Shahid Afridi",
              "runs": {
                "batter": 0,
                "extras": 0,
                "total": 0
              },
              "wickets": [
                {
                  "player_out": "JL Denly",
                  "fielders": [
                    {
                      "name": "Sarfraz Ahmed"
                    }
                  ],
                  "kind": "stumped"
                }
              ]
            }
          ]
        },
        {
          "over": 1,
          "deliveries": [
            {
              "batter": "Shahid Afridi",
              "bowler": "Rahat Ali",
              "non_striker": "CA Ingram",
              "runs": {
                "batter": 0,
                "extras": 0,
                "total": 0
              }
            },
            {
              "batter": "Shahid Afridi",
              "bowler": "Rahat Ali",
              "non_striker": "CA Ingram",
              "runs": {
                "batter": 0,
                "extras": 0,
                "total": 0
              }
            },
            {
              "batter": "Shahid Afridi",
              "bowler": "Rahat Ali",
              "non_striker": "CA Ingram",
              "runs": {
                "batter": 0,
                "extras": 0,
                "total": 0
              },
              "wickets": [
                {
                  "player_out": "Shahid Afridi",
                  "fielders": [
                    {
                      "name": "B Laughlin"
                    }
                  ],
                  "kind": "caught"
                }
              ]
            },
            {
              "batter": "CA Ingram",
              "bowler": "Rahat Ali",
              "non_striker": "Babar Azam",
              "runs": {
                "batter": 0,
                "extras": 0,
                "total": 0
              }
            },
            {
              "batter": "CA Ingram",
              "bowler": "Rahat Ali",
              "non_striker": "Babar Azam",
              "runs": {
                "batter": 4,
                "extras": 0,
                "total": 4
              }
            },
            {
              "batter": "CA Ingram",
              "bowler": "Rahat Ali",
              "non_striker": "Babar Azam",
              "runs": {
                "batter": 0,
                "extras": 0,
                "total": 0
              }
            }
          ]
        },
        {
          "over": 2,
          "deliveries": [
            {
              "batter": "Babar Azam",
              "bowler": "Mohammad Nawaz (3)",
              "non_striker": "CA Ingram",
              "runs": {
                "batter": 0,
                "extras": 0,
                "total": 0
              }
            },
            {
              "batter": "Babar Azam",
              "bowler": "Mohammad Nawaz (3)",
              "non_striker": "CA Ingram",
              "runs": {
                "batter": 2,
                "extras": 0,
                "total": 2
              }
            },
            {
              "batter": "Babar Azam",
              "bowler": "Mohammad Nawaz (3)",
              "non_striker": "CA Ingram",
              "runs": {
                "batter": 0,
                "extras": 0,
                "total": 0
              }
            },
            {
              "batter": "Babar Azam",
              "bowler": "Mohammad Nawaz (3)",
              "non_striker": "CA Ingram",
              "runs": {
                "batter": 4,
                "extras": 0,
                "total": 4
              }
            },
            {
              "batter": "Babar Azam",
              "bowler": "Mohammad Nawaz (3)",
              "non_striker": "CA Ingram",
              "runs": {
                "batter": 0,
                "extras": 0,
                "total": 0
              }
            },
            {
              "batter": "Babar Azam",
              "bowler": "Mohammad Nawaz (3)",
              "non_striker": "CA Ingram",
              "runs": {
                "batter": 1,
                "extras": 0,
                "total": 1
              }
            }
          ]
        },
        {
          "over": 3,
          "deliveries": [
            {
              "batter": "Babar Azam",
              "bowler": "Rahat Ali",
              "non_striker": "CA Ingram",
              "runs": {
                "batter": 4,
                "extras": 0,
                "total": 4
              }
            },
            {
              "batter": "Babar Azam",
              "bowler": "Rahat Ali",
              "non_striker": "CA Ingram",
              "runs": {
                "batter": 0,
                "extras": 0,
                "total": 0
              }
            },
            {
              "batter": "Babar Azam",
              "bowler": "Rahat Ali",
              "non_striker": "CA Ingram",
              "runs": {
                "batter": 0,
                "extras": 0,
                "total": 0
              }
            },
            {
              "batter": "Babar Azam",
              "bowler": "Rahat Ali",
              "non_striker": "CA Ingram",
              "runs": {
                "batter": 0,
                "extras": 0,
                "total": 0
              }
            },
            {
              "batter": "Babar Azam",
              "bowler": "Rahat Ali",
              "non_striker": "CA Ingram",
              "runs": {
                "batter": 2,
                "extras": 0,
                "total": 2
              }
            },
            {
              "batter": "Babar Azam",
              "bowler": "Rahat Ali",
              "non_striker": "CA Ingram",
              "runs": {
                "batter": 4,
                "extras": 0,
                "total": 4
              }
            }
          ]
        },
        {
          "over": 4,
          "deliveries": [
            {
              "batter": "CA Ingram",
              "bowler": "Mohammad Nawaz (3)",
              "non_striker": "Babar Azam",
              "review": {
                "by": "Quetta Gladiators",
                "umpire": "Shozab Raza",
                "batter": "CA Ingram",
                "decision": "struck down",
                "umpires_call": true
              },
              "runs": {
                "batter": 0,
                "extras": 0,
                "total": 0
              }
            },
            {
              "batter": "CA Ingram",
              "bowler": "Mohammad Nawaz (3)",
              "non_striker": "Babar Azam",
              "runs": {
                "batter": 1,
                "extras": 0,
                "total": 1
              }
            },
            {
              "batter": "Babar Azam",
              "bowler": "Mohammad Nawaz (3)",
              "non_striker": "CA Ingram",
              "runs": {
                "batter": 0,
                "extras": 0,
                "total": 0
              }
            },
            {
              "batter": "Babar Azam",
              "bowler": "Mohammad Nawaz (3)",
              "non_striker": "CA Ingram",
              "runs": {
                "batter": 0,
                "extras": 0,
                "total": 0
              }
            },
            {
              "batter": "Babar Azam",
              "bowler": "Mohammad Nawaz (3)",
              "non_striker": "CA Ingram",
              "runs": {
                "batter": 0,
                "extras": 0,
                "total": 0
              }
            },
            {
              "batter": "Babar Azam",
              "bowler": "Mohammad Nawaz (3)",
              "non_striker": "CA Ingram",
              "runs": {
                "batter": 1,
                "extras": 0,
                "total": 1
              }
            }
          ]
        },
        {
          "over": 5,
          "deliveries": [
            {
              "batter": "Babar Azam",
              "bowler": "Hassan Khan",
              "non_striker": "CA Ingram",
              "runs": {
                "batter": 0,
                "extras": 0,
                "total": 0
              }
            },
            {
              "batter": "Babar Azam",
              "bowler": "Hassan Khan",
              "non_striker": "CA Ingram",
              "runs": {
                "batter": 0,
                "extras": 0,
                "total": 0
              }
            },
            {
              "batter": "Babar Azam",
              "bowler": "Hassan Khan",
              "non_striker": "CA Ingram",
              "runs": {
                "batter": 6,
                "extras": 0,
                "total": 6
              }
            },
            {
              "batter": "Babar Azam",
              "bowler": "Hassan Khan",
              "non_striker": "CA Ingram",
              "runs": {
                "batter": 0,
                "extras": 0,
                "total": 0
              }
            },
            {
              "batter": "Babar Azam",
              "bowler": "Hassan Khan",
              "non_striker": "CA Ingram",
              "runs": {
                "batter": 1,
                "extras": 0,
                "total": 1
              }
            },
            {
              "batter": "CA Ingram",
              "bowler": "Hassan Khan",
              "non_striker": "Babar Azam",
              "runs": {
                "batter": 0,
                "extras": 0,
                "total": 0
              },
              "wickets": [
                {
                  "player_out": "CA Ingram",
                  "fielders": [
                    {
                      "name": "Mohammad Nawaz (3)"
                    }
                  ],
                  "kind": "caught"
                }
              ]
            }
          ]
        },
        {
          "over": 6,
          "deliveries": [
            {
              "batter": "Babar Azam",
              "bowler": "B Laughlin",
              "non_striker": "RS Bopara",
              "runs": {
                "batter": 1,
                "extras": 0,
                "total": 1
              }
            },
            {
              "batter": "RS Bopara",
              "bowler": "B Laughlin",
              "non_striker": "Babar Azam",
              "runs": {
                "batter": 0,
                "extras": 0,
                "total": 0
              },
              "wickets": [
                {
                  "player_out": "RS Bopara",
                  "fielders": [
                    {
                      "name": "Sarfraz Ahmed"
                    }
                  ],
                  "kind": "caught"
                }
              ]
            },
            {
              "batter": "Imad Wasim",
              "bowler": "B Laughlin",
              "non_striker": "Babar Azam",
              "runs": {
                "batter": 0,
                "extras": 0,
                "total": 0
              }
            },
            {
              "batter": "Imad Wasim",
              "bowler": "B Laughlin",
              "non_striker": "Babar Azam",
              "runs": {
                "batter": 2,
                "extras": 0,
                "total": 2
              }
            },
            {
              "batter": "Imad Wasim",
              "bowler": "B Laughlin",
              "non_striker": "Babar Azam",
              "runs": {
                "batter": 0,
                "extras": 0,
                "total": 0
              }
            },
            {
              "batter": "Imad Wasim",
              "bowler": "B Laughlin",
              "non_striker": "Babar Azam",
              "runs": {
                "batter": 1,
                "extras": 0,
                "total": 1
              }
            }
          ]
        },
        {
          "over": 7,
          "deliveries": [
            {
              "batter": "Imad Wasim",
              "bowler": "Hassan Khan",
              "non_striker": "Babar Azam",
              "runs": {
                "batter": 1,
                "extras": 0,
                "total": 1
              }
            },
            {
              "batter": "Babar Azam",
              "bowler": "Hassan Khan",
              "non_striker": "Imad Wasim",
              "runs": {
                "batter": 0,
                "extras": 0,
                "total": 0
              }
            },
            {
              "batter": "Babar Azam",
              "bowler": "Hassan Khan",
              "non_striker": "Imad Wasim",
              "runs": {
                "batter": 0,
                "extras": 0,
                "total": 0
              }
            },
            {
              "batter": "Babar Azam",
              "bowler": "Hassan Khan",
              "non_striker": "Imad Wasim",
              "runs": {
                "batter": 0,
                "extras": 0,
                "total": 0
              }
            },
            {
              "batter": "Babar Azam",
              "bowler": "Hassan Khan",
              "non_striker": "Imad Wasim",
              "runs": {
                "batter": 1,
                "extras": 0,
                "total": 1
              }
            },
            {
              "batter": "Imad Wasim",
              "bowler": "Hassan Khan",
              "non_striker": "Babar Azam",
              "runs": {
                "batter": 2,
                "extras": 0,
                "total": 2
              }
            }
          ]
        },
        {
          "over": 8,
          "deliveries": [
            {
              "batter": "Babar Azam",
              "bowler": "Anwar Ali",
              "non_striker": "Imad Wasim",
              "runs": {
                "batter": 1,
                "extras": 0,
                "total": 1
              }
            },
            {
              "batter": "Imad Wasim",
              "bowler": "Anwar Ali",
              "non_striker": "Babar Azam",
              "runs": {
                "batter": 1,
                "extras": 0,
                "total": 1
              }
            },
            {
              "batter": "Babar Azam",
              "bowler": "Anwar Ali",
              "non_striker": "Imad Wasim",
              "runs": {
                "batter": 1,
                "extras": 0,
                "total": 1
              }
            },
            {
              "batter": "Imad Wasim",
              "bowler": "Anwar Ali",
              "non_striker": "Babar Azam",
              "runs": {
                "batter": 4,
                "extras": 0,
                "total": 4
              }
            },
            {
              "batter": "Imad Wasim",
              "bowler": "Anwar Ali",
              "extras": {
                "wides": 1
              },
              "non_striker": "Babar Azam",
              "runs": {
                "batter": 0,
                "extras": 1,
                "total": 1
              }
            },
            {
              "batter": "Imad Wasim",
              "bowler": "Anwar Ali",
              "non_striker": "Babar Azam",
              "runs": {
                "batter": 2,
                "extras": 0,
                "total": 2
              }
            },
            {
              "batter": "Imad Wasim",
              "bowler": "Anwar Ali",
              "non_striker": "Babar Azam",
              "runs": {
                "batter": 0,
                "extras": 0,
                "total": 0
              }
            }
          ]
        },
        {
          "over": 9,
          "deliveries": [
            {
              "batter": "Babar Azam",
              "bowler": "Hassan Khan",
              "non_striker": "Imad Wasim",
              "runs": {
                "batter": 1,
                "extras": 0,
                "total": 1
              }
            },
            {
              "batter": "Imad Wasim",
              "bowler": "Hassan Khan",
              "non_striker": "Babar Azam",
              "runs": {
                "batter": 1,
                "extras": 0,
                "total": 1
              }
            },
            {
              "batter": "Babar Azam",
              "bowler": "Hassan Khan",
              "non_striker": "Imad Wasim",
              "runs": {
                "batter": 1,
                "extras": 0,
                "total": 1
              }
            },
            {
              "batter": "Imad Wasim",
              "bowler": "Hassan Khan",
              "non_striker": "Babar Azam",
              "runs": {
                "batter": 1,
                "extras": 0,
                "total": 1
              }
            },
            {
              "batter": "Babar Azam",
              "bowler": "Hassan Khan",
              "non_striker": "Imad Wasim",
              "runs": {
                "batter": 1,
                "extras": 0,
                "total": 1
              }
            },
            {
              "batter": "Imad Wasim",
              "bowler": "Hassan Khan",
              "non_striker": "Babar Azam",
              "runs": {
                "batter": 0,
                "extras": 0,
                "total": 0
              }
            }
          ]
        },
        {
          "over": 10,
          "deliveries": [
            {
              "batter": "Babar Azam",
              "bowler": "SR Watson",
              "non_striker": "Imad Wasim",
              "runs": {
                "batter": 0,
                "extras": 0,
                "total": 0
              },
              "wickets": [
                {
                  "player_out": "Babar Azam",
                  "fielders": [
                    {
                      "name": "Anwar Ali"
                    }
                  ],
                  "kind": "caught"
                }
              ]
            },
            {
              "batter": "Mohammad Rizwan",
              "bowler": "SR Watson",
              "non_striker": "Imad Wasim",
              "runs": {
                "batter": 1,
                "extras": 0,
                "total": 1
              }
            },
            {
              "batter": "Imad Wasim",
              "bowler": "SR Watson",
              "non_striker": "Mohammad Rizwan",
              "runs": {
                "batter": 2,
                "extras": 0,
                "total": 2
              }
            },
            {
              "batter": "Imad Wasim",
              "bowler": "SR Watson",
              "non_striker": "Mohammad Rizwan",
              "runs": {
                "batter": 1,
                "extras": 0,
                "total": 1
              }
            },
            {
              "batter": "Mohammad Rizwan",
              "bowler": "SR Watson",
              "non_striker": "Imad Wasim",
              "runs": {
                "batter": 1,
                "extras": 0,
                "total": 1
              }
            },
            {
              "batter": "Imad Wasim",
              "bowler": "SR Watson",
              "non_striker": "Mohammad Rizwan",
              "runs": {
                "batter": 1,
                "extras": 0,
                "total": 1
              }
            }
          ]
        },
        {
          "over": 11,
          "deliveries": [
            {
              "batter": "Imad Wasim",
              "bowler": "Hassan Khan",
              "non_striker": "Mohammad Rizwan",
              "runs": {
                "batter": 1,
                "extras": 0,
                "total": 1
              }
            },
            {
              "batter": "Mohammad Rizwan",
              "bowler": "Hassan Khan",
              "non_striker": "Imad Wasim",
              "runs": {
                "batter": 1,
                "extras": 0,
                "total": 1
              }
            },
            {
              "batter": "Imad Wasim",
              "bowler": "Hassan Khan",
              "non_striker": "Mohammad Rizwan",
              "runs": {
                "batter": 0,
                "extras": 0,
                "total": 0
              }
            },
            {
              "batter": "Imad Wasim",
              "bowler": "Hassan Khan",
              "non_striker": "Mohammad Rizwan",
              "runs": {
                "batter": 0,
                "extras": 0,
                "total": 0
              }
            },
            {
              "batter": "Imad Wasim",
              "bowler": "Hassan Khan",
              "non_striker": "Mohammad Rizwan",
              "runs": {
                "batter": 1,
                "extras": 0,
                "total": 1
              }
            },
            {
              "batter": "Mohammad Rizwan",
              "bowler": "Hassan Khan",
              "non_striker": "Imad Wasim",
              "runs": {
                "batter": 0,
                "extras": 0,
                "total": 0
              }
            }
          ]
        },
        {
          "over": 12,
          "deliveries": [
            {
              "batter": "Imad Wasim",
              "bowler": "SR Watson",
              "non_striker": "Mohammad Rizwan",
              "runs": {
                "batter": 0,
                "extras": 0,
                "total": 0
              }
            },
            {
              "batter": "Imad Wasim",
              "bowler": "SR Watson",
              "non_striker": "Mohammad Rizwan",
              "runs": {
                "batter": 2,
                "extras": 0,
                "total": 2
              }
            },
            {
              "batter": "Imad Wasim",
              "bowler": "SR Watson",
              "non_striker": "Mohammad Rizwan",
              "runs": {
                "batter": 0,
                "extras": 0,
                "total": 0
              }
            },
            {
              "batter": "Imad Wasim",
              "bowler": "SR Watson",
              "non_striker": "Mohammad Rizwan",
              "runs": {
                "batter": 1,
                "extras": 0,
                "total": 1
              }
            },
            {
              "batter": "Mohammad Rizwan",
              "bowler": "SR Watson",
              "non_striker": "Imad Wasim",
              "runs": {
                "batter": 2,
                "extras": 0,
                "total": 2
              }
            },
            {
              "batter": "Mohammad Rizwan",
              "bowler": "SR Watson",
              "non_striker": "Imad Wasim",
              "runs": {
                "batter": 1,
                "extras": 0,
                "total": 1
              }
            }
          ]
        },
        {
          "over": 13,
          "deliveries": [
            {
              "batter": "Mohammad Rizwan",
              "bowler": "Mohammad Nawaz (3)",
              "non_striker": "Imad Wasim",
              "runs": {
                "batter": 2,
                "extras": 0,
                "total": 2
              }
            },
            {
              "batter": "Mohammad Rizwan",
              "bowler": "Mohammad Nawaz (3)",
              "non_striker": "Imad Wasim",
              "runs": {
                "batter": 1,
                "extras": 0,
                "total": 1
              }
            },
            {
              "batter": "Imad Wasim",
              "bowler": "Mohammad Nawaz (3)",
              "non_striker": "Mohammad Rizwan",
              "runs": {
                "batter": 1,
                "extras": 0,
                "total": 1
              }
            },
            {
              "batter": "Mohammad Rizwan",
              "bowler": "Mohammad Nawaz (3)",
              "non_striker": "Imad Wasim",
              "runs": {
                "batter": 0,
                "extras": 0,
                "total": 0
              }
            },
            {
              "batter": "Mohammad Rizwan",
              "bowler": "Mohammad Nawaz (3)",
              "non_striker": "Imad Wasim",
              "runs": {
                "batter": 1,
                "extras": 0,
                "total": 1
              }
            },
            {
              "batter": "Imad Wasim",
              "bowler": "Mohammad Nawaz (3)",
              "non_striker": "Mohammad Rizwan",
              "runs": {
                "batter": 1,
                "extras": 0,
                "total": 1
              }
            }
          ]
        },
        {
          "over": 14,
          "deliveries": [
            {
              "batter": "Imad Wasim",
              "bowler": "SR Watson",
              "non_striker": "Mohammad Rizwan",
              "runs": {
                "batter": 1,
                "extras": 0,
                "total": 1
              }
            },
            {
              "batter": "Mohammad Rizwan",
              "bowler": "SR Watson",
              "non_striker": "Imad Wasim",
              "runs": {
                "batter": 1,
                "extras": 0,
                "total": 1
              }
            },
            {
              "batter": "Imad Wasim",
              "bowler": "SR Watson",
              "non_striker": "Mohammad Rizwan",
              "runs": {
                "batter": 1,
                "extras": 0,
                "total": 1
              }
            },
            {
              "batter": "Mohammad Rizwan",
              "bowler": "SR Watson",
              "non_striker": "Imad Wasim",
              "runs": {
                "batter": 1,
                "extras": 0,
                "total": 1
              }
            },
            {
              "batter": "Imad Wasim",
              "bowler": "SR Watson",
              "non_striker": "Mohammad Rizwan",
              "runs": {
                "batter": 1,
                "extras": 0,
                "total": 1
              }
            },
            {
              "batter": "Mohammad Rizwan",
              "bowler": "SR Watson",
              "non_striker": "Imad Wasim",
              "runs": {
                "batter": 1,
                "extras": 0,
                "total": 1
              }
            }
          ]
        },
        {
          "over": 15,
          "deliveries": [
            {
              "batter": "Mohammad Rizwan",
              "bowler": "Rahat Ali",
              "non_striker": "Imad Wasim",
              "runs": {
                "batter": 1,
                "extras": 0,
                "total": 1
              }
            },
            {
              "batter": "Imad Wasim",
              "bowler": "Rahat Ali",
              "non_striker": "Mohammad Rizwan",
              "runs": {
                "batter": 6,
                "extras": 0,
                "total": 6
              }
            },
            {
              "batter": "Imad Wasim",
              "bowler": "Rahat Ali",
              "non_striker": "Mohammad Rizwan",
              "runs": {
                "batter": 0,
                "extras": 0,
                "total": 0
              },
              "wickets": [
                {
                  "player_out": "Imad Wasim",
                  "fielders": [
                    {
                      "name": "Anwar Ali"
                    }
                  ],
                  "kind": "caught"
                }
              ]
            },
            {
              "batter": "D Wiese",
              "bowler": "Rahat Ali",
              "extras": {
                "wides": 1
              },
              "non_striker": "Mohammad Rizwan",
              "runs": {
                "batter": 0,
                "extras": 1,
                "total": 1
              }
            },
            {
              "batter": "D Wiese",
              "bowler": "Rahat Ali",
              "non_striker": "Mohammad Rizwan",
              "runs": {
                "batter": 0,
                "extras": 0,
                "total": 0
              }
            },
            {
              "batter": "D Wiese",
              "bowler": "Rahat Ali",
              "non_striker": "Mohammad Rizwan",
              "runs": {
                "batter": 4,
                "extras": 0,
                "total": 4
              }
            },
            {
              "batter": "D Wiese",
              "bowler": "Rahat Ali",
              "non_striker": "Mohammad Rizwan",
              "runs": {
                "batter": 0,
                "extras": 0,
                "total": 0
              }
            }
          ]
        },
        {
          "over": 16,
          "deliveries": [
            {
              "batter": "Mohammad Rizwan",
              "bowler": "B Laughlin",
              "non_striker": "D Wiese",
              "runs": {
                "batter": 0,
                "extras": 0,
                "total": 0
              }
            },
            {
              "batter": "Mohammad Rizwan",
              "bowler": "B Laughlin",
              "non_striker": "D Wiese",
              "runs": {
                "batter": 1,
                "extras": 0,
                "total": 1
              }
            },
            {
              "batter": "D Wiese",
              "bowler": "B Laughlin",
              "non_striker": "Mohammad Rizwan",
              "runs": {
                "batter": 0,
                "extras": 0,
                "total": 0
              }
            },
            {
              "batter": "D Wiese",
              "bowler": "B Laughlin",
              "non_striker": "Mohammad Rizwan",
              "runs": {
                "batter": 1,
                "extras": 0,
                "total": 1
              }
            },
            {
              "batter": "Mohammad Rizwan",
              "bowler": "B Laughlin",
              "non_striker": "D Wiese",
              "runs": {
                "batter": 2,
                "extras": 0,
                "total": 2
              }
            },
            {
              "batter": "Mohammad Rizwan",
              "bowler": "B Laughlin",
              "non_striker": "D Wiese",
              "runs": {
                "batter": 1,
                "extras": 0,
                "total": 1
              }
            }
          ]
        },
        {
          "over": 17,
          "deliveries": [
            {
              "batter": "Mohammad Rizwan",
              "bowler": "Anwar Ali",
              "non_striker": "D Wiese",
              "runs": {
                "batter": 0,
                "extras": 0,
                "total": 0
              }
            },
            {
              "batter": "Mohammad Rizwan",
              "bowler": "Anwar Ali",
              "non_striker": "D Wiese",
              "runs": {
                "batter": 1,
                "extras": 0,
                "total": 1
              }
            },
            {
              "batter": "D Wiese",
              "bowler": "Anwar Ali",
              "non_striker": "Mohammad Rizwan",
              "runs": {
                "batter": 0,
                "extras": 0,
                "total": 0
              },
              "wickets": [
                {
                  "player_out": "D Wiese",
                  "fielders": [
                    {
                      "name": "B Laughlin"
                    }
                  ],
                  "kind": "caught"
                }
              ]
            },
            {
              "batter": "Mohammad Rizwan",
              "bowler": "Anwar Ali",
              "non_striker": "Mohammad Irfan (4)",
              "runs": {
                "batter": 1,
                "extras": 0,
                "total": 1
              }
            },
            {
              "batter": "Mohammad Irfan (4)",
              "bowler": "Anwar Ali",
              "non_striker": "Mohammad Rizwan",
              "runs": {
                "batter": 0,
                "extras": 0,
                "total": 0
              },
              "wickets": [
                {
                  "player_out": "Mohammad Irfan (4)",
                  "fielders": [
                    {
                      "name": "Asad Shafiq"
                    }
                  ],
                  "kind": "caught"
                }
              ]
            },
            {
              "batter": "Mohammad Rizwan",
              "bowler": "Anwar Ali",
              "non_striker": "Mohammad Amir",
              "runs": {
                "batter": 1,
                "extras": 0,
                "total": 1
              }
            }
          ]
        },
        {
          "over": 18,
          "deliveries": [
            {
              "batter": "Mohammad Rizwan",
              "bowler": "Rahat Ali",
              "non_striker": "Mohammad Amir",
              "runs": {
                "batter": 1,
                "extras": 0,
                "total": 1
              }
            },
            {
              "batter": "Mohammad Amir",
              "bowler": "Rahat Ali",
              "non_striker": "Mohammad Rizwan",
              "runs": {
                "batter": 0,
                "extras": 0,
                "total": 0
              }
            },
            {
              "batter": "Mohammad Amir",
              "bowler": "Rahat Ali",
              "non_striker": "Mohammad Rizwan",
              "runs": {
                "batter": 0,
                "extras": 0,
                "total": 0
              }
            },
            {
              "batter": "Mohammad Amir",
              "bowler": "Rahat Ali",
              "non_striker": "Mohammad Rizwan",
              "runs": {
                "batter": 1,
                "extras": 0,
                "total": 1
              }
            },
            {
              "batter": "Mohammad Rizwan",
              "bowler": "Rahat Ali",
              "non_striker": "Mohammad Amir",
              "runs": {
                "batter": 1,
                "extras": 0,
                "total": 1
              }
            },
            {
              "batter": "Mohammad Amir",
              "bowler": "Rahat Ali",
              "non_striker": "Mohammad Rizwan",
              "runs": {
                "batter": 0,
                "extras": 0,
                "total": 0
              }
            }
          ]
        },
        {
          "over": 19,
          "deliveries": [
            {
              "batter": "Mohammad Rizwan",
              "bowler": "Anwar Ali",
              "non_striker": "Mohammad Amir",
              "runs": {
                "batter": 2,
                "extras": 0,
                "total": 2
              }
            },
            {
              "batter": "Mohammad Rizwan",
              "bowler": "Anwar Ali",
              "non_striker": "Mohammad Amir",
              "runs": {
                "batter": 1,
                "extras": 0,
                "total": 1
              }
            },
            {
              "batter": "Mohammad Amir",
              "bowler": "Anwar Ali",
              "non_striker": "Mohammad Rizwan",
              "runs": {
                "batter": 4,
                "extras": 0,
                "total": 4
              }
            },
            {
              "batter": "Mohammad Amir",
              "bowler": "Anwar Ali",
              "non_striker": "Mohammad Rizwan",
              "runs": {
                "batter": 0,
                "extras": 0,
                "total": 0
              }
            },
            {
              "batter": "Mohammad Amir",
              "bowler": "Anwar Ali",
              "non_striker": "Mohammad Rizwan",
              "runs": {
                "batter": 1,
                "extras": 0,
                "total": 1
              }
            },
            {
              "batter": "Mohammad Rizwan",
              "bowler": "Anwar Ali",
              "non_striker": "Mohammad Amir",
              "runs": {
                "batter": 0,
                "extras": 0,
                "total": 0
              }
            }
          ]
        }
      ],
      "powerplays": [
        {
          "from": 0.1,
          "to": 5.6,
          "type": "mandatory"
        }
      ],
      "target": {
        "overs": 20,
        "runs": 181
      }
    }
  ]
}