{
  "meta": {
    "data_version": "1.0.0",
    "created": "2020-03-19",
    "revision": 1
  },
  "info": {
    "balls_per_over": 6,
    "city": "Sharjah",
    "dates": [
      "2019-02-22"
    ],
    "event": {
      "name": "Pakistan Super League",
      "match_number": 11
    },
    "gender": "male",
    "match_type": "T20",
    "officials": {
      "match_referees": [
        "Mohammed Anees"
      ],
      "tv_umpires": [
        "Asif Yaqoob"
      ],
      "umpires": [
        "MA Gough",
        "RK Illingworth"
      ]
    },
    "outcome": {
      "winner": "Islamabad United",
      "by": {
        "runs": 12
      }
    },
    "overs": 20,
    "player_of_match": [
      "Mohammad Sami"
    ],
    "players": {
      "Islamabad United": [
        "L Ronchi",
        "Sahibzada Farhan",
        "IR Bell",
        "Hussain Talat",
        "CS Delport",
        "Asif Ali",
        "Faheem Ashraf",
        "Shadab Khan",
        "SR Patel",
        "Mohammad Sami",
        "Muhammad Musa"
      ],
      "Peshawar Zalmi": [
        "Kamran Akmal",
        "Imam-ul-Haq",
        "DJ Malan",
        "Umar Amin",
        "LA Dawson",
        "KA Pollard",
        "DJG Sammy",
        "Wahab Riaz",
        "Hasan Ali",
        "Umaid Asif",
        "Sameen Gul"
      ]
    },
    "registry": {
      "people": {
        "Asif Ali": "0a4736eb",
        "Asif Yaqoob": "6b35790c",
        "CS Delport": "afa78c3a",
        "DJ Malan": "ad9c32a2",
        "DJG Sammy": "c03c6200",
        "Faheem Ashraf": "bd4ea627",
        "Hasan Ali": "2911de16",
        "Hussain Talat": "bb4b445b",
        "IR Bell": "33155d1b",
        "Imam-ul-Haq": "40c041ea",
        "KA Pollard": "a757b0d8",
        "Kamran Akmal": "ff077124",
        "L Ronchi": "0fa5042b",
        "LA Dawson": "4a461c24",
        "MA Gough": "76752ac8",
        "Mohammad Sami": "68ddabdb",
        "Mohammed Anees": "0d4da5c5",
        "Muhammad Musa": "9b8a3c39",
        "PD Salt": "3d284ca3",
        "RK Illingworth": "20672246",
        "SR Patel": "18fac429",
        "Sahibzada Farhan": "1aba45cd",
        "Sameen Gul": "3be224b0",
        "Shadab Khan": "9de62878",
        "Umaid Asif": "f69f1d8a",
        "Umar Amin": "3029e282",
        "Wahab Riaz": "b3118300"
      }
    },
    "season": "2018/19",
    "team_type": "club",
    "teams": [
      "Islamabad United",
      "Peshawar Zalmi"
    ],
    "toss": {
      "decision": "field",
      "winner": "Peshawar Zalmi"
    },
    "venue": "Sharjah Cricket Stadium"
  },
  "innings": [
    {
      "team": "Islamabad United",
      "overs": [
        {
          "over": 0,
          "deliveries": [
            {
              "batter": "L Ronchi",
              "bowler": "Hasan Ali",
              "non_striker": "Sahibzada Farhan",
              "runs": {
                "batter": 0,
                "extras": 0,
                "total": 0
              }
            },
            {
              "batter": "L Ronchi",
              "bowler": "Hasan Ali",
              "non_striker": "Sahibzada Farhan",
              "runs": {
                "batter": 4,
                "extras": 0,
                "total": 4
              }
            },
            {
              "batter": "L Ronchi",
              "bowler": "Hasan Ali",
              "non_striker": "Sahibzada Farhan",
              "runs": {
                "batter": 0,
                "extras": 0,
                "total": 0
              }
            },
            {
              "batter": "L Ronchi",
              "bowler": "Hasan Ali",
              "non_striker": "Sahibzada Farhan",
              "runs": {
                "batter": 1,
                "extras": 0,
                "total": 1
              }
            },
            {
              "batter": "Sahibzada Farhan",
              "bowler": "Hasan Ali",
              "non_striker": "L Ronchi",
              "runs": {
                "batter": 1,
                "extras": 0,
                "total": 1
              }
            },
            {
              "batter": "L Ronchi",
              "bowler": "Hasan Ali",
              "non_striker": "Sahibzada Farhan",
              "runs": {
                "batter": 0,
                "extras": 0,
                "total": 0
              }
            }
          ]
        },
        {
          "over": 1,
          "deliveries": [
            {
              "batter": "Sahibzada Farhan",
              "bowler": "Sameen Gul",
              "non_striker": "L Ronchi",
              "runs": {
                "batter": 0,
                "extras": 0,
                "total": 0
              }
            },
            {
              "batter": "Sahibzada Farhan",
              "bowler": "Sameen Gul",
              "non_striker": "L Ronchi",
              "runs": {
                "batter": 0,
                "extras": 0,
                "total": 0
              }
            },
            {
              "batter": "Sahibzada Farhan",
              "bowler": "Sameen Gul",
              "non_striker": "L Ronchi",
              "runs": {
                "batter": 1,
                "extras": 0,
                "total": 1
              }
            },
            {
              "batter": "L Ronchi",
              "bowler": "Sameen Gul",
              "non_striker": "Sahibzada Farhan",
              "runs": {
                "batter": 0,
                "extras": 0,
                "total": 0
              }
            },
            {
              "batter": "L Ronchi",
              "bowler": "Sameen Gul",
              "non_striker": "Sahibzada Farhan",
              "runs": {
                "batter": 2,
                "extras": 0,
                "total": 2
              }
            },
            {
              "batter": "L Ronchi",
              "bowler": "Sameen Gul",
              "non_striker": "Sahibzada Farhan",
              "runs": {
                "batter": 0,
                "extras": 0,
                "total": 0
              }
            }
          ]
        },
        {
          "over": 2,
          "deliveries": [
            {
              "batter": "Sahibzada Farhan",
              "bowler": "Hasan Ali",
              "non_striker": "L Ronchi",
              "runs": {
                "batter": 1,
                "extras": 0,
                "total": 1
              }
            },
            {
              "batter": "L Ronchi",
              "bowler": "Hasan Ali",
              "non_striker": "Sahibzada Farhan",
              "runs": {
                "batter": 6,
                "extras": 0,
                "total": 6
              }
            },
            {
              "batter": "L Ronchi",
              "bowler": "Hasan Ali",
              "extras": {
                "legbyes": 1
              },
              "non_striker": "Sahibzada Farhan",
              "runs": {
                "batter": 0,
                "extras": 1,
                "total": 1
              }
            },
            {
              "batter": "Sahibzada Farhan",
              "bowler": "Hasan Ali",
              "non_striker": "L Ronchi",
              "runs": {
                "batter": 0,
                "extras": 0,
                "total": 0
              }
            },
            {
              "batter": "Sahibzada Farhan",
              "bowler": "Hasan Ali",
              "non_striker": "L Ronchi",
              "runs": {
                "batter": 0,
                "extras": 0,
                "total": 0
              }
            },
            {
              "batter": "Sahibzada Farhan",
              "bowler": "Hasan Ali",
              "non_striker": "L Ronchi",
              "runs": {
                "batter": 1,
                "extras": 0,
                "total": 1
              }
            }
          ]
        },
        {
          "over": 3,
          "deliveries": [
            {
              "batter": "Sahibzada Farhan",
              "bowler": "Umaid Asif",
              "non_striker": "L Ronchi",
              "runs": {
                "batter": 2,
                "extras": 0,
                "total": 2
              }
            },
            {
              "batter": "Sahibzada Farhan",
              "bowler": "Umaid Asif",
              "extras": {
                "legbyes": 1
              },
              "non_striker": "L Ronchi",
              "runs": {
                "batter": 0,
                "extras": 1,
                "total": 1
              }
            },
            {
              "batter": "L Ronchi",
              "bowler": "Umaid Asif",
              "non_striker": "Sahibzada Farhan",
              "runs": {
                "batter": 1,
                "extras": 0,
                "total": 1
              }
            },
            {
              "batter": "Sahibzada Farhan",
              "bowler": "Umaid Asif",
              "non_striker": "L Ronchi",
              "runs": {
                "batter": 1,
                "extras": 0,
                "total": 1
              }
            },
            {
              "batter": "L Ronchi",
              "bowler": "Umaid Asif",
              "non_striker": "Sahibzada Farhan",
              "runs": {
                "batter": 6,
                "extras": 0,
                "total": 6
              }
            },
            {
              "batter": "L Ronchi",
              "bowler": "Umaid Asif",
              "non_striker": "Sahibzada Farhan",
              "runs": {
                "batter": 1,
                "extras": 0,
                "total": 1
              }
            }
          ]
        },
        {
          "over": 4,
          "deliveries": [
            {
              "batter": "L Ronchi",
              "bowler": "Sameen Gul",
              "extras": {
                "legbyes": 1
              },
              "non_striker": "Sahibzada Farhan",
              "runs": {
                "batter": 0,
                "extras": 1,
                "total": 1
              }
            },
            {
              "batter": "Sahibzada Farhan",
              "bowler": "Sameen Gul",
              "non_striker": "L Ronchi",
              "runs": {
                "batter": 1,
                "extras": 0,
                "total": 1
              }
            },
            {
              "batter": "L Ronchi",
              "bowler": "Sameen Gul",
              "non_striker": "Sahibzada Farhan",
              "runs": {
                "batter": 0,
                "extras": 0,
                "total": 0
              },
              "wickets": [
                {
                  "kind": "caught",
                  "player_out": "L Ronchi",
                  "fielders": [
                    {
                      "name": "LA Dawson"
                    }
                  ]
                }
              ]
            },
            {
              "batter": "IR Bell",
              "bowler": "Sameen Gul",
              "non_striker": "Sahibzada Farhan",
              "runs": {
                "batter": 0,
                "extras": 0,
                "total": 0
              }
            },
            {
              "batter": "IR Bell",
              "bowler": "Sameen Gul",
              "non_striker": "Sahibzada Farhan",
              "runs": {
                "batter": 0,
                "extras": 0,
                "total": 0
              }
            },
            {
              "batter": "IR Bell",
              "bowler": "Sameen Gul",
              "non_striker": "Sahibzada Farhan",
              "runs": {
                "batter": 1,
                "extras": 0,
                "total": 1
              }
            }
          ]
        },
        {
          "over": 5,
          "deliveries": [
            {
              "batter": "IR Bell",
              "bowler": "Wahab Riaz",
              "non_striker": "Sahibzada Farhan",
              "runs": {
                "batter": 4,
                "extras": 0,
                "total": 4
              }
            },
            {
              "batter": "IR Bell",
              "bowler": "Wahab Riaz",
              "non_striker": "Sahibzada Farhan",
              "runs": {
                "batter": 0,
                "extras": 0,
                "total": 0
              }
            },
            {
              "batter": "IR Bell",
              "bowler": "Wahab Riaz",
              "non_striker": "Sahibzada Farhan",
              "runs": {
                "batter": 1,
                "extras": 0,
                "total": 1
              }
            },
            {
              "batter": "Sahibzada Farhan",
              "bowler": "Wahab Riaz",
              "non_striker": "IR Bell",
              "runs": {
                "batter": 0,
                "extras": 0,
                "total": 0
              }
            },
            {
              "batter": "Sahibzada Farhan",
              "bowler": "Wahab Riaz",
              "non_striker": "IR Bell",
              "runs": {
                "batter": 2,
                "extras": 0,
                "total": 2
              }
            },
            {
              "batter": "Sahibzada Farhan",
              "bowler": "Wahab Riaz",
              "non_striker": "IR Bell",
              "runs": {
                "batter": 0,
                "extras": 0,
                "total": 0
              }
            }
          ]
        },
        {
          "over": 6,
          "deliveries": [
            {
              "batter": "IR Bell",
              "bowler": "Sameen Gul",
              "non_striker": "Sahibzada Farhan",
              "runs": {
                "batter": 1,
                "extras": 0,
                "total": 1
              }
            },
            {
              "batter": "Sahibzada Farhan",
              "bowler": "Sameen Gul",
              "non_striker": "IR Bell",
              "runs": {
                "batter": 4,
                "extras": 0,
                "total": 4
              }
            },
            {
              "batter": "Sahibzada Farhan",
              "bowler": "Sameen Gul",
              "non_striker": "IR Bell",
              "runs": {
                "batter": 1,
                "extras": 0,
                "total": 1
              }
            },
            {
              "batter": "IR Bell",
              "bowler": "Sameen Gul",
              "non_striker": "Sahibzada Farhan",
              "runs": {
                "batter": 1,
                "extras": 0,
                "total": 1
              }
            },
            {
              "batter": "Sahibzada Farhan",
              "bowler": "Sameen Gul",
              "non_striker": "IR Bell",
              "runs": {
                "batter": 0,
                "extras": 0,
                "total": 0
              },
              "wickets": [
                {
                  "kind": "caught",
                  "player_out": "Sahibzada Farhan",
                  "fielders": [
                    {
                      "name": "LA Dawson"
                    }
                  ]
                }
              ]
            },
            {
              "batter": "IR Bell",
              "bowler": "Sameen Gul",
              "non_striker": "Hussain Talat",
              "runs": {
                "batter": 1,
                "extras": 0,
                "total": 1
              }
            }
          ]
        },
        {
          "over": 7,
          "deliveries": [
            {
              "batter": "IR Bell",
              "bowler": "KA Pollard",
              "non_striker": "Hussain Talat",
              "runs": {
                "batter": 0,
                "extras": 0,
                "total": 0
              }
            },
            {
              "batter": "IR Bell",
              "bowler": "KA Pollard",
              "non_striker": "Hussain Talat",
              "runs": {
                "batter": 1,
                "extras": 0,
                "total": 1
              }
            },
            {
              "batter": "Hussain Talat",
              "bowler": "KA Pollard",
              "non_striker": "IR Bell",
              "runs": {
                "batter": 0,
                "extras": 0,
                "total": 0
              }
            },
            {
              "batter": "Hussain Talat",
              "bowler": "KA Pollard",
              "non_striker": "IR Bell",
              "runs": {
                "batter": 0,
                "extras": 0,
                "total": 0
              },
              "wickets": [
                {
                  "kind": "caught",
                  "player_out": "Hussain Talat",
                  "fielders": [
                    {
                      "name": "Kamran Akmal"
                    }
                  ]
                }
              ]
            },
            {
              "batter": "CS Delport",
              "bowler": "KA Pollard",
              "non_striker": "IR Bell",
              "runs": {
                "batter": 0,
                "extras": 0,
                "total": 0
              }
            },
            {
              "batter": "CS Delport",
              "bowler": "KA Pollard",
              "non_striker": "IR Bell",
              "runs": {
                "batter": 1,
                "extras": 0,
                "total": 1
              }
            }
          ]
        },
        {
          "over": 8,
          "deliveries": [
            {
              "batter": "CS Delport",
              "bowler": "LA Dawson",
              "non_striker": "IR Bell",
              "runs": {
                "batter": 1,
                "extras": 0,
                "total": 1
              }
            },
            {
              "batter": "IR Bell",
              "bowler": "LA Dawson",
              "non_striker": "CS Delport",
              "runs": {
                "batter": 0,
                "extras": 0,
                "total": 0
              }
            },
            {
              "batter": "IR Bell",
              "bowler": "LA Dawson",
              "non_striker": "CS Delport",
              "runs": {
                "batter": 0,
                "extras": 0,
                "total": 0
              }
            },
            {
              "batter": "IR Bell",
              "bowler": "LA Dawson",
              "non_striker": "CS Delport",
              "runs": {
                "batter": 0,
                "extras": 0,
                "total": 0
              }
            },
            {
              "batter": "IR Bell",
              "bowler": "LA Dawson",
              "non_striker": "CS Delport",
              "runs": {
                "batter": 0,
                "extras": 0,
                "total": 0
              }
            },
            {
              "batter": "IR Bell",
              "bowler": "LA Dawson",
              "non_striker": "CS Delport",
              "runs": {
                "batter": 4,
                "extras": 0,
                "total": 4
              }
            }
          ]
        },
        {
          "over": 9,
          "deliveries": [
            {
              "batter": "CS Delport",
              "bowler": "KA Pollard",
              "non_striker": "IR Bell",
              "runs": {
                "batter": 1,
                "extras": 0,
                "total": 1
              }
            },
            {
              "batter": "IR Bell",
              "bowler": "KA Pollard",
              "non_striker": "CS Delport",
              "runs": {
                "batter": 0,
                "extras": 0,
                "total": 0
              }
            },
            {
              "batter": "IR Bell",
              "bowler": "KA Pollard",
              "non_striker": "CS Delport",
              "runs": {
                "batter": 2,
                "extras": 0,
                "total": 2
              }
            },
            {
              "batter": "IR Bell",
              "bowler": "KA Pollard",
              "non_striker": "CS Delport",
              "runs": {
                "batter": 1,
                "extras": 0,
                "total": 1
              }
            },
            {
              "batter": "CS Delport",
              "bowler": "KA Pollard",
              "non_striker": "IR Bell",
              "runs": {
                "batter": 2,
                "extras": 0,
                "total": 2
              }
            },
            {
              "batter": "CS Delport",
              "bowler": "KA Pollard",
              "non_striker": "IR Bell",
              "runs": {
                "batter": 6,
                "extras": 0,
                "total": 6
              }
            }
          ]
        },
        {
          "over": 10,
          "deliveries": [
            {
              "batter": "IR Bell",
              "bowler": "Umaid Asif",
              "non_striker": "CS Delport",
              "runs": {
                "batter": 1,
                "extras": 0,
                "total": 1
              }
            },
            {
              "batter": "CS Delport",
              "bowler": "Umaid Asif",
              "non_striker": "IR Bell",
              "runs": {
                "batter": 1,
                "extras": 0,
                "total": 1
              }
            },
            {
              "batter": "IR Bell",
              "bowler": "Umaid Asif",
              "non_striker": "CS Delport",
              "runs": {
                "batter": 1,
                "extras": 0,
                "total": 1
              }
            },
            {
              "batter": "CS Delport",
              "bowler": "Umaid Asif",
              "non_striker": "IR Bell",
              "runs": {
                "batter": 1,
                "extras": 0,
                "total": 1
              }
            },
            {
              "batter": "IR Bell",
              "bowler": "Umaid Asif",
              "extras": {
                "legbyes": 1
              },
              "non_striker": "CS Delport",
              "runs": {
                "batter": 0,
                "extras": 1,
                "total": 1
              }
            },
            {
              "batter": "CS Delport",
              "bowler": "Umaid Asif",
              "non_striker": "IR Bell",
              "runs": {
                "batter": 1,
                "extras": 0,
                "total": 1
              }
            }
          ]
        },
        {
          "over": 11,
          "deliveries": [
            {
              "batter": "CS Delport",
              "bowler": "Wahab Riaz",
              "non_striker": "IR Bell",
              "runs": {
                "batter": 1,
                "extras": 0,
                "total": 1
              }
            },
            {
              "batter": "IR Bell",
              "bowler": "Wahab Riaz",
              "non_striker": "CS Delport",
              "runs": {
                "batter": 1,
                "extras": 0,
                "total": 1
              }
            },
            {
              "batter": "CS Delport",
              "bowler": "Wahab Riaz",
              "non_striker": "IR Bell",
              "runs": {
                "batter": 1,
                "extras": 0,
                "total": 1
              }
            },
            {
              "batter": "IR Bell",
              "bowler": "Wahab Riaz",
              "non_striker": "CS Delport",
              "runs": {
                "batter": 2,
                "extras": 0,
                "total": 2
              }
            },
            {
              "batter": "IR Bell",
              "bowler": "Wahab Riaz",
              "non_striker": "CS Delport",
              "runs": {
                "batter": 4,
                "extras": 0,
                "total": 4
              }
            },
            {
              "batter": "IR Bell",
              "bowler": "Wahab Riaz",
              "non_striker": "CS Delport",
              "runs": {
                "batter": 0,
                "extras": 0,
                "total": 0
              }
            }
          ]
        },
        {
          "over": 12,
          "deliveries": [
            {
              "batter": "CS Delport",
              "bowler": "KA Pollard",
              "non_striker": "IR Bell",
              "runs": {
                "batter": 1,
                "extras": 0,
                "total": 1
              }
            },
            {
              "batter": "IR Bell",
              "bowler": "KA Pollard",
              "non_striker": "CS Delport",
              "runs": {
                "batter": 1,
                "extras": 0,
                "total": 1
              }
            },
            {
              "batter": "CS Delport",
              "bowler": "KA Pollard",
              "non_striker": "IR Bell",
              "runs": {
                "batter": 1,
                "extras": 0,
                "total": 1
              }
            },
            {
              "batter": "IR Bell",
              "bowler": "KA Pollard",
              "non_striker": "CS Delport",
              "runs": {
                "batter": 1,
                "extras": 0,
                "total": 1
              }
            },
            {
              "batter": "CS Delport",
              "bowler": "KA Pollard",
              "non_striker": "IR Bell",
              "runs": {
                "batter": 1,
                "extras": 0,
                "total": 1
              }
            },
            {
              "batter": "IR Bell",
              "bowler": "KA Pollard",
              "non_striker": "CS Delport",
              "runs": {
                "batter": 1,
                "extras": 0,
                "total": 1
              }
            }
          ]
        },
        {
          "over": 13,
          "deliveries": [
            {
              "batter": "IR Bell",
              "bowler": "Umaid Asif",
              "non_striker": "CS Delport",
              "runs": {
                "batter": 2,
                "extras": 0,
                "total": 2
              }
            },
            {
              "batter": "IR Bell",
              "bowler": "Umaid Asif",
              "non_striker": "CS Delport",
              "runs": {
                "batter": 2,
                "extras": 0,
                "total": 2
              }
            },
            {
              "batter": "IR Bell",
              "bowler": "Umaid Asif",
              "non_striker": "CS Delport",
              "runs": {
                "batter": 1,
                "extras": 0,
                "total": 1
              }
            },
            {
              "batter": "CS Delport",
              "bowler": "Umaid Asif",
              "extras": {
                "wides": 1
              },
              "non_striker": "IR Bell",
              "runs": {
                "batter": 0,
                "extras": 1,
                "total": 1
              }
            },
            {
              "batter": "CS Delport",
              "bowler": "Umaid Asif",
              "non_striker": "IR Bell",
              "runs": {
                "batter": 6,
                "extras": 0,
                "total": 6
              }
            },
            {
              "batter": "CS Delport",
              "bowler": "Umaid Asif",
              "non_striker": "IR Bell",
              "runs": {
                "batter": 0,
                "extras": 0,
                "total": 0
              }
            },
            {
              "batter": "CS Delport",
              "bowler": "Umaid Asif",
              "non_striker": "IR Bell",
              "runs": {
                "batter": 4,
                "extras": 0,
                "total": 4
              }
            }
          ]
        },
        {
          "over": 14,
          "deliveries": [
            {
              "batter": "IR Bell",
              "bowler": "Hasan Ali",
              "non_striker": "CS Delport",
              "runs": {
                "batter": 1,
                "extras": 0,
                "total": 1
              }
            },
            {
              "batter": "CS Delport",
              "bowler": "Hasan Ali",
              "non_striker": "IR Bell",
              "runs": {
                "batter": 0,
                "extras": 0,
                "total": 0
              },
              "wickets": [
                {
                  "kind": "bowled",
                  "player_out": "CS Delport"
                }
              ]
            },
            {
              "batter": "Asif Ali",
              "bowler": "Hasan Ali",
              "non_striker": "IR Bell",
              "runs": {
                "batter": 1,
                "extras": 0,
                "total": 1
              }
            },
            {
              "batter": "IR Bell",
              "bowler": "Hasan Ali",
              "non_striker": "Asif Ali",
              "runs": {
                "batter": 1,
                "extras": 0,
                "total": 1
              }
            },
            {
              "batter": "Asif Ali",
              "bowler": "Hasan Ali",
              "non_striker": "IR Bell",
              "runs": {
                "batter": 6,
                "extras": 0,
                "total": 6
              }
            },
            {
              "batter": "Asif Ali",
              "bowler": "Hasan Ali",
              "non_striker": "IR Bell",
              "runs": {
                "batter": 0,
                "extras": 0,
                "total": 0
              }
            }
          ]
        },
        {
          "over": 15,
          "deliveries": [
            {
              "batter": "IR Bell",
              "bowler": "Sameen Gul",
              "non_striker": "Asif Ali",
              "runs": {
                "batter": 1,
                "extras": 0,
                "total": 1
              }
            },
            {
              "batter": "Asif Ali",
              "bowler": "Sameen Gul",
              "non_striker": "IR Bell",
              "runs": {
                "batter": 6,
                "extras": 0,
                "total": 6
              }
            },
            {
              "batter": "Asif Ali",
              "bowler": "Sameen Gul",
              "non_striker": "IR Bell",
              "runs": {
                "batter": 0,
                "extras": 0,
                "total": 0
              },
              "wickets": [
                {
                  "kind": "caught",
                  "player_out": "Asif Ali",
                  "fielders": [
                    {
                      "name": "Wahab Riaz"
                    }
                  ]
                }
              ]
            },
            {
              "batter": "Faheem Ashraf",
              "bowler": "Sameen Gul",
              "non_striker": "IR Bell",
              "runs": {
                "batter": 1,
                "extras": 0,
                "total": 1
              }
            },
            {
              "batter": "IR Bell",
              "bowler": "Sameen Gul",
              "non_striker": "Faheem Ashraf",
              "runs": {
                "batter": 4,
                "extras": 0,
                "total": 4
              }
            },
            {
              "batter": "IR Bell",
              "bowler": "Sameen Gul",
              "non_striker": "Faheem Ashraf",
              "runs": {
                "batter": 4,
                "extras": 0,
                "total": 4
              }
            }
          ]
        },
        {
          "over": 16,
          "deliveries": [
            {
              "batter": "Faheem Ashraf",
              "bowler": "Umaid Asif",
              "non_striker": "IR Bell",
              "runs": {
                "batter": 1,
                "extras": 0,
                "total": 1
              }
            },
            {
              "batter": "IR Bell",
              "bowler": "Umaid Asif",
              "non_striker": "Faheem Ashraf",
              "runs": {
                "batter": 1,
                "extras": 0,
                "total": 1
              }
            },
            {
              "batter": "Faheem Ashraf",
              "bowler": "Umaid Asif",
              "non_striker": "IR Bell",
              "runs": {
                "batter": 0,
                "extras": 0,
                "total": 0
              },
              "wickets": [
                {
                  "kind": "caught",
                  "player_out": "Faheem Ashraf",
                  "fielders": [
                    {
                      "name": "Umar Amin"
                    }
                  ]
                }
              ]
            },
            {
              "batter": "IR Bell",
              "bowler": "Umaid Asif",
              "non_striker": "Shadab Khan",
              "runs": {
                "batter": 0,
                "extras": 0,
                "total": 0
              }
            },
            {
              "batter": "IR Bell",
              "bowler": "Umaid Asif",
              "extras": {
                "wides": 1
              },
              "non_striker": "Shadab Khan",
              "runs": {
                "batter": 0,
                "extras": 1,
                "total": 1
              }
            },
            {
              "batter": "IR Bell",
              "bowler": "Umaid Asif",
              "extras": {
                "legbyes": 1
              },
              "non_striker": "Shadab Khan",
              "runs": {
                "batter": 0,
                "extras": 1,
                "total": 1
              }
            },
            {
              "batter": "Shadab Khan",
              "bowler": "Umaid Asif",
              "extras": {
                "wides": 1
              },
              "non_striker": "IR Bell",
              "runs": {
                "batter": 0,
                "extras": 1,
                "total": 1
              }
            },
            {
              "batter": "Shadab Khan",
              "bowler": "Umaid Asif",
              "non_striker": "IR Bell",
              "runs": {
                "batter": 1,
                "extras": 0,
                "total": 1
              }
            }
          ]
        },
        {
          "over": 17,
          "deliveries": [
            {
              "batter": "Shadab Khan",
              "bowler": "Wahab Riaz",
              "non_striker": "IR Bell",
              "runs": {
                "batter": 1,
                "extras": 0,
                "total": 1
              }
            },
            {
              "batter": "IR Bell",
              "bowler": "Wahab Riaz",
              "non_striker": "Shadab Khan",
              "runs": {
                "batter": 2,
                "extras": 0,
                "total": 2
              }
            },
            {
              "batter": "IR Bell",
              "bowler": "Wahab Riaz",
              "extras": {
                "noballs": 1
              },
              "non_striker": "Shadab Khan",
              "runs": {
                "batter": 0,
                "extras": 1,
                "total": 1
              }
            },
            {
              "batter": "Shadab Khan",
              "bowler": "Wahab Riaz",
              "non_striker": "IR Bell",
              "runs": {
                "batter": 2,
                "extras": 0,
                "total": 2
              }
            },
            {
              "batter": "Shadab Khan",
              "bowler": "Wahab Riaz",
              "non_striker": "IR Bell",
              "runs": {
                "batter": 2,
                "extras": 0,
                "total": 2
              }
            },
            {
              "batter": "Shadab Khan",
              "bowler": "Wahab Riaz",
              "non_striker": "IR Bell",
              "runs": {
                "batter": 0,
                "extras": 0,
                "total": 0
              },
              "wickets": [
                {
                  "kind": "bowled",
                  "player_out": "Shadab Khan"
                }
              ]
            },
            {
              "batter": "SR Patel",
              "bowler": "Wahab Riaz",
              "non_striker": "IR Bell",
              "runs": {
                "batter": 1,
                "extras": 0,
                "total": 1
              }
            }
          ]
        },
        {
          "over": 18,
          "deliveries": [
            {
              "batter": "SR Patel",
              "bowler": "Hasan Ali",
              "non_striker": "IR Bell",
              "runs": {
                "batter": 4,
                "extras": 0,
                "total": 4
              }
            },
            {
              "batter": "SR Patel",
              "bowler": "Hasan Ali",
              "non_striker": "IR Bell",
              "runs": {
                "batter": 0,
                "extras": 0,
                "total": 0
              },
              "wickets": [
                {
                  "kind": "bowled",
                  "player_out": "SR Patel"
                }
              ]
            },
            {
              "batter": "Mohammad Sami",
              "bowler": "Hasan Ali",
              "non_striker": "IR Bell",
              "runs": {
                "batter": 1,
                "extras": 0,
                "total": 1
              }
            },
            {
              "batter": "IR Bell",
              "bowler": "Hasan Ali",
              "non_striker": "Mohammad Sami",
              "runs": {
                "batter": 1,
                "extras": 0,
                "total": 1
              }
            },
            {
              "batter": "Mohammad Sami",
              "bowler": "Hasan Ali",
              "non_striker": "IR Bell",
              "runs": {
                "batter": 0,
                "extras": 0,
                "total": 0
              }
            },
            {
              "batter": "Mohammad Sami",
              "bowler": "Hasan Ali",
              "extras": {
                "legbyes": 1
              },
              "non_striker": "IR Bell",
              "runs": {
                "batter": 0,
                "extras": 1,
                "total": 1
              }
            }
          ]
        },
        {
          "over": 19,
          "deliveries": [
            {
              "batter": "Mohammad Sami",
              "bowler": "Wahab Riaz",
              "non_striker": "IR Bell",
              "runs": {
                "batter": 0,
                "extras": 0,
                "total": 0
              }
            },
            {
              "batter": "Mohammad Sami",
              "bowler": "Wahab Riaz",
              "non_striker": "IR Bell",
              "runs": {
                "batter": 1,
                "extras": 0,
                "total": 1
              }
            },
            {
              "batter": "IR Bell",
              "bowler": "Wahab Riaz",
              "non_striker": "Mohammad Sami",
              "runs": {
                "batter": 4,
                "extras": 0,
                "total": 4
              }
            },
            {
              "batter": "IR Bell",
              "bowler": "Wahab Riaz",
              "non_striker": "Mohammad Sami",
              "runs": {
                "batter": 0,
                "extras": 0,
                "total": 0
              }
            },
            {
              "batter": "IR Bell",
              "bowler": "Wahab Riaz",
              "non_striker": "Mohammad Sami",
              "runs": {
                "batter": 1,
                "extras": 0,
                "total": 1
              },
              "wickets": [
                {
                  "kind": "run out",
                  "player_out": "IR Bell"
                }
              ]
            },
            {
              "batter": "Muhammad Musa",
              "bowler": "Wahab Riaz",
              "extras": {
                "legbyes": 1
              },
              "non_striker": "Mohammad Sami",
              "review": {
                "by": "Peshawar Zalmi",
                "umpire": "RK Illingworth",
                "batter": "Muhammad Musa",
                "decision": "struck down"
              },
              "runs": {
                "batter": 0,
                "extras": 1,
                "total": 1
              }
            }
          ]
        }
      ],
      "powerplays": [
        {
          "from": 0.1,
          "to": 5.6,
          "type": "mandatory"
        }
      ]
    },
    {
      "team": "Peshawar Zalmi",
      "overs": [
        {
          "over": 0,
          "deliveries": [
            {
              "batter": "Kamran Akmal",
              "bowler": "SR Patel",
              "non_striker": "Imam-ul-Haq",
              "runs": {
                "batter": 1,
                "extras": 0,
                "total": 1
              }
            },
            {
              "batter": "Imam-ul-Haq",
              "bowler": "SR Patel",
              "non_striker": "Kamran Akmal",
              "runs": {
                "batter": 0,
                "extras": 0,
                "total": 0
              }
            },
            {
              "batter": "Imam-ul-Haq",
              "bowler": "SR Patel",
              "non_striker": "Kamran Akmal",
              "runs": {
                "batter": 4,
                "extras": 0,
                "total": 4
              }
            },
            {
              "batter": "Imam-ul-Haq",
              "bowler": "SR Patel",
              "non_striker": "Kamran Akmal",
              "runs": {
                "batter": 4,
                "extras": 0,
                "total": 4
              }
            },
            {
              "batter": "Imam-ul-Haq",
              "bowler": "SR Patel",
              "non_striker": "Kamran Akmal",
              "runs": {
                "batter": 1,
                "extras": 0,
                "total": 1
              }
            },
            {
              "batter": "Kamran Akmal",
              "bowler": "SR Patel",
              "non_striker": "Imam-ul-Haq",
              "runs": {
                "batter": 1,
                "extras": 0,
                "total": 1
              }
            }
          ]
        },
        {
          "over": 1,
          "deliveries": [
            {
              "batter": "Kamran Akmal",
              "bowler": "Mohammad Sami",
              "non_striker": "Imam-ul-Haq",
              "runs": {
                "batter": 0,
                "extras": 0,
                "total": 0
              }
            },
            {
              "batter": "Kamran Akmal",
              "bowler": "Mohammad Sami",
              "non_striker": "Imam-ul-Haq",
              "runs": {
                "batter": 0,
                "extras": 0,
                "total": 0
              }
            },
            {
              "batter": "Kamran Akmal",
              "bowler": "Mohammad Sami",
              "non_striker": "Imam-ul-Haq",
              "runs": {
                "batter": 0,
                "extras": 0,
                "total": 0
              }
            },
            {
              "batter": "Kamran Akmal",
              "bowler": "Mohammad Sami",
              "non_striker": "Imam-ul-Haq",
              "runs": {
                "batter": 1,
                "extras": 0,
                "total": 1
              }
            },
            {
              "batter": "Imam-ul-Haq",
              "bowler": "Mohammad Sami",
              "non_striker": "Kamran Akmal",
              "runs": {
                "batter": 1,
                "extras": 0,
                "total": 1
              }
            },
            {
              "batter": "Kamran Akmal",
              "bowler": "Mohammad Sami",
              "non_striker": "Imam-ul-Haq",
              "runs": {
                "batter": 4,
                "extras": 0,
                "total": 4
              }
            }
          ]
        },
        {
          "over": 2,
          "deliveries": [
            {
              "batter": "Imam-ul-Haq",
              "bowler": "Muhammad Musa",
              "non_striker": "Kamran Akmal",
              "runs": {
                "batter": 0,
                "extras": 0,
                "total": 0
              }
            },
            {
              "batter": "Imam-ul-Haq",
              "bowler": "Muhammad Musa",
              "non_striker": "Kamran Akmal",
              "runs": {
                "batter": 0,
                "extras": 0,
                "total": 0
              }
            },
            {
              "batter": "Imam-ul-Haq",
              "bowler": "Muhammad Musa",
              "non_striker": "Kamran Akmal",
              "runs": {
                "batter": 0,
                "extras": 0,
                "total": 0
              }
            },
            {
              "batter": "Imam-ul-Haq",
              "bowler": "Muhammad Musa",
              "non_striker": "Kamran Akmal",
              "runs": {
                "batter": 0,
                "extras": 0,
                "total": 0
              }
            },
            {
              "batter": "Imam-ul-Haq",
              "bowler": "Muhammad Musa",
              "non_striker": "Kamran Akmal",
              "runs": {
                "batter": 1,
                "extras": 0,
                "total": 1
              }
            },
            {
              "batter": "Kamran Akmal",
              "bowler": "Muhammad Musa",
              "non_striker": "Imam-ul-Haq",
              "runs": {
                "batter": 0,
                "extras": 0,
                "total": 0
              },
              "wickets": [
                {
                  "kind": "caught",
                  "player_out": "Kamran Akmal",
                  "fielders": [
                    {
                      "name": "PD Salt",
                      "substitute": true
                    }
                  ]
                }
              ]
            }
          ]
        },
        {
          "over": 3,
          "deliveries": [
            {
              "batter": "Imam-ul-Haq",
              "bowler": "Mohammad Sami",
              "non_striker": "DJ Malan",
              "runs": {
                "batter": 1,
                "extras": 0,
                "total": 1
              }
            },
            {
              "batter": "DJ Malan",
              "bowler": "Mohammad Sami",
              "non_striker": "Imam-ul-Haq",
              "runs": {
                "batter": 1,
                "extras": 0,
                "total": 1
              }
            },
            {
              "batter": "Imam-ul-Haq",
              "bowler": "Mohammad Sami",
              "non_striker": "DJ Malan",
              "runs": {
                "batter": 0,
                "extras": 0,
                "total": 0
              }
            },
            {
              "batter": "Imam-ul-Haq",
              "bowler": "Mohammad Sami",
              "non_striker": "DJ Malan",
              "runs": {
                "batter": 1,
                "extras": 0,
                "total": 1
              }
            },
            {
              "batter": "DJ Malan",
              "bowler": "Mohammad Sami",
              "non_striker": "Imam-ul-Haq",
              "runs": {
                "batter": 0,
                "extras": 0,
                "total": 0
              }
            },
            {
              "batter": "DJ Malan",
              "bowler": "Mohammad Sami",
              "non_striker": "Imam-ul-Haq",
              "runs": {
                "batter": 0,
                "extras": 0,
                "total": 0
              }
            }
          ]
        },
        {
          "over": 4,
          "deliveries": [
            {
              "batter": "Imam-ul-Haq",
              "bowler": "Muhammad Musa",
              "non_striker": "DJ Malan",
              "runs": {
                "batter": 4,
                "extras": 0,
                "total": 4
              }
            },
            {
              "batter": "Imam-ul-Haq",
              "bowler": "Muhammad Musa",
              "non_striker": "DJ Malan",
              "runs": {
                "batter": 1,
                "extras": 0,
                "total": 1
              }
            },
            {
              "batter": "DJ Malan",
              "bowler": "Muhammad Musa",
              "non_striker": "Imam-ul-Haq",
              "runs": {
                "batter": 0,
                "extras": 0,
                "total": 0
              }
            },
            {
              "batter": "DJ Malan",
              "bowler": "Muhammad Musa",
              "non_striker": "Imam-ul-Haq",
              "runs": {
                "batter": 0,
                "extras": 0,
                "total": 0
              }
            },
            {
              "batter": "DJ Malan",
              "bowler": "Muhammad Musa",
              "non_striker": "Imam-ul-Haq",
              "runs": {
                "batter": 0,
                "extras": 0,
                "total": 0
              },
              "wickets": [
                {
                  "kind": "caught",
                  "player_out": "DJ Malan",
                  "fielders": [
                    {
                      "name": "SR Patel"
                    }
                  ]
                }
              ]
            },
            {
              "batter": "Umar Amin",
              "bowler": "Muhammad Musa",
              "non_striker": "Imam-ul-Haq",
              "runs": {
                "batter": 0,
                "extras": 0,
                "total": 0
              }
            }
          ]
        },
        {
          "over": 5,
          "deliveries": [
            {
              "batter": "Imam-ul-Haq",
              "bowler": "Faheem Ashraf",
              "non_striker": "Umar Amin",
              "runs": {
                "batter": 0,
                "extras": 0,
                "total": 0
              },
              "wickets": [
                {
                  "kind": "caught",
                  "player_out": "Imam-ul-Haq",
                  "fielders": [
                    {
                      "name": "Mohammad Sami"
                    }
                  ]
                }
              ]
            },
            {
              "batter": "Umar Amin",
              "bowler": "Faheem Ashraf",
              "non_striker": "LA Dawson",
              "runs": {
                "batter": 0,
                "extras": 0,
                "total": 0
              }
            },
            {
              "batter": "Umar Amin",
              "bowler": "Faheem Ashraf",
              "non_striker": "LA Dawson",
              "runs": {
                "batter": 1,
                "extras": 0,
                "total": 1
              }
            },
            {
              "batter": "LA Dawson",
              "bowler": "Faheem Ashraf",
              "non_striker": "Umar Amin",
              "runs": {
                "batter": 4,
                "extras": 0,
                "total": 4
              }
            },
            {
              "batter": "LA Dawson",
              "bowler": "Faheem Ashraf",
              "non_striker": "Umar Amin",
              "runs": {
                "batter": 1,
                "extras": 0,
                "total": 1
              }
            },
            {
              "batter": "Umar Amin",
              "bowler": "Faheem Ashraf",
              "non_striker": "LA Dawson",
              "runs": {
                "batter": 4,
                "extras": 0,
                "total": 4
              }
            }
          ]
        },
        {
          "over": 6,
          "deliveries": [
            {
              "batter": "LA Dawson",
              "bowler": "Muhammad Musa",
              "non_striker": "Umar Amin",
              "runs": {
                "batter": 1,
                "extras": 0,
                "total": 1
              }
            },
            {
              "batter": "Umar Amin",
              "bowler": "Muhammad Musa",
              "non_striker": "LA Dawson",
              "runs": {
                "batter": 1,
                "extras": 0,
                "total": 1
              }
            },
            {
              "batter": "LA Dawson",
              "bowler": "Muhammad Musa",
              "non_striker": "Umar Amin",
              "runs": {
                "batter": 1,
                "extras": 0,
                "total": 1
              }
            },
            {
              "batter": "Umar Amin",
              "bowler": "Muhammad Musa",
              "non_striker": "LA Dawson",
              "runs": {
                "batter": 1,
                "extras": 0,
                "total": 1
              }
            },
            {
              "batter": "LA Dawson",
              "bowler": "Muhammad Musa",
              "non_striker": "Umar Amin",
              "runs": {
                "batter": 1,
                "extras": 0,
                "total": 1
              }
            },
            {
              "batter": "Umar Amin",
              "bowler": "Muhammad Musa",
              "non_striker": "LA Dawson",
              "runs": {
                "batter": 0,
                "extras": 0,
                "total": 0
              }
            }
          ]
        },
        {
          "over": 7,
          "deliveries": [
            {
              "batter": "LA Dawson",
              "bowler": "Faheem Ashraf",
              "non_striker": "Umar Amin",
              "runs": {
                "batter": 1,
                "extras": 0,
                "total": 1
              }
            },
            {
              "batter": "Umar Amin",
              "bowler": "Faheem Ashraf",
              "non_striker": "LA Dawson",
              "runs": {
                "batter": 1,
                "extras": 0,
                "total": 1
              }
            },
            {
              "batter": "LA Dawson",
              "bowler": "Faheem Ashraf",
              "non_striker": "Umar Amin",
              "runs": {
                "batter": 1,
                "extras": 0,
                "total": 1
              }
            },
            {
              "batter": "Umar Amin",
              "bowler": "Faheem Ashraf",
              "non_striker": "LA Dawson",
              "runs": {
                "batter": 0,
                "extras": 0,
                "total": 0
              }
            },
            {
              "batter": "Umar Amin",
              "bowler": "Faheem Ashraf",
              "non_striker": "LA Dawson",
              "runs": {
                "batter": 0,
                "extras": 0,
                "total": 0
              }
            },
            {
              "batter": "Umar Amin",
              "bowler": "Faheem Ashraf",
              "non_striker": "LA Dawson",
              "runs": {
                "batter": 1,
                "extras": 0,
                "total": 1
              }
            }
          ]
        },
        {
          "over": 8,
          "deliveries": [
            {
              "batter": "Umar Amin",
              "bowler": "Shadab Khan",
              "non_striker": "LA Dawson",
              "runs": {
                "batter": 1,
                "extras": 0,
                "total": 1
              }
            },
            {
              "batter": "LA Dawson",
              "bowler": "Shadab Khan",
              "non_striker": "Umar Amin",
              "runs": {
                "batter": 2,
                "extras": 0,
                "total": 2
              }
            },
            {
              "batter": "LA Dawson",
              "bowler": "Shadab Khan",
              "non_striker": "Umar Amin",
              "runs": {
                "batter": 1,
                "extras": 0,
                "total": 1
              }
            },
            {
              "batter": "Umar Amin",
              "bowler": "Shadab Khan",
              "non_striker": "LA Dawson",
              "runs": {
                "batter": 0,
                "extras": 0,
                "total": 0
              }
            },
            {
              "batter": "Umar Amin",
              "bowler": "Shadab Khan",
              "non_striker": "LA Dawson",
              "runs": {
                "batter": 1,
                "extras": 0,
                "total": 1
              }
            },
            {
              "batter": "LA Dawson",
              "bowler": "Shadab Khan",
              "non_striker": "Umar Amin",
              "runs": {
                "batter": 1,
                "extras": 0,
                "total": 1
              }
            }
          ]
        },
        {
          "over": 9,
          "deliveries": [
            {
              "batter": "LA Dawson",
              "bowler": "SR Patel",
              "non_striker": "Umar Amin",
              "runs": {
                "batter": 0,
                "extras": 0,
                "total": 0
              }
            },
            {
              "batter": "LA Dawson",
              "bowler": "SR Patel",
              "non_striker": "Umar Amin",
              "runs": {
                "batter": 1,
                "extras": 0,
                "total": 1
              }
            },
            {
              "batter": "Umar Amin",
              "bowler": "SR Patel",
              "non_striker": "LA Dawson",
              "runs": {
                "batter": 1,
                "extras": 0,
                "total": 1
              }
            },
            {
              "batter": "LA Dawson",
              "bowler": "SR Patel",
              "non_striker": "Umar Amin",
              "runs": {
                "batter": 1,
                "extras": 0,
                "total": 1
              }
            },
            {
              "batter": "Umar Amin",
              "bowler": "SR Patel",
              "non_striker": "LA Dawson",
              "runs": {
                "batter": 1,
                "extras": 0,
                "total": 1
              }
            },
            {
              "batter": "LA Dawson",
              "bowler": "SR Patel",
              "non_striker": "Umar Amin",
              "runs": {
                "batter": 1,
                "extras": 0,
                "total": 1
              }
            }
          ]
        },
        {
          "over": 10,
          "deliveries": [
            {
              "batter": "LA Dawson",
              "bowler": "Shadab Khan",
              "non_striker": "Umar Amin",
              "runs": {
                "batter": 0,
                "extras": 0,
                "total": 0
              }
            },
            {
              "batter": "LA Dawson",
              "bowler": "Shadab Khan",
              "non_striker": "Umar Amin",
              "runs": {
                "batter": 1,
                "extras": 0,
                "total": 1
              }
            },
            {
              "batter": "Umar Amin",
              "bowler": "Shadab Khan",
              "non_striker": "LA Dawson",
              "runs": {
                "batter": 0,
                "extras": 0,
                "total": 0
              }
            },
            {
              "batter": "Umar Amin",
              "bowler": "Shadab Khan",
              "non_striker": "LA Dawson",
              "runs": {
                "batter": 0,
                "extras": 0,
                "total": 0
              }
            },
            {
              "batter": "Umar Amin",
              "bowler": "Shadab Khan",
              "non_striker": "LA Dawson",
              "runs": {
                "batter": 1,
                "extras": 0,
                "total": 1
              }
            },
            {
              "batter": "LA Dawson",
              "bowler": "Shadab Khan",
              "non_striker": "Umar Amin",
              "runs": {
                "batter": 0,
                "extras": 0,
                "total": 0
              }
            }
          ]
        },
        {
          "over": 11,
          "deliveries": [
            {
              "batter": "Umar Amin",
              "bowler": "SR Patel",
              "non_striker": "LA Dawson",
              "runs": {
                "batter": 0,
                "extras": 0,
                "total": 0
              },
              "wickets": [
                {
                  "kind": "caught",
                  "player_out": "Umar Amin",
                  "fielders": [
                    {
                      "name": "Faheem Ashraf"
                    }
                  ]
                }
              ]
            },
            {
              "batter": "LA Dawson",
              "bowler": "SR Patel",
              "non_striker": "KA Pollard",
              "runs": {
                "batter": 1,
                "extras": 0,
                "total": 1
              }
            },
            {
              "batter": "KA Pollard",
              "bowler": "SR Patel",
              "non_striker": "LA Dawson",
              "runs": {
                "batter": 1,
                "extras": 0,
                "total": 1
              }
            },
            {
              "batter": "LA Dawson",
              "bowler": "SR Patel",
              "non_striker": "KA Pollard",
              "runs": {
                "batter": 1,
                "extras": 0,
                "total": 1
              }
            },
            {
              "batter": "KA Pollard",
              "bowler": "SR Patel",
              "non_striker": "LA Dawson",
              "runs": {
                "batter": 1,
                "extras": 0,
                "total": 1
              }
            },
            {
              "batter": "LA Dawson",
              "bowler": "SR Patel",
              "non_striker": "KA Pollard",
              "runs": {
                "batter": 0,
                "extras": 0,
                "total": 0
              }
            }
          ]
        },
        {
          "over": 12,
          "deliveries": [
            {
              "batter": "KA Pollard",
              "bowler": "Shadab Khan",
              "non_striker": "LA Dawson",
              "runs": {
                "batter": 0,
                "extras": 0,
                "total": 0
              }
            },
            {
              "batter": "KA Pollard",
              "bowler": "Shadab Khan",
              "non_striker": "LA Dawson",
              "runs": {
                "batter": 1,
                "extras": 0,
                "total": 1
              }
            },
            {
              "batter": "LA Dawson",
              "bowler": "Shadab Khan",
              "non_striker": "KA Pollard",
              "runs": {
                "batter": 1,
                "extras": 0,
                "total": 1
              }
            },
            {
              "batter": "KA Pollard",
              "bowler": "Shadab Khan",
              "non_striker": "LA Dawson",
              "runs": {
                "batter": 1,
                "extras": 0,
                "total": 1
              }
            },
            {
              "batter": "LA Dawson",
              "bowler": "Shadab Khan",
              "non_striker": "KA Pollard",
              "runs": {
                "batter": 0,
                "extras": 0,
                "total": 0
              }
            },
            {
              "batter": "LA Dawson",
              "bowler": "Shadab Khan",
              "non_striker": "KA Pollard",
              "runs": {
                "batter": 0,
                "extras": 0,
                "total": 0
              },
              "wickets": [
                {
                  "kind": "caught",
                  "player_out": "LA Dawson",
                  "fielders": [
                    {
                      "name": "Hussain Talat"
                    }
                  ]
                }
              ]
            }
          ]
        },
        {
          "over": 13,
          "deliveries": [
            {
              "batter": "KA Pollard",
              "bowler": "SR Patel",
              "non_striker": "DJG Sammy",
              "runs": {
                "batter": 0,
                "extras": 0,
                "total": 0
              }
            },
            {
              "batter": "KA Pollard",
              "bowler": "SR Patel",
              "non_striker": "DJG Sammy",
              "runs": {
                "batter": 1,
                "extras": 0,
                "total": 1
              }
            },
            {
              "batter": "DJG Sammy",
              "bowler": "SR Patel",
              "non_striker": "KA Pollard",
              "runs": {
                "batter": 1,
                "extras": 0,
                "total": 1
              }
            },
            {
              "batter": "KA Pollard",
              "bowler": "SR Patel",
              "non_striker": "DJG Sammy",
              "runs": {
                "batter": 6,
                "extras": 0,
                "total": 6
              }
            },
            {
              "batter": "KA Pollard",
              "bowler": "SR Patel",
              "non_striker": "DJG Sammy",
              "runs": {
                "batter": 6,
                "extras": 0,
                "total": 6
              }
            },
            {
              "batter": "KA Pollard",
              "bowler": "SR Patel",
              "non_striker": "DJG Sammy",
              "runs": {
                "batter": 4,
                "extras": 0,
                "total": 4
              }
            }
          ]
        },
        {
          "over": 14,
          "deliveries": [
            {
              "batter": "DJG Sammy",
              "bowler": "Shadab Khan",
              "non_striker": "KA Pollard",
              "runs": {
                "batter": 0,
                "extras": 0,
                "total": 0
              }
            },
            {
              "batter": "DJG Sammy",
              "bowler": "Shadab Khan",
              "non_striker": "KA Pollard",
              "runs": {
                "batter": 1,
                "extras": 0,
                "total": 1
              }
            },
            {
              "batter": "KA Pollard",
              "bowler": "Shadab Khan",
              "non_striker": "DJG Sammy",
              "runs": {
                "batter": 4,
                "extras": 0,
                "total": 4
              }
            },
            {
              "batter": "KA Pollard",
              "bowler": "Shadab Khan",
              "non_striker": "DJG Sammy",
              "runs": {
                "batter": 6,
                "extras": 0,
                "total": 6
              }
            },
            {
              "batter": "KA Pollard",
              "bowler": "Shadab Khan",
              "non_striker": "DJG Sammy",
              "runs": {
                "batter": 6,
                "extras": 0,
                "total": 6
              }
            },
            {
              "batter": "KA Pollard",
              "bowler": "Shadab Khan",
              "non_striker": "DJG Sammy",
              "runs": {
                "batter": 1,
                "extras": 0,
                "total": 1
              }
            }
          ]
        },
        {
          "over": 15,
          "deliveries": [
            {
              "batter": "KA Pollard",
              "bowler": "Mohammad Sami",
              "non_striker": "DJG Sammy",
              "runs": {
                "batter": 1,
                "extras": 0,
                "total": 1
              }
            },
            {
              "batter": "DJG Sammy",
              "bowler": "Mohammad Sami",
              "non_striker": "KA Pollard",
              "runs": {
                "batter": 1,
                "extras": 0,
                "total": 1
              }
            },
            {
              "batter": "KA Pollard",
              "bowler": "Mohammad Sami",
              "non_striker": "DJG Sammy",
              "runs": {
                "batter": 4,
                "extras": 0,
                "total": 4
              }
            },
            {
              "batter": "KA Pollard",
              "bowler": "Mohammad Sami",
              "non_striker": "DJG Sammy",
              "runs": {
                "batter": 0,
                "extras": 0,
                "total": 0
              }
            },
            {
              "batter": "KA Pollard",
              "bowler": "Mohammad Sami",
              "non_striker": "DJG Sammy",
              "runs": {
                "batter": 1,
                "extras": 0,
                "total": 1
              }
            },
            {
              "batter": "DJG Sammy",
              "bowler": "Mohammad Sami",
              "non_striker": "KA Pollard",
              "runs": {
                "batter": 0,
                "extras": 0,
                "total": 0
              }
            }
          ]
        },
        {
          "over": 16,
          "deliveries": [
            {
              "batter": "KA Pollard",
              "bowler": "Faheem Ashraf",
              "non_striker": "DJG Sammy",
              "runs": {
                "batter": 0,
                "extras": 0,
                "total": 0
              }
            },
            {
              "batter": "KA Pollard",
              "bowler": "Faheem Ashraf",
              "non_striker": "DJG Sammy",
              "runs": {
                "batter": 1,
                "extras": 0,
                "total": 1
              }
            },
            {
              "batter": "DJG Sammy",
              "bowler": "Faheem Ashraf",
              "non_striker": "KA Pollard",
              "runs": {
                "batter": 4,
                "extras": 0,
                "total": 4
              }
            },
            {
              "batter": "DJG Sammy",
              "bowler": "Faheem Ashraf",
              "non_striker": "KA Pollard",
              "runs": {
                "batter": 1,
                "extras": 0,
                "total": 1
              }
            },
            {
              "batter": "KA Pollard",
              "bowler": "Faheem Ashraf",
              "non_striker": "DJG Sammy",
              "runs": {
                "batter": 6,
                "extras": 0,
                "total": 6
              }
            },
            {
              "batter": "KA Pollard",
              "bowler": "Faheem Ashraf",
              "non_striker": "DJG Sammy",
              "runs": {
                "batter": 0,
                "extras": 0,
                "total": 0
              },
              "wickets": [
                {
                  "kind": "caught",
                  "player_out": "KA Pollard",
                  "fielders": [
                    {
                      "name": "PD Salt",
                      "substitute": true
                    }
                  ]
                }
              ]
            }
          ]
        },
        {
          "over": 17,
          "deliveries": [
            {
              "batter": "DJG Sammy",
              "bowler": "Muhammad Musa",
              "non_striker": "Wahab Riaz",
              "runs": {
                "batter": 1,
                "extras": 0,
                "total": 1
              }
            },
            {
              "batter": "Wahab Riaz",
              "bowler": "Muhammad Musa",
              "non_striker": "DJG Sammy",
              "runs": {
                "batter": 4,
                "extras": 0,
                "total": 4
              }
            },
            {
              "batter": "Wahab Riaz",
              "bowler": "Muhammad Musa",
              "non_striker": "DJG Sammy",
              "runs": {
                "batter": 6,
                "extras": 0,
                "total": 6
              }
            },
            {
              "batter": "Wahab Riaz",
              "bowler": "Muhammad Musa",
              "non_striker": "DJG Sammy",
              "runs": {
                "batter": 1,
                "extras": 0,
                "total": 1
              }
            },
            {
              "batter": "DJG Sammy",
              "bowler": "Muhammad Musa",
              "non_striker": "Wahab Riaz",
              "runs": {
                "batter": 2,
                "extras": 0,
                "total": 2
              }
            },
            {
              "batter": "DJG Sammy",
              "bowler": "Muhammad Musa",
              "non_striker": "Wahab Riaz",
              "runs": {
                "batter": 0,
                "extras": 0,
                "total": 0
              },
              "wickets": [
                {
                  "kind": "caught",
                  "player_out": "DJG Sammy",
                  "fielders": [
                    {
                      "name": "PD Salt",
                      "substitute": true
                    }
                  ]
                }
              ]
            }
          ]
        },
        {
          "over": 18,
          "deliveries": [
            {
              "batter": "Wahab Riaz",
              "bowler": "Faheem Ashraf",
              "extras": {
                "wides": 1
              },
              "non_striker": "Hasan Ali",
              "runs": {
                "batter": 0,
                "extras": 1,
                "total": 1
              }
            },
            {
              "batter": "Wahab Riaz",
              "bowler": "Faheem Ashraf",
              "non_striker": "Hasan Ali",
              "runs": {
                "batter": 1,
                "extras": 0,
                "total": 1
              }
            },
            {
              "batter": "Hasan Ali",
              "bowler": "Faheem Ashraf",
              "non_striker": "Wahab Riaz",
              "runs": {
                "batter": 1,
                "extras": 0,
                "total": 1
              }
            },
            {
              "batter": "Wahab Riaz",
              "bowler": "Faheem Ashraf",
              "non_striker": "Hasan Ali",
              "runs": {
                "batter": 1,
                "extras": 0,
                "total": 1
              }
            },
            {
              "batter": "Hasan Ali",
              "bowler": "Faheem Ashraf",
              "non_striker": "Wahab Riaz",
              "runs": {
                "batter": 0,
                "extras": 0,
                "total": 0
              }
            },
            {
              "batter": "Hasan Ali",
              "bowler": "Faheem Ashraf",
              "non_striker": "Wahab Riaz",
              "runs": {
                "batter": 1,
                "extras": 0,
                "total": 1
              }
            },
            {
              "batter": "Wahab Riaz",
              "bowler": "Faheem Ashraf",
              "non_striker": "Hasan Ali",
              "runs": {
                "batter": 1,
                "extras": 0,
                "total": 1
              }
            }
          ]
        },
        {
          "over": 19,
          "deliveries": [
            {
              "batter": "Wahab Riaz",
              "bowler": "Mohammad Sami",
              "non_striker": "Hasan Ali",
              "runs": {
                "batter": 6,
                "extras": 0,
                "total": 6
              }
            },
            {
              "batter": "Wahab Riaz",
              "bowler": "Mohammad Sami",
              "non_striker": "Hasan Ali",
              "runs": {
                "batter": 0,
                "extras": 0,
                "total": 0
              },
              "wickets": [
                {
                  "kind": "caught",
                  "player_out": "Wahab Riaz",
                  "fielders": [
                    {
                      "name": "Sahibzada Farhan"
                    }
                  ]
                }
              ]
            },
            {
              "batter": "Umaid Asif",
              "bowler": "Mohammad Sami",
              "non_striker": "Hasan Ali",
              "runs": {
                "batter": 0,
                "extras": 0,
                "total": 0
              },
              "wickets": [
                {
                  "kind": "caught",
                  "player_out": "Umaid Asif",
                  "fielders": [
                    {
                      "name": "Faheem Ashraf"
                    }
                  ]
                }
              ]
            },
            {
              "batter": "Hasan Ali",
              "bowler": "Mohammad Sami",
              "non_striker": "Sameen Gul",
              "runs": {
                "batter": 0,
                "extras": 0,
                "total": 0
              },
              "wickets": [
                {
                  "kind": "caught",
                  "player_out": "Hasan Ali",
                  "fielders": [
                    {
                      "name": "Sahibzada Farhan"
                    }
                  ]
                }
              ]
            }
          ]
        }
      ],
      "powerplays": [
        {
          "from": 0.1,
          "to": 5.6,
          "type": "mandatory"
        }
      ],
      "target": {
        "overs": 20,
        "runs": 159
      }
    }
  ]
}