{
  "meta": {
    "data_version": "1.0.0",
    "created": "2020-03-20",
    "revision": 1
  },
  "info": {
    "balls_per_over": 6,
    "city": "Karachi",
    "dates": [
      "2019-03-11"
    ],
    "event": {
      "name": "Pakistan Super League",
      "match_number": 30
    },
    "gender": "male",
    "match_type": "T20",
    "officials": {
      "match_referees": [
        "Mohammed Anees"
      ],
      "reserve_umpires": [
        "Faisal Afridi"
      ],
      "tv_umpires": [
        "Asif Yaqoob"
      ],
      "umpires": [
        "REJ Martinesz",
        "Ahsan Raza"
      ]
    },
    "outcome": {
      "winner": "Peshawar Zalmi",
      "by": {
        "runs": 61
      }
    },
    "overs": 20,
    "player_of_match": [
      "Kamran Akmal"
    ],
    "players": {
      "Peshawar Zalmi": [
        "Kamran Akmal",
        "Imam-ul-Haq",
        "KA Pollard",
        "LA Dawson",
        "DJG Sammy",
        "Sohaib Maqsood",
        "Wahab Riaz",
        "Hasan Ali",
        "Umar Amin",
        "TS Mills",
        "Sameen Gul"
      ],
      "Karachi Kings": [
        "Babar Azam",
        "C Munro",
        "LS Livingstone",
        "CA Ingram",
        "BR Dunk",
        "Iftikhar Ahmed",
        "Imad Wasim",
        "Sohail Khan",
        "Mohammad Amir",
        "Umer Khan",
        "Usman Shinwari"
      ]
    },
    "registry": {
      "people": {
        "Ahsan Raza": "e0e5b209",
        "Asif Yaqoob": "6b35790c",
        "BR Dunk": "272d796e",
        "Babar Azam": "8a75e999",
        "C Munro": "af2c687b",
        "CA Ingram": "c995d726",
        "DJG Sammy": "c03c6200",
        "Faisal Afridi": "ed0bc503",
        "Hasan Ali": "2911de16",
        "Iftikhar Ahmed": "29e253dd",
        "Imad Wasim": "9cb8d7a6",
        "Imam-ul-Haq": "40c041ea",
        "KA Pollard": "a757b0d8",
        "Kamran Akmal": "ff077124",
        "Khalid Usman": "e9ea5eb5",
        "LA Dawson": "4a461c24",
        "LS Livingstone": "50c6bc2b",
        "Mohammad Amir": "e174dadd",
        "Mohammed Anees": "0d4da5c5",
        "REJ Martinesz": "140cdf29",
        "Sameen Gul": "3be224b0",
        "Sohaib Maqsood": "b98b5e1c",
        "Sohail Khan": "5af743d0",
        "TS Mills": "245c97cb",
        "Umar Amin": "3029e282",
        "Umer Khan": "db3643f3",
        "Usman Shinwari": "f0e722e0",
        "Wahab Riaz": "b3118300"
      }
    },
    "season": "2018/19",
    "team_type": "club",
    "teams": [
      "Karachi Kings",
      "Peshawar Zalmi"
    ],
    "toss": {
      "decision": "field",
      "winner": "Karachi Kings"
    },
    "venue": "National Stadium"
  },
  "innings": [
    {
      "team": "Peshawar Zalmi",
      "overs": [
        {
          "over": 0,
          "deliveries": [
            {
              "batter": "Kamran Akmal",
              "bowler": "Mohammad Amir",
              "non_striker": "Imam-ul-Haq",
              "runs": {
                "batter": 0,
                "extras": 0,
                "total": 0
              }
            },
            {
              "batter": "Kamran Akmal",
              "bowler": "Mohammad Amir",
              "non_striker": "Imam-ul-Haq",
              "runs": {
                "batter": 0,
                "extras": 0,
                "total": 0
              }
            },
            {
              "batter": "Kamran Akmal",
              "bowler": "Mohammad Amir",
              "non_striker": "Imam-ul-Haq",
              "runs": {
                "batter": 0,
                "extras": 0,
                "total": 0
              }
            },
            {
              "batter": "Kamran Akmal",
              "bowler": "Mohammad Amir",
              "non_striker": "Imam-ul-Haq",
              "runs": {
                "batter": 0,
                "extras": 0,
                "total": 0
              }
            },
            {
              "batter": "Kamran Akmal",
              "bowler": "Mohammad Amir",
              "non_striker": "Imam-ul-Haq",
              "runs": {
                "batter": 1,
                "extras": 0,
                "total": 1
              }
            },
            {
              "batter": "Imam-ul-Haq",
              "bowler": "Mohammad Amir",
              "non_striker": "Kamran Akmal",
              "runs": {
                "batter": 0,
                "extras": 0,
                "total": 0
              }
            }
          ]
        },
        {
          "over": 1,
          "deliveries": [
            {
              "batter": "Kamran Akmal",
              "bowler": "Usman Shinwari",
              "non_striker": "Imam-ul-Haq",
              "runs": {
                "batter": 1,
                "extras": 0,
                "total": 1
              }
            },
            {
              "batter": "Imam-ul-Haq",
              "bowler": "Usman Shinwari",
              "non_striker": "Kamran Akmal",
              "runs": {
                "batter": 1,
                "extras": 0,
                "total": 1
              }
            },
            {
              "batter": "Kamran Akmal",
              "bowler": "Usman Shinwari",
              "non_striker": "Imam-ul-Haq",
              "runs": {
                "batter": 4,
                "extras": 0,
                "total": 4
              }
            },
            {
              "batter": "Kamran Akmal",
              "bowler": "Usman Shinwari",
              "non_striker": "Imam-ul-Haq",
              "runs": {
                "batter": 0,
                "extras": 0,
                "total": 0
              }
            },
            {
              "batter": "Kamran Akmal",
              "bowler": "Usman Shinwari",
              "non_striker": "Imam-ul-Haq",
              "runs": {
                "batter": 4,
                "extras": 0,
                "total": 4
              }
            },
            {
              "batter": "Kamran Akmal",
              "bowler": "Usman Shinwari",
              "non_striker": "Imam-ul-Haq",
              "runs": {
                "batter": 4,
                "extras": 0,
                "total": 4
              }
            }
          ]
        },
        {
          "over": 2,
          "deliveries": [
            {
              "batter": "Imam-ul-Haq",
              "bowler": "Mohammad Amir",
              "non_striker": "Kamran Akmal",
              "runs": {
                "batter": 0,
                "extras": 0,
                "total": 0
              }
            },
            {
              "batter": "Imam-ul-Haq",
              "bowler": "Mohammad Amir",
              "non_striker": "Kamran Akmal",
              "runs": {
                "batter": 2,
                "extras": 0,
                "total": 2
              }
            },
            {
              "batter": "Imam-ul-Haq",
              "bowler": "Mohammad Amir",
              "non_striker": "Kamran Akmal",
              "runs": {
                "batter": 4,
                "extras": 0,
                "total": 4
              }
            },
            {
              "batter": "Imam-ul-Haq",
              "bowler": "Mohammad Amir",
              "non_striker": "Kamran Akmal",
              "runs": {
                "batter": 0,
                "extras": 0,
                "total": 0
              }
            },
            {
              "batter": "Imam-ul-Haq",
              "bowler": "Mohammad Amir",
              "non_striker": "Kamran Akmal",
              "runs": {
                "batter": 1,
                "extras": 0,
                "total": 1
              }
            },
            {
              "batter": "Kamran Akmal",
              "bowler": "Mohammad Amir",
              "non_striker": "Imam-ul-Haq",
              "runs": {
                "batter": 0,
                "extras": 0,
                "total": 0
              }
            }
          ]
        },
        {
          "over": 3,
          "deliveries": [
            {
              "batter": "Imam-ul-Haq",
              "bowler": "Sohail Khan",
              "non_striker": "Kamran Akmal",
              "runs": {
                "batter": 4,
                "extras": 0,
                "total": 4
              }
            },
            {
              "batter": "Imam-ul-Haq",
              "bowler": "Sohail Khan",
              "non_striker": "Kamran Akmal",
              "runs": {
                "batter": 4,
                "extras": 0,
                "total": 4
              }
            },
            {
              "batter": "Imam-ul-Haq",
              "bowler": "Sohail Khan",
              "non_striker": "Kamran Akmal",
              "runs": {
                "batter": 0,
                "extras": 0,
                "total": 0
              }
            },
            {
              "batter": "Imam-ul-Haq",
              "bowler": "Sohail Khan",
              "extras": {
                "wides": 1
              },
              "non_striker": "Kamran Akmal",
              "runs": {
                "batter": 0,
                "extras": 1,
                "total": 1
              }
            },
            {
              "batter": "Imam-ul-Haq",
              "bowler": "Sohail Khan",
              "non_striker": "Kamran Akmal",
              "runs": {
                "batter": 4,
                "extras": 0,
                "total": 4
              }
            },
            {
              "batter": "Imam-ul-Haq",
              "bowler": "Sohail Khan",
              "non_striker": "Kamran Akmal",
              "runs": {
                "batter": 0,
                "extras": 0,
                "total": 0
              }
            },
            {
              "batter": "Imam-ul-Haq",
              "bowler": "Sohail Khan",
              "non_striker": "Kamran Akmal",
              "runs": {
                "batter": 0,
                "extras": 0,
                "total": 0
              }
            }
          ]
        },
        {
          "over": 4,
          "deliveries": [
            {
              "batter": "Kamran Akmal",
              "bowler": "Imad Wasim",
              "non_striker": "Imam-ul-Haq",
              "runs": {
                "batter": 4,
                "extras": 0,
                "total": 4
              }
            },
            {
              "batter": "Kamran Akmal",
              "bowler": "Imad Wasim",
              "non_striker": "Imam-ul-Haq",
              "runs": {
                "batter": 1,
                "extras": 0,
                "total": 1
              }
            },
            {
              "batter": "Imam-ul-Haq",
              "bowler": "Imad Wasim",
              "non_striker": "Kamran Akmal",
              "runs": {
                "batter": 1,
                "extras": 0,
                "total": 1
              }
            },
            {
              "batter": "Kamran Akmal",
              "bowler": "Imad Wasim",
              "non_striker": "Imam-ul-Haq",
              "runs": {
                "batter": 1,
                "extras": 0,
                "total": 1
              }
            },
            {
              "batter": "Imam-ul-Haq",
              "bowler": "Imad Wasim",
              "non_striker": "Kamran Akmal",
              "runs": {
                "batter": 1,
                "extras": 0,
                "total": 1
              }
            },
            {
              "batter": "Kamran Akmal",
              "bowler": "Imad Wasim",
              "non_striker": "Imam-ul-Haq",
              "runs": {
                "batter": 6,
                "extras": 0,
                "total": 6
              }
            }
          ]
        },
        {
          "over": 5,
          "deliveries": [
            {
              "batter": "Imam-ul-Haq",
              "bowler": "Umer Khan",
              "non_striker": "Kamran Akmal",
              "runs": {
                "batter": 1,
                "extras": 0,
                "total": 1
              }
            },
            {
              "batter": "Kamran Akmal",
              "bowler": "Umer Khan",
              "non_striker": "Imam-ul-Haq",
              "runs": {
                "batter": 0,
                "extras": 0,
                "total": 0
              }
            },
            {
              "batter": "Kamran Akmal",
              "bowler": "Umer Khan",
              "non_striker": "Imam-ul-Haq",
              "runs": {
                "batter": 0,
                "extras": 0,
                "total": 0
              }
            },
            {
              "batter": "Kamran Akmal",
              "bowler": "Umer Khan",
              "non_striker": "Imam-ul-Haq",
              "runs": {
                "batter": 6,
                "extras": 0,
                "total": 6
              }
            },
            {
              "batter": "Kamran Akmal",
              "bowler": "Umer Khan",
              "non_striker": "Imam-ul-Haq",
              "runs": {
                "batter": 4,
                "extras": 0,
                "total": 4
              }
            },
            {
              "batter": "Kamran Akmal",
              "bowler": "Umer Khan",
              "non_striker": "Imam-ul-Haq",
              "runs": {
                "batter": 1,
                "extras": 0,
                "total": 1
              }
            }
          ]
        },
        {
          "over": 6,
          "deliveries": [
            {
              "batter": "Kamran Akmal",
              "bowler": "Imad Wasim",
              "non_striker": "Imam-ul-Haq",
              "runs": {
                "batter": 4,
                "extras": 0,
                "total": 4
              }
            },
            {
              "batter": "Kamran Akmal",
              "bowler": "Imad Wasim",
              "non_striker": "Imam-ul-Haq",
              "runs": {
                "batter": 0,
                "extras": 0,
                "total": 0
              }
            },
            {
              "batter": "Kamran Akmal",
              "bowler": "Imad Wasim",
              "non_striker": "Imam-ul-Haq",
              "runs": {
                "batter": 0,
                "extras": 0,
                "total": 0
              }
            },
            {
              "batter": "Kamran Akmal",
              "bowler": "Imad Wasim",
              "non_striker": "Imam-ul-Haq",
              "runs": {
                "batter": 1,
                "extras": 0,
                "total": 1
              }
            },
            {
              "batter": "Imam-ul-Haq",
              "bowler": "Imad Wasim",
              "non_striker": "Kamran Akmal",
              "runs": {
                "batter": 1,
                "extras": 0,
                "total": 1
              }
            },
            {
              "batter": "Kamran Akmal",
              "bowler": "Imad Wasim",
              "non_striker": "Imam-ul-Haq",
              "runs": {
                "batter": 1,
                "extras": 0,
                "total": 1
              }
            }
          ]
        },
        {
          "over": 7,
          "deliveries": [
            {
              "batter": "Kamran Akmal",
              "bowler": "Umer Khan",
              "non_striker": "Imam-ul-Haq",
              "runs": {
                "batter": 6,
                "extras": 0,
                "total": 6
              }
            },
            {
              "batter": "Kamran Akmal",
              "bowler": "Umer Khan",
              "non_striker": "Imam-ul-Haq",
              "runs": {
                "batter": 1,
                "extras": 0,
                "total": 1
              }
            },
            {
              "batter": "Imam-ul-Haq",
              "bowler": "Umer Khan",
              "non_striker": "Kamran Akmal",
              "runs": {
                "batter": 1,
                "extras": 0,
                "total": 1
              }
            },
            {
              "batter": "Kamran Akmal",
              "bowler": "Umer Khan",
              "non_striker": "Imam-ul-Haq",
              "runs": {
                "batter": 1,
                "extras": 0,
                "total": 1
              }
            },
            {
              "batter": "Imam-ul-Haq",
              "bowler": "Umer Khan",
              "non_striker": "Kamran Akmal",
              "runs": {
                "batter": 1,
                "extras": 0,
                "total": 1
              }
            },
            {
              "batter": "Kamran Akmal",
              "bowler": "Umer Khan",
              "non_striker": "Imam-ul-Haq",
              "runs": {
                "batter": 0,
                "extras": 0,
                "total": 0
              }
            }
          ]
        },
        {
          "over": 8,
          "deliveries": [
            {
              "batter": "Imam-ul-Haq",
              "bowler": "Usman Shinwari",
              "non_striker": "Kamran Akmal",
              "runs": {
                "batter": 2,
                "extras": 0,
                "total": 2
              }
            },
            {
              "batter": "Imam-ul-Haq",
              "bowler": "Usman Shinwari",
              "non_striker": "Kamran Akmal",
              "runs": {
                "batter": 4,
                "extras": 0,
                "total": 4
              }
            },
            {
              "batter": "Imam-ul-Haq",
              "bowler": "Usman Shinwari",
              "non_striker": "Kamran Akmal",
              "runs": {
                "batter": 0,
                "extras": 0,
                "total": 0
              }
            },
            {
              "batter": "Imam-ul-Haq",
              "bowler": "Usman Shinwari",
              "non_striker": "Kamran Akmal",
              "runs": {
                "batter": 0,
                "extras": 0,
                "total": 0
              }
            },
            {
              "batter": "Imam-ul-Haq",
              "bowler": "Usman Shinwari",
              "non_striker": "Kamran Akmal",
              "runs": {
                "batter": 1,
                "extras": 0,
                "total": 1
              }
            },
            {
              "batter": "Kamran Akmal",
              "bowler": "Usman Shinwari",
              "non_striker": "Imam-ul-Haq",
              "runs": {
                "batter": 0,
                "extras": 0,
                "total": 0
              }
            }
          ]
        },
        {
          "over": 9,
          "deliveries": [
            {
              "batter": "Imam-ul-Haq",
              "bowler": "Sohail Khan",
              "non_striker": "Kamran Akmal",
              "runs": {
                "batter": 1,
                "extras": 0,
                "total": 1
              }
            },
            {
              "batter": "Kamran Akmal",
              "bowler": "Sohail Khan",
              "non_striker": "Imam-ul-Haq",
              "runs": {
                "batter": 0,
                "extras": 0,
                "total": 0
              }
            },
            {
              "batter": "Kamran Akmal",
              "bowler": "Sohail Khan",
              "non_striker": "Imam-ul-Haq",
              "runs": {
                "batter": 0,
                "extras": 0,
                "total": 0
              }
            },
            {
              "batter": "Kamran Akmal",
              "bowler": "Sohail Khan",
              "non_striker": "Imam-ul-Haq",
              "runs": {
                "batter": 0,
                "extras": 0,
                "total": 0
              }
            },
            {
              "batter": "Kamran Akmal",
              "bowler": "Sohail Khan",
              "non_striker": "Imam-ul-Haq",
              "runs": {
                "batter": 1,
                "extras": 0,
                "total": 1
              }
            },
            {
              "batter": "Imam-ul-Haq",
              "bowler": "Sohail Khan",
              "non_striker": "Kamran Akmal",
              "runs": {
                "batter": 1,
                "extras": 0,
                "total": 1
              }
            }
          ]
        },
        {
          "over": 10,
          "deliveries": [
            {
              "batter": "Imam-ul-Haq",
              "bowler": "Imad Wasim",
              "non_striker": "Kamran Akmal",
              "runs": {
                "batter": 1,
                "extras": 0,
                "total": 1
              }
            },
            {
              "batter": "Kamran Akmal",
              "bowler": "Imad Wasim",
              "extras": {
                "wides": 1
              },
              "non_striker": "Imam-ul-Haq",
              "runs": {
                "batter": 0,
                "extras": 1,
                "total": 1
              }
            },
            {
              "batter": "Kamran Akmal",
              "bowler": "Imad Wasim",
              "non_striker": "Imam-ul-Haq",
              "runs": {
                "batter": 4,
                "extras": 0,
                "total": 4
              }
            },
            {
              "batter": "Kamran Akmal",
              "bowler": "Imad Wasim",
              "non_striker": "Imam-ul-Haq",
              "runs": {
                "batter": 6,
                "extras": 0,
                "total": 6
              }
            },
            {
              "batter": "Kamran Akmal",
              "bowler": "Imad Wasim",
              "non_striker": "Imam-ul-Haq",
              "runs": {
                "batter": 0,
                "extras": 0,
                "total": 0
              }
            },
            {
              "batter": "Kamran Akmal",
              "bowler": "Imad Wasim",
              "non_striker": "Imam-ul-Haq",
              "runs": {
                "batter": 1,
                "extras": 0,
                "total": 1
              }
            },
            {
              "batter": "Imam-ul-Haq",
              "bowler": "Imad Wasim",
              "non_striker": "Kamran Akmal",
              "runs": {
                "batter": 1,
                "extras": 0,
                "total": 1
              }
            }
          ]
        },
        {
          "over": 11,
          "deliveries": [
            {
              "batter": "Imam-ul-Haq",
              "bowler": "Umer Khan",
              "non_striker": "Kamran Akmal",
              "runs": {
                "batter": 6,
                "extras": 0,
                "total": 6
              }
            },
            {
              "batter": "Imam-ul-Haq",
              "bowler": "Umer Khan",
              "non_striker": "Kamran Akmal",
              "runs": {
                "batter": 1,
                "extras": 0,
                "total": 1
              }
            },
            {
              "batter": "Kamran Akmal",
              "bowler": "Umer Khan",
              "extras": {
                "wides": 1
              },
              "non_striker": "Imam-ul-Haq",
              "runs": {
                "batter": 0,
                "extras": 1,
                "total": 1
              }
            },
            {
              "batter": "Kamran Akmal",
              "bowler": "Umer Khan",
              "non_striker": "Imam-ul-Haq",
              "runs": {
                "batter": 4,
                "extras": 0,
                "total": 4
              }
            },
            {
              "batter": "Kamran Akmal",
              "bowler": "Umer Khan",
              "non_striker": "Imam-ul-Haq",
              "runs": {
                "batter": 6,
                "extras": 0,
                "total": 6
              }
            },
            {
              "batter": "Kamran Akmal",
              "bowler": "Umer Khan",
              "non_striker": "Imam-ul-Haq",
              "runs": {
                "batter": 4,
                "extras": 0,
                "total": 4
              }
            },
            {
              "batter": "Kamran Akmal",
              "bowler": "Umer Khan",
              "non_striker": "Imam-ul-Haq",
              "runs": {
                "batter": 1,
                "extras": 0,
                "total": 1
              }
            }
          ]
        },
        {
          "over": 12,
          "deliveries": [
            {
              "batter": "Kamran Akmal",
              "bowler": "Usman Shinwari",
              "non_striker": "Imam-ul-Haq",
              "runs": {
                "batter": 4,
                "extras": 0,
                "total": 4
              }
            },
            {
              "batter": "Kamran Akmal",
              "bowler": "Usman Shinwari",
              "non_striker": "Imam-ul-Haq",
              "runs": {
                "batter": 1,
                "extras": 0,
                "total": 1
              }
            },
            {
              "batter": "Imam-ul-Haq",
              "bowler": "Usman Shinwari",
              "non_striker": "Kamran Akmal",
              "runs": {
                "batter": 1,
                "extras": 0,
                "total": 1
              }
            },
            {
              "batter": "Kamran Akmal",
              "bowler": "Usman Shinwari",
              "non_striker": "Imam-ul-Haq",
              "runs": {
                "batter": 1,
                "extras": 0,
                "total": 1
              }
            },
            {
              "batter": "Imam-ul-Haq",
              "bowler": "Usman Shinwari",
              "extras": {
                "noballs": 1
              },
              "non_striker": "Kamran Akmal",
              "runs": {
                "batter": 1,
                "extras": 1,
                "total": 2
              }
            },
            {
              "batter": "Kamran Akmal",
              "bowler": "Usman Shinwari",
              "non_striker": "Imam-ul-Haq",
              "runs": {
                "batter": 0,
                "extras": 0,
                "total": 0
              }
            },
            {
              "batter": "Kamran Akmal",
              "bowler": "Usman Shinwari",
              "non_striker": "Imam-ul-Haq",
              "runs": {
                "batter": 2,
                "extras": 0,
                "total": 2
              }
            }
          ]
        },
        {
          "over": 13,
          "deliveries": [
            {
              "batter": "Imam-ul-Haq",
              "bowler": "C Munro",
              "non_striker": "Kamran Akmal",
              "runs": {
                "batter": 1,
                "extras": 0,
                "total": 1
              }
            },
            {
              "batter": "Kamran Akmal",
              "bowler": "C Munro",
              "non_striker": "Imam-ul-Haq",
              "runs": {
                "batter": 0,
                "extras": 0,
                "total": 0
              },
              "wickets": [
                {
                  "player_out": "Kamran Akmal",
                  "fielders": [
                    {
                      "name": "Umer Khan"
                    }
                  ],
                  "kind": "caught"
                }
              ]
            },
            {
              "batter": "KA Pollard",
              "bowler": "C Munro",
              "non_striker": "Imam-ul-Haq",
              "runs": {
                "batter": 6,
                "extras": 0,
                "total": 6
              }
            },
            {
              "batter": "KA Pollard",
              "bowler": "C Munro",
              "non_striker": "Imam-ul-Haq",
              "runs": {
                "batter": 6,
                "extras": 0,
                "total": 6
              }
            },
            {
              "batter": "KA Pollard",
              "bowler": "C Munro",
              "non_striker": "Imam-ul-Haq",
              "runs": {
                "batter": 0,
                "extras": 0,
                "total": 0
              },
              "wickets": [
                {
                  "player_out": "KA Pollard",
                  "fielders": [
                    {
                      "name": "CA Ingram"
                    }
                  ],
                  "kind": "caught"
                }
              ]
            },
            {
              "batter": "LA Dawson",
              "bowler": "C Munro",
              "non_striker": "Imam-ul-Haq",
              "runs": {
                "batter": 1,
                "extras": 0,
                "total": 1
              }
            }
          ]
        },
        {
          "over": 14,
          "deliveries": [
            {
              "batter": "LA Dawson",
              "bowler": "Imad Wasim",
              "non_striker": "Imam-ul-Haq",
              "runs": {
                "batter": 1,
                "extras": 0,
                "total": 1
              }
            },
            {
              "batter": "Imam-ul-Haq",
              "bowler": "Imad Wasim",
              "non_striker": "LA Dawson",
              "runs": {
                "batter": 1,
                "extras": 0,
                "total": 1
              }
            },
            {
              "batter": "LA Dawson",
              "bowler": "Imad Wasim",
              "non_striker": "Imam-ul-Haq",
              "runs": {
                "batter": 1,
                "extras": 0,
                "total": 1
              }
            },
            {
              "batter": "Imam-ul-Haq",
              "bowler": "Imad Wasim",
              "non_striker": "LA Dawson",
              "runs": {
                "batter": 1,
                "extras": 0,
                "total": 1
              }
            },
            {
              "batter": "LA Dawson",
              "bowler": "Imad Wasim",
              "non_striker": "Imam-ul-Haq",
              "runs": {
                "batter": 4,
                "extras": 0,
                "total": 4
              }
            },
            {
              "batter": "LA Dawson",
              "bowler": "Imad Wasim",
              "non_striker": "Imam-ul-Haq",
              "runs": {
                "batter": 0,
                "extras": 0,
                "total": 0
              }
            }
          ]
        },
        {
          "over": 15,
          "deliveries": [
            {
              "batter": "Imam-ul-Haq",
              "bowler": "Sohail Khan",
              "non_striker": "LA Dawson",
              "runs": {
                "batter": 1,
                "extras": 0,
                "total": 1
              }
            },
            {
              "batter": "LA Dawson",
              "bowler": "Sohail Khan",
              "non_striker": "Imam-ul-Haq",
              "runs": {
                "batter": 1,
                "extras": 0,
                "total": 1
              }
            },
            {
              "batter": "Imam-ul-Haq",
              "bowler": "Sohail Khan",
              "non_striker": "LA Dawson",
              "runs": {
                "batter": 4,
                "extras": 0,
                "total": 4
              }
            },
            {
              "batter": "Imam-ul-Haq",
              "bowler": "Sohail Khan",
              "non_striker": "LA Dawson",
              "runs": {
                "batter": 1,
                "extras": 0,
                "total": 1
              }
            },
            {
              "batter": "LA Dawson",
              "bowler": "Sohail Khan",
              "non_striker": "Imam-ul-Haq",
              "runs": {
                "batter": 0,
                "extras": 0,
                "total": 0
              }
            },
            {
              "batter": "LA Dawson",
              "bowler": "Sohail Khan",
              "non_striker": "Imam-ul-Haq",
              "runs": {
                "batter": 1,
                "extras": 0,
                "total": 1
              }
            }
          ]
        },
        {
          "over": 16,
          "deliveries": [
            {
              "batter": "LA Dawson",
              "bowler": "Mohammad Amir",
              "non_striker": "Imam-ul-Haq",
              "runs": {
                "batter": 0,
                "extras": 0,
                "total": 0
              },
              "wickets": [
                {
                  "player_out": "LA Dawson",
                  "kind": "bowled"
                }
              ]
            },
            {
              "batter": "DJG Sammy",
              "bowler": "Mohammad Amir",
              "non_striker": "Imam-ul-Haq",
              "runs": {
                "batter": 1,
                "extras": 0,
                "total": 1
              }
            },
            {
              "batter": "Imam-ul-Haq",
              "bowler": "Mohammad Amir",
              "non_striker": "DJG Sammy",
              "runs": {
                "batter": 4,
                "extras": 0,
                "total": 4
              }
            },
            {
              "batter": "Imam-ul-Haq",
              "bowler": "Mohammad Amir",
              "non_striker": "DJG Sammy",
              "runs": {
                "batter": 0,
                "extras": 0,
                "total": 0
              },
              "wickets": [
                {
                  "player_out": "Imam-ul-Haq",
                  "kind": "bowled"
                }
              ]
            },
            {
              "batter": "Sohaib Maqsood",
              "bowler": "Mohammad Amir",
              "non_striker": "DJG Sammy",
              "runs": {
                "batter": 1,
                "extras": 0,
                "total": 1
              }
            },
            {
              "batter": "DJG Sammy",
              "bowler": "Mohammad Amir",
              "non_striker": "Sohaib Maqsood",
              "runs": {
                "batter": 1,
                "extras": 0,
                "total": 1
              }
            }
          ]
        },
        {
          "over": 17,
          "deliveries": [
            {
              "batter": "DJG Sammy",
              "bowler": "Sohail Khan",
              "non_striker": "Sohaib Maqsood",
              "runs": {
                "batter": 1,
                "extras": 0,
                "total": 1
              }
            },
            {
              "batter": "Sohaib Maqsood",
              "bowler": "Sohail Khan",
              "non_striker": "DJG Sammy",
              "runs": {
                "batter": 0,
                "extras": 0,
                "total": 0
              }
            },
            {
              "batter": "Sohaib Maqsood",
              "bowler": "Sohail Khan",
              "non_striker": "DJG Sammy",
              "runs": {
                "batter": 6,
                "extras": 0,
                "total": 6
              }
            },
            {
              "batter": "Sohaib Maqsood",
              "bowler": "Sohail Khan",
              "non_striker": "DJG Sammy",
              "runs": {
                "batter": 1,
                "extras": 0,
                "total": 1
              }
            },
            {
              "batter": "DJG Sammy",
              "bowler": "Sohail Khan",
              "extras": {
                "wides": 1
              },
              "non_striker": "Sohaib Maqsood",
              "runs": {
                "batter": 0,
                "extras": 1,
                "total": 1
              }
            },
            {
              "batter": "DJG Sammy",
              "bowler": "Sohail Khan",
              "non_striker": "Sohaib Maqsood",
              "runs": {
                "batter": 0,
                "extras": 0,
                "total": 0
              }
            },
            {
              "batter": "DJG Sammy",
              "bowler": "Sohail Khan",
              "non_striker": "Sohaib Maqsood",
              "runs": {
                "batter": 2,
                "extras": 0,
                "total": 2
              }
            }
          ]
        },
        {
          "over": 18,
          "deliveries": [
            {
              "batter": "Sohaib Maqsood",
              "bowler": "Mohammad Amir",
              "non_striker": "DJG Sammy",
              "runs": {
                "batter": 0,
                "extras": 0,
                "total": 0
              }
            },
            {
              "batter": "Sohaib Maqsood",
              "bowler": "Mohammad Amir",
              "non_striker": "DJG Sammy",
              "runs": {
                "batter": 1,
                "extras": 0,
                "total": 1
              }
            },
            {
              "batter": "DJG Sammy",
              "bowler": "Mohammad Amir",
              "non_striker": "Sohaib Maqsood",
              "runs": {
                "batter": 0,
                "extras": 0,
                "total": 0
              },
              "wickets": [
                {
                  "player_out": "DJG Sammy",
                  "fielders": [
                    {
                      "name": "Umer Khan"
                    }
                  ],
                  "kind": "caught"
                }
              ]
            },
            {
              "batter": "Wahab Riaz",
              "bowler": "Mohammad Amir",
              "extras": {
                "wides": 1
              },
              "non_striker": "Sohaib Maqsood",
              "runs": {
                "batter": 0,
                "extras": 1,
                "total": 1
              }
            },
            {
              "batter": "Wahab Riaz",
              "bowler": "Mohammad Amir",
              "non_striker": "Sohaib Maqsood",
              "runs": {
                "batter": 0,
                "extras": 0,
                "total": 0
              }
            },
            {
              "batter": "Wahab Riaz",
              "bowler": "Mohammad Amir",
              "non_striker": "Sohaib Maqsood",
              "runs": {
                "batter": 4,
                "extras": 0,
                "total": 4
              }
            },
            {
              "batter": "Wahab Riaz",
              "bowler": "Mohammad Amir",
              "extras": {
                "wides": 1
              },
              "non_striker": "Sohaib Maqsood",
              "runs": {
                "batter": 0,
                "extras": 1,
                "total": 1
              }
            },
            {
              "batter": "Wahab Riaz",
              "bowler": "Mohammad Amir",
              "non_striker": "Sohaib Maqsood",
              "runs": {
                "batter": 2,
                "extras": 0,
                "total": 2
              }
            }
          ]
        },
        {
          "over": 19,
          "deliveries": [
            {
              "batter": "Sohaib Maqsood",
              "bowler": "Usman Shinwari",
              "non_striker": "Wahab Riaz",
              "runs": {
                "batter": 1,
                "extras": 0,
                "total": 1
              }
            },
            {
              "batter": "Wahab Riaz",
              "bowler": "Usman Shinwari",
              "extras": {
                "noballs": 1
              },
              "non_striker": "Sohaib Maqsood",
              "runs": {
                "batter": 4,
                "extras": 1,
                "total": 5
              }
            },
            {
              "batter": "Wahab Riaz",
              "bowler": "Usman Shinwari",
              "non_striker": "Sohaib Maqsood",
              "runs": {
                "batter": 1,
                "extras": 0,
                "total": 1
              }
            },
            {
              "batter": "Sohaib Maqsood",
              "bowler": "Usman Shinwari",
              "non_striker": "Wahab Riaz",
              "runs": {
                "batter": 1,
                "extras": 0,
                "total": 1
              }
            },
            {
              "batter": "Wahab Riaz",
              "bowler": "Usman Shinwari",
              "non_striker": "Sohaib Maqsood",
              "runs": {
                "batter": 0,
                "extras": 0,
                "total": 0
              },
              "wickets": [
                {
                  "player_out": "Wahab Riaz",
                  "fielders": [
                    {
                      "name": "LS Livingstone"
                    }
                  ],
                  "kind": "caught"
                }
              ]
            },
            {
              "batter": "Sohaib Maqsood",
              "bowler": "Usman Shinwari",
              "non_striker": "Hasan Ali",
              "runs": {
                "batter": 1,
                "extras": 0,
                "total": 1
              }
            },
            {
              "batter": "Hasan Ali",
              "bowler": "Usman Shinwari",
              "non_striker": "Sohaib Maqsood",
              "runs": {
                "batter": 1,
                "extras": 0,
                "total": 1
              },
              "wickets": [
                {
                  "player_out": "Hasan Ali",
                  "kind": "run out"
                }
              ]
            }
          ]
        }
      ],
      "powerplays": [
        {
          "from": 0.1,
          "to": 5.6,
          "type": "mandatory"
        }
      ]
    },
    {
      "team": "Karachi Kings",
      "overs": [
        {
          "over": 0,
          "deliveries": [
            {
              "batter": "Babar Azam",
              "bowler": "Hasan Ali",
              "non_striker": "C Munro",
              "runs": {
                "batter": 2,
                "extras": 0,
                "total": 2
              }
            },
            {
              "batter": "Babar Azam",
              "bowler": "Hasan Ali",
              "non_striker": "C Munro",
              "runs": {
                "batter": 0,
                "extras": 0,
                "total": 0
              }
            },
            {
              "batter": "Babar Azam",
              "bowler": "Hasan Ali",
              "non_striker": "C Munro",
              "runs": {
                "batter": 1,
                "extras": 0,
                "total": 1
              }
            },
            {
              "batter": "C Munro",
              "bowler": "Hasan Ali",
              "non_striker": "Babar Azam",
              "runs": {
                "batter": 0,
                "extras": 0,
                "total": 0
              }
            },
            {
              "batter": "C Munro",
              "bowler": "Hasan Ali",
              "non_striker": "Babar Azam",
              "runs": {
                "batter": 0,
                "extras": 0,
                "total": 0
              },
              "wickets": [
                {
                  "player_out": "C Munro",
                  "kind": "lbw"
                }
              ]
            },
            {
              "batter": "LS Livingstone",
              "bowler": "Hasan Ali",
              "non_striker": "Babar Azam",
              "runs": {
                "batter": 0,
                "extras": 0,
                "total": 0
              }
            }
          ]
        },
        {
          "over": 1,
          "deliveries": [
            {
              "batter": "Babar Azam",
              "bowler": "Sameen Gul",
              "non_striker": "LS Livingstone",
              "runs": {
                "batter": 2,
                "extras": 0,
                "total": 2
              }
            },
            {
              "batter": "Babar Azam",
              "bowler": "Sameen Gul",
              "non_striker": "LS Livingstone",
              "runs": {
                "batter": 4,
                "extras": 0,
                "total": 4
              }
            },
            {
              "batter": "Babar Azam",
              "bowler": "Sameen Gul",
              "non_striker": "LS Livingstone",
              "runs": {
                "batter": 0,
                "extras": 0,
                "total": 0
              }
            },
            {
              "batter": "Babar Azam",
              "bowler": "Sameen Gul",
              "non_striker": "LS Livingstone",
              "runs": {
                "batter": 4,
                "extras": 0,
                "total": 4
              }
            },
            {
              "batter": "Babar Azam",
              "bowler": "Sameen Gul",
              "non_striker": "LS Livingstone",
              "runs": {
                "batter": 0,
                "extras": 0,
                "total": 0
              }
            },
            {
              "batter": "Babar Azam",
              "bowler": "Sameen Gul",
              "non_striker": "LS Livingstone",
              "runs": {
                "batter": 0,
                "extras": 0,
                "total": 0
              },
              "wickets": [
                {
                  "player_out": "Babar Azam",
                  "fielders": [
                    {
                      "name": "Wahab Riaz"
                    }
                  ],
                  "kind": "caught"
                }
              ]
            }
          ]
        },
        {
          "over": 2,
          "deliveries": [
            {
              "batter": "LS Livingstone",
              "bowler": "Hasan Ali",
              "non_striker": "CA Ingram",
              "runs": {
                "batter": 1,
                "extras": 0,
                "total": 1
              }
            },
            {
              "batter": "CA Ingram",
              "bowler": "Hasan Ali",
              "non_striker": "LS Livingstone",
              "runs": {
                "batter": 0,
                "extras": 0,
                "total": 0
              }
            },
            {
              "batter": "CA Ingram",
              "bowler": "Hasan Ali",
              "non_striker": "LS Livingstone",
              "runs": {
                "batter": 2,
                "extras": 0,
                "total": 2
              }
            },
            {
              "batter": "CA Ingram",
              "bowler": "Hasan Ali",
              "non_striker": "LS Livingstone",
              "runs": {
                "batter": 0,
                "extras": 0,
                "total": 0
              }
            },
            {
              "batter": "CA Ingram",
              "bowler": "Hasan Ali",
              "non_striker": "LS Livingstone",
              "runs": {
                "batter": 1,
                "extras": 0,
                "total": 1
              }
            },
            {
              "batter": "LS Livingstone",
              "bowler": "Hasan Ali",
              "non_striker": "CA Ingram",
              "runs": {
                "batter": 1,
                "extras": 0,
                "total": 1
              }
            }
          ]
        },
        {
          "over": 3,
          "deliveries": [
            {
              "batter": "LS Livingstone",
              "bowler": "TS Mills",
              "non_striker": "CA Ingram",
              "runs": {
                "batter": 0,
                "extras": 0,
                "total": 0
              }
            },
            {
              "batter": "LS Livingstone",
              "bowler": "TS Mills",
              "non_striker": "CA Ingram",
              "runs": {
                "batter": 4,
                "extras": 0,
                "total": 4
              }
            },
            {
              "batter": "LS Livingstone",
              "bowler": "TS Mills",
              "non_striker": "CA Ingram",
              "runs": {
                "batter": 0,
                "extras": 0,
                "total": 0
              },
              "wickets": [
                {
                  "player_out": "LS Livingstone",
                  "fielders": [
                    {
                      "name": "KA Pollard"
                    }
                  ],
                  "kind": "caught"
                }
              ]
            },
            {
              "batter": "BR Dunk",
              "bowler": "TS Mills",
              "non_striker": "CA Ingram",
              "runs": {
                "batter": 1,
                "extras": 0,
                "total": 1
              }
            },
            {
              "batter": "CA Ingram",
              "bowler": "TS Mills",
              "non_striker": "BR Dunk",
              "runs": {
                "batter": 0,
                "extras": 0,
                "total": 0
              }
            },
            {
              "batter": "CA Ingram",
              "bowler": "TS Mills",
              "extras": {
                "wides": 1
              },
              "non_striker": "BR Dunk",
              "runs": {
                "batter": 0,
                "extras": 1,
                "total": 1
              }
            },
            {
              "batter": "CA Ingram",
              "bowler": "TS Mills",
              "non_striker": "BR Dunk",
              "runs": {
                "batter": 1,
                "extras": 0,
                "total": 1
              }
            }
          ]
        },
        {
          "over": 4,
          "deliveries": [
            {
              "batter": "CA Ingram",
              "bowler": "Sameen Gul",
              "non_striker": "BR Dunk",
              "runs": {
                "batter": 2,
                "extras": 0,
                "total": 2
              }
            },
            {
              "batter": "CA Ingram",
              "bowler": "Sameen Gul",
              "non_striker": "BR Dunk",
              "runs": {
                "batter": 6,
                "extras": 0,
                "total": 6
              }
            },
            {
              "batter": "CA Ingram",
              "bowler": "Sameen Gul",
              "non_striker": "BR Dunk",
              "runs": {
                "batter": 4,
                "extras": 0,
                "total": 4
              }
            },
            {
              "batter": "CA Ingram",
              "bowler": "Sameen Gul",
              "non_striker": "BR Dunk",
              "runs": {
                "batter": 0,
                "extras": 0,
                "total": 0
              }
            },
            {
              "batter": "CA Ingram",
              "bowler": "Sameen Gul",
              "extras": {
                "noballs": 1
              },
              "non_striker": "BR Dunk",
              "runs": {
                "batter": 4,
                "extras": 1,
                "total": 5
              }
            },
            {
              "batter": "CA Ingram",
              "bowler": "Sameen Gul",
              "non_striker": "BR Dunk",
              "runs": {
                "batter": 6,
                "extras": 0,
                "total": 6
              }
            },
            {
              "batter": "CA Ingram",
              "bowler": "Sameen Gul",
              "non_striker": "BR Dunk",
              "runs": {
                "batter": 1,
                "extras": 0,
                "total": 1
              }
            }
          ]
        },
        {
          "over": 5,
          "deliveries": [
            {
              "batter": "CA Ingram",
              "bowler": "TS Mills",
              "non_striker": "BR Dunk",
              "runs": {
                "batter": 0,
                "extras": 0,
                "total": 0
              }
            },
            {
              "batter": "CA Ingram",
              "bowler": "TS Mills",
              "non_striker": "BR Dunk",
              "runs": {
                "batter": 1,
                "extras": 0,
                "total": 1
              }
            },
            {
              "batter": "BR Dunk",
              "bowler": "TS Mills",
              "non_striker": "CA Ingram",
              "runs": {
                "batter": 0,
                "extras": 0,
                "total": 0
              }
            },
            {
              "batter": "BR Dunk",
              "bowler": "TS Mills",
              "extras": {
                "legbyes": 1
              },
              "non_striker": "CA Ingram",
              "runs": {
                "batter": 0,
                "extras": 1,
                "total": 1
              }
            },
            {
              "batter": "CA Ingram",
              "bowler": "TS Mills",
              "non_striker": "BR Dunk",
              "runs": {
                "batter": 4,
                "extras": 0,
                "total": 4
              }
            },
            {
              "batter": "CA Ingram",
              "bowler": "TS Mills",
              "non_striker": "BR Dunk",
              "runs": {
                "batter": 2,
                "extras": 0,
                "total": 2
              }
            }
          ]
        },
        {
          "over": 6,
          "deliveries": [
            {
              "batter": "BR Dunk",
              "bowler": "KA Pollard",
              "extras": {
                "wides": 1
              },
              "non_striker": "CA Ingram",
              "runs": {
                "batter": 0,
                "extras": 1,
                "total": 1
              }
            },
            {
              "batter": "BR Dunk",
              "bowler": "KA Pollard",
              "non_striker": "CA Ingram",
              "runs": {
                "batter": 0,
                "extras": 0,
                "total": 0
              }
            },
            {
              "batter": "BR Dunk",
              "bowler": "KA Pollard",
              "non_striker": "CA Ingram",
              "runs": {
                "batter": 1,
                "extras": 0,
                "total": 1
              }
            },
            {
              "batter": "CA Ingram",
              "bowler": "KA Pollard",
              "non_striker": "BR Dunk",
              "runs": {
                "batter": 0,
                "extras": 0,
                "total": 0
              }
            },
            {
              "batter": "CA Ingram",
              "bowler": "KA Pollard",
              "non_striker": "BR Dunk",
              "runs": {
                "batter": 1,
                "extras": 0,
                "total": 1
              }
            },
            {
              "batter": "BR Dunk",
              "bowler": "KA Pollard",
              "non_striker": "CA Ingram",
              "runs": {
                "batter": 4,
                "extras": 0,
                "total": 4
              }
            },
            {
              "batter": "BR Dunk",
              "bowler": "KA Pollard",
              "non_striker": "CA Ingram",
              "runs": {
                "batter": 0,
                "extras": 0,
                "total": 0
              }
            }
          ]
        },
        {
          "over": 7,
          "deliveries": [
            {
              "batter": "CA Ingram",
              "bowler": "Wahab Riaz",
              "non_striker": "BR Dunk",
              "runs": {
                "batter": 0,
                "extras": 0,
                "total": 0
              }
            },
            {
              "batter": "CA Ingram",
              "bowler": "Wahab Riaz",
              "non_striker": "BR Dunk",
              "runs": {
                "batter": 1,
                "extras": 0,
                "total": 1
              }
            },
            {
              "batter": "BR Dunk",
              "bowler": "Wahab Riaz",
              "non_striker": "CA Ingram",
              "runs": {
                "batter": 0,
                "extras": 0,
                "total": 0
              },
              "wickets": [
                {
                  "player_out": "BR Dunk",
                  "fielders": [
                    {
                      "name": "Kamran Akmal"
                    }
                  ],
                  "kind": "caught"
                }
              ]
            },
            {
              "batter": "Iftikhar Ahmed",
              "bowler": "Wahab Riaz",
              "non_striker": "CA Ingram",
              "runs": {
                "batter": 0,
                "extras": 0,
                "total": 0
              }
            },
            {
              "batter": "Iftikhar Ahmed",
              "bowler": "Wahab Riaz",
              "non_striker": "CA Ingram",
              "runs": {
                "batter": 1,
                "extras": 0,
                "total": 1
              }
            },
            {
              "batter": "CA Ingram",
              "bowler": "Wahab Riaz",
              "non_striker": "Iftikhar Ahmed",
              "runs": {
                "batter": 4,
                "extras": 0,
                "total": 4
              }
            }
          ]
        },
        {
          "over": 8,
          "deliveries": [
            {
              "batter": "Iftikhar Ahmed",
              "bowler": "LA Dawson",
              "non_striker": "CA Ingram",
              "runs": {
                "batter": 2,
                "extras": 0,
                "total": 2
              }
            },
            {
              "batter": "Iftikhar Ahmed",
              "bowler": "LA Dawson",
              "non_striker": "CA Ingram",
              "runs": {
                "batter": 1,
                "extras": 0,
                "total": 1
              }
            },
            {
              "batter": "CA Ingram",
              "bowler": "LA Dawson",
              "non_striker": "Iftikhar Ahmed",
              "runs": {
                "batter": 0,
                "extras": 0,
                "total": 0
              }
            },
            {
              "batter": "CA Ingram",
              "bowler": "LA Dawson",
              "non_striker": "Iftikhar Ahmed",
              "runs": {
                "batter": 1,
                "extras": 0,
                "total": 1
              }
            },
            {
              "batter": "Iftikhar Ahmed",
              "bowler": "LA Dawson",
              "non_striker": "CA Ingram",
              "runs": {
                "batter": 0,
                "extras": 0,
                "total": 0
              }
            },
            {
              "batter": "Iftikhar Ahmed",
              "bowler": "LA Dawson",
              "non_striker": "CA Ingram",
              "runs": {
                "batter": 0,
                "extras": 0,
                "total": 0
              }
            }
          ]
        },
        {
          "over": 9,
          "deliveries": [
            {
              "batter": "CA Ingram",
              "bowler": "Sameen Gul",
              "non_striker": "Iftikhar Ahmed",
              "runs": {
                "batter": 6,
                "extras": 0,
                "total": 6
              }
            },
            {
              "batter": "CA Ingram",
              "bowler": "Sameen Gul",
              "non_striker": "Iftikhar Ahmed",
              "runs": {
                "batter": 6,
                "extras": 0,
                "total": 6
              }
            },
            {
              "batter": "CA Ingram",
              "bowler": "Sameen Gul",
              "non_striker": "Iftikhar Ahmed",
              "runs": {
                "batter": 1,
                "extras": 0,
                "total": 1
              }
            },
            {
              "batter": "Iftikhar Ahmed",
              "bowler": "Sameen Gul",
              "non_striker": "CA Ingram",
              "review": {
                "by": "Karachi Kings",
                "batter": "Iftikhar Ahmed",
                "decision": "struck down"
              },
              "runs": {
                "batter": 0,
                "extras": 0,
                "total": 0
              },
              "wickets": [
                {
                  "player_out": "Iftikhar Ahmed",
                  "kind": "lbw"
                }
              ]
            },
            {
              "batter": "Imad Wasim",
              "bowler": "Sameen Gul",
              "non_striker": "CA Ingram",
              "runs": {
                "batter": 1,
                "extras": 0,
                "total": 1
              }
            },
            {
              "batter": "CA Ingram",
              "bowler": "Sameen Gul",
              "non_striker": "Imad Wasim",
              "runs": {
                "batter": 1,
                "extras": 0,
                "total": 1
              }
            }
          ]
        },
        {
          "over": 10,
          "deliveries": [
            {
              "batter": "CA Ingram",
              "bowler": "KA Pollard",
              "non_striker": "Imad Wasim",
              "runs": {
                "batter": 1,
                "extras": 0,
                "total": 1
              }
            },
            {
              "batter": "Imad Wasim",
              "bowler": "KA Pollard",
              "non_striker": "CA Ingram",
              "runs": {
                "batter": 0,
                "extras": 0,
                "total": 0
              }
            },
            {
              "batter": "Imad Wasim",
              "bowler": "KA Pollard",
              "non_striker": "CA Ingram",
              "runs": {
                "batter": 0,
                "extras": 0,
                "total": 0
              }
            },
            {
              "batter": "Imad Wasim",
              "bowler": "KA Pollard",
              "non_striker": "CA Ingram",
              "runs": {
                "batter": 2,
                "extras": 0,
                "total": 2
              }
            },
            {
              "batter": "Imad Wasim",
              "bowler": "KA Pollard",
              "non_striker": "CA Ingram",
              "runs": {
                "batter": 4,
                "extras": 0,
                "total": 4
              }
            },
            {
              "batter": "Imad Wasim",
              "bowler": "KA Pollard",
              "non_striker": "CA Ingram",
              "runs": {
                "batter": 1,
                "extras": 0,
                "total": 1
              }
            }
          ]
        },
        {
          "over": 11,
          "deliveries": [
            {
              "batter": "Imad Wasim",
              "bowler": "Wahab Riaz",
              "non_striker": "CA Ingram",
              "runs": {
                "batter": 1,
                "extras": 0,
                "total": 1
              }
            },
            {
              "batter": "CA Ingram",
              "bowler": "Wahab Riaz",
              "non_striker": "Imad Wasim",
              "runs": {
                "batter": 1,
                "extras": 0,
                "total": 1
              }
            },
            {
              "batter": "Imad Wasim",
              "bowler": "Wahab Riaz",
              "non_striker": "CA Ingram",
              "runs": {
                "batter": 1,
                "extras": 0,
                "total": 1
              }
            },
            {
              "batter": "CA Ingram",
              "bowler": "Wahab Riaz",
              "non_striker": "Imad Wasim",
              "runs": {
                "batter": 1,
                "extras": 0,
                "total": 1
              }
            },
            {
              "batter": "Imad Wasim",
              "bowler": "Wahab Riaz",
              "non_striker": "CA Ingram",
              "runs": {
                "batter": 1,
                "extras": 0,
                "total": 1
              }
            },
            {
              "batter": "CA Ingram",
              "bowler": "Wahab Riaz",
              "non_striker": "Imad Wasim",
              "runs": {
                "batter": 4,
                "extras": 0,
                "total": 4
              }
            }
          ]
        },
        {
          "over": 12,
          "deliveries": [
            {
              "batter": "Imad Wasim",
              "bowler": "LA Dawson",
              "non_striker": "CA Ingram",
              "runs": {
                "batter": 0,
                "extras": 0,
                "total": 0
              }
            },
            {
              "batter": "Imad Wasim",
              "bowler": "LA Dawson",
              "non_striker": "CA Ingram",
              "runs": {
                "batter": 6,
                "extras": 0,
                "total": 6
              }
            },
            {
              "batter": "Imad Wasim",
              "bowler": "LA Dawson",
              "non_striker": "CA Ingram",
              "runs": {
                "batter": 0,
                "extras": 0,
                "total": 0
              }
            },
            {
              "batter": "Imad Wasim",
              "bowler": "LA Dawson",
              "non_striker": "CA Ingram",
              "runs": {
                "batter": 1,
                "extras": 0,
                "total": 1
              }
            },
            {
              "batter": "CA Ingram",
              "bowler": "LA Dawson",
              "non_striker": "Imad Wasim",
              "runs": {
                "batter": 1,
                "extras": 0,
                "total": 1
              }
            },
            {
              "batter": "Imad Wasim",
              "bowler": "LA Dawson",
              "non_striker": "CA Ingram",
              "runs": {
                "batter": 2,
                "extras": 0,
                "total": 2
              }
            }
          ]
        },
        {
          "over": 13,
          "deliveries": [
            {
              "batter": "CA Ingram",
              "bowler": "TS Mills",
              "extras": {
                "wides": 1
              },
              "non_striker": "Imad Wasim",
              "runs": {
                "batter": 0,
                "extras": 1,
                "total": 1
              }
            },
            {
              "batter": "CA Ingram",
              "bowler": "TS Mills",
              "non_striker": "Imad Wasim",
              "runs": {
                "batter": 4,
                "extras": 0,
                "total": 4
              }
            },
            {
              "batter": "CA Ingram",
              "bowler": "TS Mills",
              "non_striker": "Imad Wasim",
              "runs": {
                "batter": 0,
                "extras": 0,
                "total": 0
              }
            },
            {
              "batter": "CA Ingram",
              "bowler": "TS Mills",
              "non_striker": "Imad Wasim",
              "runs": {
                "batter": 4,
                "extras": 0,
                "total": 4
              }
            },
            {
              "batter": "CA Ingram",
              "bowler": "TS Mills",
              "non_striker": "Imad Wasim",
              "runs": {
                "batter": 0,
                "extras": 0,
                "total": 0
              },
              "wickets": [
                {
                  "player_out": "CA Ingram",
                  "fielders": [
                    {
                      "name": "Wahab Riaz"
                    }
                  ],
                  "kind": "caught"
                }
              ]
            },
            {
              "batter": "Sohail Khan",
              "bowler": "TS Mills",
              "non_striker": "Imad Wasim",
              "runs": {
                "batter": 1,
                "extras": 0,
                "total": 1
              }
            },
            {
              "batter": "Imad Wasim",
              "bowler": "TS Mills",
              "non_striker": "Sohail Khan",
              "runs": {
                "batter": 1,
                "extras": 0,
                "total": 1
              }
            }
          ]
        },
        {
          "over": 14,
          "deliveries": [
            {
              "batter": "Imad Wasim",
              "bowler": "Hasan Ali",
              "non_striker": "Sohail Khan",
              "runs": {
                "batter": 4,
                "extras": 0,
                "total": 4
              }
            },
            {
              "batter": "Imad Wasim",
              "bowler": "Hasan Ali",
              "non_striker": "Sohail Khan",
              "runs": {
                "batter": 2,
                "extras": 0,
                "total": 2
              }
            },
            {
              "batter": "Imad Wasim",
              "bowler": "Hasan Ali",
              "non_striker": "Sohail Khan",
              "runs": {
                "batter": 0,
                "extras": 0,
                "total": 0
              }
            },
            {
              "batter": "Imad Wasim",
              "bowler": "Hasan Ali",
              "non_striker": "Sohail Khan",
              "runs": {
                "batter": 1,
                "extras": 0,
                "total": 1
              }
            },
            {
              "batter": "Sohail Khan",
              "bowler": "Hasan Ali",
              "extras": {
                "legbyes": 4
              },
              "non_striker": "Imad Wasim",
              "runs": {
                "batter": 0,
                "extras": 4,
                "total": 4
              }
            },
            {
              "batter": "Sohail Khan",
              "bowler": "Hasan Ali",
              "non_striker": "Imad Wasim",
              "runs": {
                "batter": 0,
                "extras": 0,
                "total": 0
              },
              "wickets": [
                {
                  "player_out": "Sohail Khan",
                  "fielders": [
                    {
                      "name": "LA Dawson"
                    }
                  ],
                  "kind": "caught"
                }
              ]
            }
          ]
        },
        {
          "over": 15,
          "deliveries": [
            {
              "batter": "Imad Wasim",
              "bowler": "Wahab Riaz",
              "non_striker": "Mohammad Amir",
              "runs": {
                "batter": 0,
                "extras": 0,
                "total": 0
              }
            },
            {
              "batter": "Imad Wasim",
              "bowler": "Wahab Riaz",
              "extras": {
                "noballs": 1
              },
              "non_striker": "Mohammad Amir",
              "runs": {
                "batter": 0,
                "extras": 1,
                "total": 1
              }
            },
            {
              "batter": "Imad Wasim",
              "bowler": "Wahab Riaz",
              "non_striker": "Mohammad Amir",
              "runs": {
                "batter": 1,
                "extras": 0,
                "total": 1
              }
            },
            {
              "batter": "Mohammad Amir",
              "bowler": "Wahab Riaz",
              "non_striker": "Imad Wasim",
              "runs": {
                "batter": 0,
                "extras": 0,
                "total": 0
              },
              "wickets": [
                {
                  "player_out": "Mohammad Amir",
                  "fielders": [
                    {
                      "name": "Khalid Usman",
                      "substitute": true
                    }
                  ],
                  "kind": "caught"
                }
              ]
            },
            {
              "batter": "Imad Wasim",
              "bowler": "Wahab Riaz",
              "non_striker": "Umer Khan",
              "runs": {
                "batter": 0,
                "extras": 0,
                "total": 0
              }
            },
            {
              "batter": "Imad Wasim",
              "bowler": "Wahab Riaz",
              "non_striker": "Umer Khan",
              "runs": {
                "batter": 1,
                "extras": 0,
                "total": 1
              }
            },
            {
              "batter": "Umer Khan",
              "bowler": "Wahab Riaz",
              "extras": {
                "wides": 1
              },
              "non_striker": "Imad Wasim",
              "runs": {
                "batter": 0,
                "extras": 1,
                "total": 1
              }
            },
            {
              "batter": "Umer Khan",
              "bowler": "Wahab Riaz",
              "non_striker": "Imad Wasim",
              "runs": {
                "batter": 0,
                "extras": 0,
                "total": 0
              }
            }
          ]
        },
        {
          "over": 16,
          "deliveries": [
            {
              "batter": "Imad Wasim",
              "bowler": "Hasan Ali",
              "non_striker": "Umer Khan",
              "runs": {
                "batter": 0,
                "extras": 0,
                "total": 0
              },
              "wickets": [
                {
                  "player_out": "Imad Wasim",
                  "fielders": [
                    {
                      "name": "KA Pollard"
                    }
                  ],
                  "kind": "caught"
                }
              ]
            },
            {
              "batter": "Usman Shinwari",
              "bowler": "Hasan Ali",
              "non_striker": "Umer Khan",
              "runs": {
                "batter": 0,
                "extras": 0,
                "total": 0
              },
              "wickets": [
                {
                  "player_out": "Umer Khan",
                  "kind": "run out"
                }
              ]
            }
          ]
        }
      ],
      "powerplays": [
        {
          "from": 0.1,
          "to": 5.6,
          "type": "mandatory"
        }
      ],
      "target": {
        "overs": 20,
        "runs": 204
      }
    }
  ]
}