{
  "meta": {
    "data_version": "1.0.0",
    "created": "2020-03-20",
    "revision": 1
  },
  "info": {
    "balls_per_over": 6,
    "city": "Dubai",
    "dates": [
      "2019-02-28"
    ],
    "event": {
      "name": "Pakistan Super League",
      "match_number": 20
    },
    "gender": "male",
    "match_type": "T20",
    "officials": {
      "match_referees": [
        "RS Mahanama"
      ],
      "tv_umpires": [
        "Ahsan Raza"
      ],
      "umpires": [
        "RK Illingworth",
        "Rashid Riaz"
      ]
    },
    "outcome": {
      "winner": "Karachi Kings",
      "by": {
        "wickets": 5
      }
    },
    "overs": 20,
    "player_of_match": [
      "Iftikhar Ahmed"
    ],
    "players": {
      "Lahore Qalandars": [
        "Fakhar Zaman",
        "Gauhar Ali",
        "Haris Sohail",
        "AB de Villiers",
        "CJ Anderson",
        "Sohail Akhtar",
        "D Wiese",
        "S Lamichhane",
        "Yasir Shah",
        "Haris Rauf",
        "Aizaz Cheema"
      ],
      "Karachi Kings": [
        "Babar Azam",
        "C Munro",
        "LS Livingstone",
        "CA Ingram",
        "Iftikhar Ahmed",
        "Mohammad Rizwan",
        "Imad Wasim",
        "Aamer Yamin",
        "Mohammad Amir",
        "Umer Khan",
        "AW Summers"
      ]
    },
    "registry": {
      "people": {
        "AB de Villiers": "c4487b84",
        "AW Summers": "a35c119e",
        "Aamer Yamin": "907d6e58",
        "Ahsan Raza": "e0e5b209",
        "Aizaz Cheema": "5441db8c",
        "Babar Azam": "8a75e999",
        "C Munro": "af2c687b",
        "CA Ingram": "c995d726",
        "CJ Anderson": "8abdf100",
        "D Wiese": "aa8d28ae",
        "Fakhar Zaman": "1777c020",
        "Gauhar Ali": "86b6e495",
        "Haris Rauf": "24bb1c2f",
        "Haris Sohail": "7cd0a092",
        "Iftikhar Ahmed": "29e253dd",
        "Imad Wasim": "9cb8d7a6",
        "LS Livingstone": "50c6bc2b",
        "Mohammad Amir": "e174dadd",
        "Mohammad Rizwan": "2f26ac1a",
        "RK Illingworth": "20672246",
        "RS Mahanama": "57910393",
        "Rashid Riaz": "fb82725e",
        "S Lamichhane": "b410bd3d",
        "Sohail Akhtar": "1ff2f550",
        "Umer Khan": "db3643f3",
        "Yasir Shah": "f2800ef3"
      }
    },
    "season": "2018/19",
    "team_type": "club",
    "teams": [
      "Karachi Kings",
      "Lahore Qalandars"
    ],
    "toss": {
      "decision": "field",
      "winner": "Karachi Kings"
    },
    "venue": "Dubai International Cricket Stadium"
  },
  "innings": [
    {
      "team": "Lahore Qalandars",
      "overs": [
        {
          "over": 0,
          "deliveries": [
            {
              "batter": "Fakhar Zaman",
              "bowler": "Imad Wasim",
              "non_striker": "Gauhar Ali",
              "runs": {
                "batter": 1,
                "extras": 0,
                "total": 1
              }
            },
            {
              "batter": "Gauhar Ali",
              "bowler": "Imad Wasim",
              "non_striker": "Fakhar Zaman",
              "runs": {
                "batter": 4,
                "extras": 0,
                "total": 4
              }
            },
            {
              "batter": "Gauhar Ali",
              "bowler": "Imad Wasim",
              "non_striker": "Fakhar Zaman",
              "runs": {
                "batter": 0,
                "extras": 0,
                "total": 0
              },
              "wickets": [
                {
                  "player_out": "Gauhar Ali",
                  "fielders": [
                    {
                      "name": "Mohammad Amir"
                    }
                  ],
                  "kind": "caught"
                }
              ]
            },
            {
              "batter": "Haris Sohail",
              "bowler": "Imad Wasim",
              "non_striker": "Fakhar Zaman",
              "runs": {
                "batter": 1,
                "extras": 0,
                "total": 1
              }
            },
            {
              "batter": "Fakhar Zaman",
              "bowler": "Imad Wasim",
              "non_striker": "Haris Sohail",
              "runs": {
                "batter": 0,
                "extras": 0,
                "total": 0
              }
            },
            {
              "batter": "Fakhar Zaman",
              "bowler": "Imad Wasim",
              "non_striker": "Haris Sohail",
              "runs": {
                "batter": 4,
                "extras": 0,
                "total": 4
              }
            }
          ]
        },
        {
          "over": 1,
          "deliveries": [
            {
              "batter": "Haris Sohail",
              "bowler": "Mohammad Amir",
              "non_striker": "Fakhar Zaman",
              "runs": {
                "batter": 1,
                "extras": 0,
                "total": 1
              }
            },
            {
              "batter": "Fakhar Zaman",
              "bowler": "Mohammad Amir",
              "non_striker": "Haris Sohail",
              "runs": {
                "batter": 4,
                "extras": 0,
                "total": 4
              }
            },
            {
              "batter": "Fakhar Zaman",
              "bowler": "Mohammad Amir",
              "non_striker": "Haris Sohail",
              "runs": {
                "batter": 0,
                "extras": 0,
                "total": 0
              }
            },
            {
              "batter": "Fakhar Zaman",
              "bowler": "Mohammad Amir",
              "non_striker": "Haris Sohail",
              "runs": {
                "batter": 0,
                "extras": 0,
                "total": 0
              }
            },
            {
              "batter": "Fakhar Zaman",
              "bowler": "Mohammad Amir",
              "non_striker": "Haris Sohail",
              "runs": {
                "batter": 1,
                "extras": 0,
                "total": 1
              }
            },
            {
              "batter": "Haris Sohail",
              "bowler": "Mohammad Amir",
              "non_striker": "Fakhar Zaman",
              "runs": {
                "batter": 0,
                "extras": 0,
                "total": 0
              }
            }
          ]
        },
        {
          "over": 2,
          "deliveries": [
            {
              "batter": "Fakhar Zaman",
              "bowler": "Aamer Yamin",
              "non_striker": "Haris Sohail",
              "runs": {
                "batter": 0,
                "extras": 0,
                "total": 0
              }
            },
            {
              "batter": "Fakhar Zaman",
              "bowler": "Aamer Yamin",
              "non_striker": "Haris Sohail",
              "runs": {
                "batter": 0,
                "extras": 0,
                "total": 0
              }
            },
            {
              "batter": "Fakhar Zaman",
              "bowler": "Aamer Yamin",
              "non_striker": "Haris Sohail",
              "runs": {
                "batter": 1,
                "extras": 0,
                "total": 1
              }
            },
            {
              "batter": "Haris Sohail",
              "bowler": "Aamer Yamin",
              "non_striker": "Fakhar Zaman",
              "runs": {
                "batter": 0,
                "extras": 0,
                "total": 0
              }
            },
            {
              "batter": "Haris Sohail",
              "bowler": "Aamer Yamin",
              "non_striker": "Fakhar Zaman",
              "runs": {
                "batter": 4,
                "extras": 0,
                "total": 4
              }
            },
            {
              "batter": "Haris Sohail",
              "bowler": "Aamer Yamin",
              "non_striker": "Fakhar Zaman",
              "runs": {
                "batter": 1,
                "extras": 0,
                "total": 1
              }
            }
          ]
        },
        {
          "over": 3,
          "deliveries": [
            {
              "batter": "Haris Sohail",
              "bowler": "Mohammad Amir",
              "non_striker": "Fakhar Zaman",
              "runs": {
                "batter": 2,
                "extras": 0,
                "total": 2
              }
            },
            {
              "batter": "Haris Sohail",
              "bowler": "Mohammad Amir",
              "non_striker": "Fakhar Zaman",
              "runs": {
                "batter": 0,
                "extras": 0,
                "total": 0
              }
            },
            {
              "batter": "Haris Sohail",
              "bowler": "Mohammad Amir",
              "non_striker": "Fakhar Zaman",
              "runs": {
                "batter": 1,
                "extras": 0,
                "total": 1
              }
            },
            {
              "batter": "Fakhar Zaman",
              "bowler": "Mohammad Amir",
              "non_striker": "Haris Sohail",
              "runs": {
                "batter": 1,
                "extras": 0,
                "total": 1
              }
            },
            {
              "batter": "Haris Sohail",
              "bowler": "Mohammad Amir",
              "non_striker": "Fakhar Zaman",
              "runs": {
                "batter": 4,
                "extras": 0,
                "total": 4
              }
            },
            {
              "batter": "Haris Sohail",
              "bowler": "Mohammad Amir",
              "extras": {
                "byes": 1
              },
              "non_striker": "Fakhar Zaman",
              "runs": {
                "batter": 0,
                "extras": 1,
                "total": 1
              }
            }
          ]
        },
        {
          "over": 4,
          "deliveries": [
            {
              "batter": "Haris Sohail",
              "bowler": "Aamer Yamin",
              "non_striker": "Fakhar Zaman",
              "runs": {
                "batter": 1,
                "extras": 0,
                "total": 1
              }
            },
            {
              "batter": "Fakhar Zaman",
              "bowler": "Aamer Yamin",
              "non_striker": "Haris Sohail",
              "runs": {
                "batter": 0,
                "extras": 0,
                "total": 0
              }
            },
            {
              "batter": "Fakhar Zaman",
              "bowler": "Aamer Yamin",
              "non_striker": "Haris Sohail",
              "runs": {
                "batter": 0,
                "extras": 0,
                "total": 0
              }
            },
            {
              "batter": "Fakhar Zaman",
              "bowler": "Aamer Yamin",
              "non_striker": "Haris Sohail",
              "runs": {
                "batter": 0,
                "extras": 0,
                "total": 0
              }
            },
            {
              "batter": "Fakhar Zaman",
              "bowler": "Aamer Yamin",
              "non_striker": "Haris Sohail",
              "runs": {
                "batter": 0,
                "extras": 0,
                "total": 0
              }
            },
            {
              "batter": "Fakhar Zaman",
              "bowler": "Aamer Yamin",
              "non_striker": "Haris Sohail",
              "runs": {
                "batter": 1,
                "extras": 0,
                "total": 1
              }
            }
          ]
        },
        {
          "over": 5,
          "deliveries": [
            {
              "batter": "Fakhar Zaman",
              "bowler": "AW Summers",
              "non_striker": "Haris Sohail",
              "runs": {
                "batter": 0,
                "extras": 0,
                "total": 0
              }
            },
            {
              "batter": "Fakhar Zaman",
              "bowler": "AW Summers",
              "non_striker": "Haris Sohail",
              "runs": {
                "batter": 4,
                "extras": 0,
                "total": 4
              }
            },
            {
              "batter": "Fakhar Zaman",
              "bowler": "AW Summers",
              "non_striker": "Haris Sohail",
              "runs": {
                "batter": 1,
                "extras": 0,
                "total": 1
              }
            },
            {
              "batter": "Haris Sohail",
              "bowler": "AW Summers",
              "non_striker": "Fakhar Zaman",
              "runs": {
                "batter": 0,
                "extras": 0,
                "total": 0
              }
            },
            {
              "batter": "Haris Sohail",
              "bowler": "AW Summers",
              "non_striker": "Fakhar Zaman",
              "runs": {
                "batter": 0,
                "extras": 0,
                "total": 0
              }
            },
            {
              "batter": "Haris Sohail",
              "bowler": "AW Summers",
              "non_striker": "Fakhar Zaman",
              "runs": {
                "batter": 4,
                "extras": 0,
                "total": 4
              }
            }
          ]
        },
        {
          "over": 6,
          "deliveries": [
            {
              "batter": "Fakhar Zaman",
              "bowler": "Iftikhar Ahmed",
              "non_striker": "Haris Sohail",
              "runs": {
                "batter": 0,
                "extras": 0,
                "total": 0
              }
            },
            {
              "batter": "Fakhar Zaman",
              "bowler": "Iftikhar Ahmed",
              "non_striker": "Haris Sohail",
              "runs": {
                "batter": 0,
                "extras": 0,
                "total": 0
              },
              "wickets": [
                {
                  "player_out": "Fakhar Zaman",
                  "fielders": [
                    {
                      "name": "Babar Azam"
                    }
                  ],
                  "kind": "caught"
                }
              ]
            },
            {
              "batter": "AB de Villiers",
              "bowler": "Iftikhar Ahmed",
              "non_striker": "Haris Sohail",
              "runs": {
                "batter": 0,
                "extras": 0,
                "total": 0
              }
            },
            {
              "batter": "AB de Villiers",
              "bowler": "Iftikhar Ahmed",
              "non_striker": "Haris Sohail",
              "runs": {
                "batter": 0,
                "extras": 0,
                "total": 0
              }
            },
            {
              "batter": "AB de Villiers",
              "bowler": "Iftikhar Ahmed",
              "non_striker": "Haris Sohail",
              "runs": {
                "batter": 1,
                "extras": 0,
                "total": 1
              }
            },
            {
              "batter": "Haris Sohail",
              "bowler": "Iftikhar Ahmed",
              "non_striker": "AB de Villiers",
              "runs": {
                "batter": 0,
                "extras": 0,
                "total": 0
              }
            }
          ]
        },
        {
          "over": 7,
          "deliveries": [
            {
              "batter": "AB de Villiers",
              "bowler": "Imad Wasim",
              "non_striker": "Haris Sohail",
              "runs": {
                "batter": 1,
                "extras": 0,
                "total": 1
              }
            },
            {
              "batter": "Haris Sohail",
              "bowler": "Imad Wasim",
              "non_striker": "AB de Villiers",
              "runs": {
                "batter": 1,
                "extras": 0,
                "total": 1
              }
            },
            {
              "batter": "AB de Villiers",
              "bowler": "Imad Wasim",
              "non_striker": "Haris Sohail",
              "runs": {
                "batter": 0,
                "extras": 0,
                "total": 0
              }
            },
            {
              "batter": "AB de Villiers",
              "bowler": "Imad Wasim",
              "non_striker": "Haris Sohail",
              "runs": {
                "batter": 0,
                "extras": 0,
                "total": 0
              }
            },
            {
              "batter": "AB de Villiers",
              "bowler": "Imad Wasim",
              "non_striker": "Haris Sohail",
              "runs": {
                "batter": 2,
                "extras": 0,
                "total": 2
              }
            },
            {
              "batter": "AB de Villiers",
              "bowler": "Imad Wasim",
              "non_striker": "Haris Sohail",
              "runs": {
                "batter": 0,
                "extras": 0,
                "total": 0
              }
            }
          ]
        },
        {
          "over": 8,
          "deliveries": [
            {
              "batter": "Haris Sohail",
              "bowler": "Iftikhar Ahmed",
              "non_striker": "AB de Villiers",
              "runs": {
                "batter": 0,
                "extras": 0,
                "total": 0
              }
            },
            {
              "batter": "Haris Sohail",
              "bowler": "Iftikhar Ahmed",
              "non_striker": "AB de Villiers",
              "runs": {
                "batter": 0,
                "extras": 0,
                "total": 0
              },
              "wickets": [
                {
                  "player_out": "Haris Sohail",
                  "kind": "bowled"
                }
              ]
            },
            {
              "batter": "CJ Anderson",
              "bowler": "Iftikhar Ahmed",
              "non_striker": "AB de Villiers",
              "runs": {
                "batter": 2,
                "extras": 0,
                "total": 2
              }
            },
            {
              "batter": "CJ Anderson",
              "bowler": "Iftikhar Ahmed",
              "non_striker": "AB de Villiers",
              "runs": {
                "batter": 0,
                "extras": 0,
                "total": 0
              }
            },
            {
              "batter": "CJ Anderson",
              "bowler": "Iftikhar Ahmed",
              "non_striker": "AB de Villiers",
              "runs": {
                "batter": 1,
                "extras": 0,
                "total": 1
              }
            },
            {
              "batter": "AB de Villiers",
              "bowler": "Iftikhar Ahmed",
              "non_striker": "CJ Anderson",
              "runs": {
                "batter": 0,
                "extras": 0,
                "total": 0
              }
            }
          ]
        },
        {
          "over": 9,
          "deliveries": [
            {
              "batter": "CJ Anderson",
              "bowler": "Imad Wasim",
              "non_striker": "AB de Villiers",
              "runs": {
                "batter": 0,
                "extras": 0,
                "total": 0
              }
            },
            {
              "batter": "CJ Anderson",
              "bowler": "Imad Wasim",
              "non_striker": "AB de Villiers",
              "runs": {
                "batter": 1,
                "extras": 0,
                "total": 1
              }
            },
            {
              "batter": "AB de Villiers",
              "bowler": "Imad Wasim",
              "non_striker": "CJ Anderson",
              "runs": {
                "batter": 1,
                "extras": 0,
                "total": 1
              }
            },
            {
              "batter": "CJ Anderson",
              "bowler": "Imad Wasim",
              "non_striker": "AB de Villiers",
              "runs": {
                "batter": 1,
                "extras": 0,
                "total": 1
              }
            },
            {
              "batter": "AB de Villiers",
              "bowler": "Imad Wasim",
              "non_striker": "CJ Anderson",
              "runs": {
                "batter": 2,
                "extras": 0,
                "total": 2
              }
            },
            {
              "batter": "AB de Villiers",
              "bowler": "Imad Wasim",
              "non_striker": "CJ Anderson",
              "runs": {
                "batter": 0,
                "extras": 0,
                "total": 0
              }
            }
          ]
        },
        {
          "over": 10,
          "deliveries": [
            {
              "batter": "CJ Anderson",
              "bowler": "Umer Khan",
              "non_striker": "AB de Villiers",
              "runs": {
                "batter": 1,
                "extras": 0,
                "total": 1
              }
            },
            {
              "batter": "AB de Villiers",
              "bowler": "Umer Khan",
              "non_striker": "CJ Anderson",
              "runs": {
                "batter": 2,
                "extras": 0,
                "total": 2
              }
            },
            {
              "batter": "AB de Villiers",
              "bowler": "Umer Khan",
              "non_striker": "CJ Anderson",
              "runs": {
                "batter": 0,
                "extras": 0,
                "total": 0
              }
            },
            {
              "batter": "AB de Villiers",
              "bowler": "Umer Khan",
              "non_striker": "CJ Anderson",
              "runs": {
                "batter": 1,
                "extras": 0,
                "total": 1
              }
            },
            {
              "batter": "CJ Anderson",
              "bowler": "Umer Khan",
              "non_striker": "AB de Villiers",
              "runs": {
                "batter": 0,
                "extras": 0,
                "total": 0
              }
            },
            {
              "batter": "CJ Anderson",
              "bowler": "Umer Khan",
              "non_striker": "AB de Villiers",
              "runs": {
                "batter": 6,
                "extras": 0,
                "total": 6
              }
            }
          ]
        },
        {
          "over": 11,
          "deliveries": [
            {
              "batter": "AB de Villiers",
              "bowler": "Imad Wasim",
              "non_striker": "CJ Anderson",
              "runs": {
                "batter": 1,
                "extras": 0,
                "total": 1
              }
            },
            {
              "batter": "CJ Anderson",
              "bowler": "Imad Wasim",
              "non_striker": "AB de Villiers",
              "runs": {
                "batter": 6,
                "extras": 0,
                "total": 6
              }
            },
            {
              "batter": "CJ Anderson",
              "bowler": "Imad Wasim",
              "non_striker": "AB de Villiers",
              "runs": {
                "batter": 0,
                "extras": 0,
                "total": 0
              }
            },
            {
              "batter": "CJ Anderson",
              "bowler": "Imad Wasim",
              "non_striker": "AB de Villiers",
              "runs": {
                "batter": 4,
                "extras": 0,
                "total": 4
              }
            },
            {
              "batter": "CJ Anderson",
              "bowler": "Imad Wasim",
              "non_striker": "AB de Villiers",
              "runs": {
                "batter": 0,
                "extras": 0,
                "total": 0
              }
            },
            {
              "batter": "CJ Anderson",
              "bowler": "Imad Wasim",
              "non_striker": "AB de Villiers",
              "runs": {
                "batter": 0,
                "extras": 0,
                "total": 0
              }
            }
          ]
        },
        {
          "over": 12,
          "deliveries": [
            {
              "batter": "AB de Villiers",
              "bowler": "Umer Khan",
              "non_striker": "CJ Anderson",
              "runs": {
                "batter": 1,
                "extras": 0,
                "total": 1
              }
            },
            {
              "batter": "CJ Anderson",
              "bowler": "Umer Khan",
              "non_striker": "AB de Villiers",
              "runs": {
                "batter": 0,
                "extras": 0,
                "total": 0
              }
            },
            {
              "batter": "CJ Anderson",
              "bowler": "Umer Khan",
              "non_striker": "AB de Villiers",
              "runs": {
                "batter": 0,
                "extras": 0,
                "total": 0
              }
            },
            {
              "batter": "CJ Anderson",
              "bowler": "Umer Khan",
              "non_striker": "AB de Villiers",
              "runs": {
                "batter": 0,
                "extras": 0,
                "total": 0
              }
            },
            {
              "batter": "CJ Anderson",
              "bowler": "Umer Khan",
              "non_striker": "AB de Villiers",
              "runs": {
                "batter": 0,
                "extras": 0,
                "total": 0
              },
              "wickets": [
                {
                  "player_out": "CJ Anderson",
                  "fielders": [
                    {
                      "name": "Mohammad Rizwan"
                    }
                  ],
                  "kind": "stumped"
                }
              ]
            },
            {
              "batter": "Sohail Akhtar",
              "bowler": "Umer Khan",
              "non_striker": "AB de Villiers",
              "runs": {
                "batter": 1,
                "extras": 0,
                "total": 1
              }
            }
          ]
        },
        {
          "over": 13,
          "deliveries": [
            {
              "batter": "Sohail Akhtar",
              "bowler": "AW Summers",
              "extras": {
                "wides": 1
              },
              "non_striker": "AB de Villiers",
              "runs": {
                "batter": 0,
                "extras": 1,
                "total": 1
              }
            },
            {
              "batter": "Sohail Akhtar",
              "bowler": "AW Summers",
              "extras": {
                "wides": 1
              },
              "non_striker": "AB de Villiers",
              "runs": {
                "batter": 0,
                "extras": 1,
                "total": 1
              }
            },
            {
              "batter": "Sohail Akhtar",
              "bowler": "AW Summers",
              "non_striker": "AB de Villiers",
              "runs": {
                "batter": 0,
                "extras": 0,
                "total": 0
              }
            },
            {
              "batter": "Sohail Akhtar",
              "bowler": "AW Summers",
              "non_striker": "AB de Villiers",
              "runs": {
                "batter": 1,
                "extras": 0,
                "total": 1
              }
            },
            {
              "batter": "AB de Villiers",
              "bowler": "AW Summers",
              "non_striker": "Sohail Akhtar",
              "runs": {
                "batter": 0,
                "extras": 0,
                "total": 0
              }
            },
            {
              "batter": "AB de Villiers",
              "bowler": "AW Summers",
              "non_striker": "Sohail Akhtar",
              "runs": {
                "batter": 1,
                "extras": 0,
                "total": 1
              }
            },
            {
              "batter": "Sohail Akhtar",
              "bowler": "AW Summers",
              "non_striker": "AB de Villiers",
              "runs": {
                "batter": 2,
                "extras": 0,
                "total": 2
              }
            },
            {
              "batter": "Sohail Akhtar",
              "bowler": "AW Summers",
              "non_striker": "AB de Villiers",
              "runs": {
                "batter": 1,
                "extras": 0,
                "total": 1
              }
            }
          ]
        },
        {
          "over": 14,
          "deliveries": [
            {
              "batter": "Sohail Akhtar",
              "bowler": "Umer Khan",
              "non_striker": "AB de Villiers",
              "runs": {
                "batter": 1,
                "extras": 0,
                "total": 1
              }
            },
            {
              "batter": "AB de Villiers",
              "bowler": "Umer Khan",
              "non_striker": "Sohail Akhtar",
              "runs": {
                "batter": 0,
                "extras": 0,
                "total": 0
              }
            },
            {
              "batter": "AB de Villiers",
              "bowler": "Umer Khan",
              "non_striker": "Sohail Akhtar",
              "runs": {
                "batter": 4,
                "extras": 0,
                "total": 4
              }
            },
            {
              "batter": "AB de Villiers",
              "bowler": "Umer Khan",
              "non_striker": "Sohail Akhtar",
              "runs": {
                "batter": 4,
                "extras": 0,
                "total": 4
              }
            },
            {
              "batter": "AB de Villiers",
              "bowler": "Umer Khan",
              "non_striker": "Sohail Akhtar",
              "runs": {
                "batter": 1,
                "extras": 0,
                "total": 1
              }
            },
            {
              "batter": "Sohail Akhtar",
              "bowler": "Umer Khan",
              "non_striker": "AB de Villiers",
              "runs": {
                "batter": 0,
                "extras": 0,
                "total": 0
              }
            }
          ]
        },
        {
          "over": 15,
          "deliveries": [
            {
              "batter": "AB de Villiers",
              "bowler": "AW Summers",
              "non_striker": "Sohail Akhtar",
              "runs": {
                "batter": 0,
                "extras": 0,
                "total": 0
              }
            },
            {
              "batter": "AB de Villiers",
              "bowler": "AW Summers",
              "non_striker": "Sohail Akhtar",
              "runs": {
                "batter": 2,
                "extras": 0,
                "total": 2
              }
            },
            {
              "batter": "AB de Villiers",
              "bowler": "AW Summers",
              "non_striker": "Sohail Akhtar",
              "runs": {
                "batter": 0,
                "extras": 0,
                "total": 0
              }
            },
            {
              "batter": "AB de Villiers",
              "bowler": "AW Summers",
              "non_striker": "Sohail Akhtar",
              "runs": {
                "batter": 1,
                "extras": 0,
                "total": 1
              }
            },
            {
              "batter": "Sohail Akhtar",
              "bowler": "AW Summers",
              "non_striker": "AB de Villiers",
              "runs": {
                "batter": 1,
                "extras": 0,
                "total": 1
              }
            },
            {
              "batter": "AB de Villiers",
              "bowler": "AW Summers",
              "non_striker": "Sohail Akhtar",
              "runs": {
                "batter": 0,
                "extras": 0,
                "total": 0
              }
            }
          ]
        },
        {
          "over": 16,
          "deliveries": [
            {
              "batter": "Sohail Akhtar",
              "bowler": "Mohammad Amir",
              "non_striker": "AB de Villiers",
              "runs": {
                "batter": 1,
                "extras": 0,
                "total": 1
              }
            },
            {
              "batter": "AB de Villiers",
              "bowler": "Mohammad Amir",
              "non_striker": "Sohail Akhtar",
              "runs": {
                "batter": 2,
                "extras": 0,
                "total": 2
              }
            },
            {
              "batter": "AB de Villiers",
              "bowler": "Mohammad Amir",
              "non_striker": "Sohail Akhtar",
              "runs": {
                "batter": 0,
                "extras": 0,
                "total": 0
              }
            },
            {
              "batter": "AB de Villiers",
              "bowler": "Mohammad Amir",
              "non_striker": "Sohail Akhtar",
              "runs": {
                "batter": 6,
                "extras": 0,
                "total": 6
              }
            },
            {
              "batter": "AB de Villiers",
              "bowler": "Mohammad Amir",
              "non_striker": "Sohail Akhtar",
              "runs": {
                "batter": 0,
                "extras": 0,
                "total": 0
              },
              "wickets": [
                {
                  "player_out": "AB de Villiers",
                  "fielders": [
                    {
                      "name": "Umer Khan"
                    }
                  ],
                  "kind": "caught"
                }
              ]
            },
            {
              "batter": "Sohail Akhtar",
              "bowler": "Mohammad Amir",
              "non_striker": "D Wiese",
              "runs": {
                "batter": 1,
                "extras": 0,
                "total": 1
              }
            }
          ]
        },
        {
          "over": 17,
          "deliveries": [
            {
              "batter": "Sohail Akhtar",
              "bowler": "AW Summers",
              "non_striker": "D Wiese",
              "runs": {
                "batter": 1,
                "extras": 0,
                "total": 1
              }
            },
            {
              "batter": "D Wiese",
              "bowler": "AW Summers",
              "non_striker": "Sohail Akhtar",
              "runs": {
                "batter": 1,
                "extras": 0,
                "total": 1
              }
            },
            {
              "batter": "Sohail Akhtar",
              "bowler": "AW Summers",
              "non_striker": "D Wiese",
              "runs": {
                "batter": 1,
                "extras": 0,
                "total": 1
              }
            },
            {
              "batter": "D Wiese",
              "bowler": "AW Summers",
              "non_striker": "Sohail Akhtar",
              "runs": {
                "batter": 1,
                "extras": 0,
                "total": 1
              }
            },
            {
              "batter": "Sohail Akhtar",
              "bowler": "AW Summers",
              "non_striker": "D Wiese",
              "runs": {
                "batter": 1,
                "extras": 0,
                "total": 1
              }
            },
            {
              "batter": "D Wiese",
              "bowler": "AW Summers",
              "non_striker": "Sohail Akhtar",
              "runs": {
                "batter": 0,
                "extras": 0,
                "total": 0
              }
            }
          ]
        },
        {
          "over": 18,
          "deliveries": [
            {
              "batter": "Sohail Akhtar",
              "bowler": "Mohammad Amir",
              "non_striker": "D Wiese",
              "runs": {
                "batter": 0,
                "extras": 0,
                "total": 0
              }
            },
            {
              "batter": "Sohail Akhtar",
              "bowler": "Mohammad Amir",
              "non_striker": "D Wiese",
              "runs": {
                "batter": 2,
                "extras": 0,
                "total": 2
              }
            },
            {
              "batter": "Sohail Akhtar",
              "bowler": "Mohammad Amir",
              "non_striker": "D Wiese",
              "runs": {
                "batter": 0,
                "extras": 0,
                "total": 0
              }
            },
            {
              "batter": "Sohail Akhtar",
              "bowler": "Mohammad Amir",
              "non_striker": "D Wiese",
              "runs": {
                "batter": 6,
                "extras": 0,
                "total": 6
              }
            },
            {
              "batter": "Sohail Akhtar",
              "bowler": "Mohammad Amir",
              "non_striker": "D Wiese",
              "runs": {
                "batter": 1,
                "extras": 0,
                "total": 1
              }
            },
            {
              "batter": "D Wiese",
              "bowler": "Mohammad Amir",
              "non_striker": "Sohail Akhtar",
              "runs": {
                "batter": 0,
                "extras": 0,
                "total": 0
              }
            }
          ]
        },
        {
          "over": 19,
          "deliveries": [
            {
              "batter": "Sohail Akhtar",
              "bowler": "Aamer Yamin",
              "non_striker": "D Wiese",
              "runs": {
                "batter": 4,
                "extras": 0,
                "total": 4
              }
            },
            {
              "batter": "Sohail Akhtar",
              "bowler": "Aamer Yamin",
              "non_striker": "D Wiese",
              "runs": {
                "batter": 1,
                "extras": 0,
                "total": 1
              }
            },
            {
              "batter": "D Wiese",
              "bowler": "Aamer Yamin",
              "non_striker": "Sohail Akhtar",
              "runs": {
                "batter": 1,
                "extras": 0,
                "total": 1
              }
            },
            {
              "batter": "Sohail Akhtar",
              "bowler": "Aamer Yamin",
              "non_striker": "D Wiese",
              "runs": {
                "batter": 1,
                "extras": 0,
                "total": 1
              }
            },
            {
              "batter": "D Wiese",
              "bowler": "Aamer Yamin",
              "extras": {
                "byes": 1
              },
              "non_striker": "Sohail Akhtar",
              "runs": {
                "batter": 0,
                "extras": 1,
                "total": 1
              }
            },
            {
              "batter": "Sohail Akhtar",
              "bowler": "Aamer Yamin",
              "non_striker": "D Wiese",
              "runs": {
                "batter": 2,
                "extras": 0,
                "total": 2
              }
            }
          ]
        }
      ],
      "powerplays": [
        {
          "from": 0.1,
          "to": 5.6,
          "type": "mandatory"
        }
      ]
    },
    {
      "team": "Karachi Kings",
      "overs": [
        {
          "over": 0,
          "deliveries": [
            {
              "batter": "Babar Azam",
              "bowler": "Fakhar Zaman",
              "non_striker": "C Munro",
              "runs": {
                "batter": 1,
                "extras": 0,
                "total": 1
              }
            },
            {
              "batter": "C Munro",
              "bowler": "Fakhar Zaman",
              "non_striker": "Babar Azam",
              "runs": {
                "batter": 0,
                "extras": 0,
                "total": 0
              }
            },
            {
              "batter": "C Munro",
              "bowler": "Fakhar Zaman",
              "non_striker": "Babar Azam",
              "runs": {
                "batter": 6,
                "extras": 0,
                "total": 6
              }
            },
            {
              "batter": "C Munro",
              "bowler": "Fakhar Zaman",
              "non_striker": "Babar Azam",
              "runs": {
                "batter": 4,
                "extras": 0,
                "total": 4
              }
            },
            {
              "batter": "C Munro",
              "bowler": "Fakhar Zaman",
              "non_striker": "Babar Azam",
              "runs": {
                "batter": 2,
                "extras": 0,
                "total": 2
              }
            },
            {
              "batter": "C Munro",
              "bowler": "Fakhar Zaman",
              "non_striker": "Babar Azam",
              "runs": {
                "batter": 1,
                "extras": 0,
                "total": 1
              }
            }
          ]
        },
        {
          "over": 1,
          "deliveries": [
            {
              "batter": "C Munro",
              "bowler": "Aizaz Cheema",
              "non_striker": "Babar Azam",
              "runs": {
                "batter": 0,
                "extras": 0,
                "total": 0
              }
            },
            {
              "batter": "C Munro",
              "bowler": "Aizaz Cheema",
              "non_striker": "Babar Azam",
              "runs": {
                "batter": 0,
                "extras": 0,
                "total": 0
              }
            },
            {
              "batter": "C Munro",
              "bowler": "Aizaz Cheema",
              "non_striker": "Babar Azam",
              "runs": {
                "batter": 1,
                "extras": 0,
                "total": 1
              }
            },
            {
              "batter": "Babar Azam",
              "bowler": "Aizaz Cheema",
              "non_striker": "C Munro",
              "runs": {
                "batter": 4,
                "extras": 0,
                "total": 4
              }
            },
            {
              "batter": "Babar Azam",
              "bowler": "Aizaz Cheema",
              "non_striker": "C Munro",
              "runs": {
                "batter": 0,
                "extras": 0,
                "total": 0
              }
            },
            {
              "batter": "Babar Azam",
              "bowler": "Aizaz Cheema",
              "non_striker": "C Munro",
              "runs": {
                "batter": 0,
                "extras": 0,
                "total": 0
              }
            }
          ]
        },
        {
          "over": 2,
          "deliveries": [
            {
              "batter": "C Munro",
              "bowler": "S Lamichhane",
              "non_striker": "Babar Azam",
              "runs": {
                "batter": 1,
                "extras": 0,
                "total": 1
              }
            },
            {
              "batter": "Babar Azam",
              "bowler": "S Lamichhane",
              "non_striker": "C Munro",
              "runs": {
                "batter": 0,
                "extras": 0,
                "total": 0
              }
            },
            {
              "batter": "Babar Azam",
              "bowler": "S Lamichhane",
              "non_striker": "C Munro",
              "runs": {
                "batter": 1,
                "extras": 0,
                "total": 1
              }
            },
            {
              "batter": "C Munro",
              "bowler": "S Lamichhane",
              "non_striker": "Babar Azam",
              "runs": {
                "batter": 0,
                "extras": 0,
                "total": 0
              }
            },
            {
              "batter": "C Munro",
              "bowler": "S Lamichhane",
              "non_striker": "Babar Azam",
              "runs": {
                "batter": 0,
                "extras": 0,
                "total": 0
              }
            },
            {
              "batter": "C Munro",
              "bowler": "S Lamichhane",
              "non_striker": "Babar Azam",
              "runs": {
                "batter": 0,
                "extras": 0,
                "total": 0
              },
              "wickets": [
                {
                  "player_out": "C Munro",
                  "fielders": [
                    {
                      "name": "Haris Sohail"
                    }
                  ],
                  "kind": "caught"
                }
              ]
            }
          ]
        },
        {
          "over": 3,
          "deliveries": [
            {
              "batter": "Babar Azam",
              "bowler": "D Wiese",
              "non_striker": "LS Livingstone",
              "runs": {
                "batter": 0,
                "extras": 0,
                "total": 0
              }
            },
            {
              "batter": "Babar Azam",
              "bowler": "D Wiese",
              "non_striker": "LS Livingstone",
              "runs": {
                "batter": 0,
                "extras": 0,
                "total": 0
              }
            },
            {
              "batter": "Babar Azam",
              "bowler": "D Wiese",
              "non_striker": "LS Livingstone",
              "runs": {
                "batter": 4,
                "extras": 0,
                "total": 4
              }
            },
            {
              "batter": "Babar Azam",
              "bowler": "D Wiese",
              "non_striker": "LS Livingstone",
              "runs": {
                "batter": 1,
                "extras": 0,
                "total": 1
              }
            },
            {
              "batter": "LS Livingstone",
              "bowler": "D Wiese",
              "non_striker": "Babar Azam",
              "runs": {
                "batter": 1,
                "extras": 0,
                "total": 1
              }
            },
            {
              "batter": "Babar Azam",
              "bowler": "D Wiese",
              "non_striker": "LS Livingstone",
              "runs": {
                "batter": 0,
                "extras": 0,
                "total": 0
              }
            }
          ]
        },
        {
          "over": 4,
          "deliveries": [
            {
              "batter": "LS Livingstone",
              "bowler": "S Lamichhane",
              "non_striker": "Babar Azam",
              "runs": {
                "batter": 0,
                "extras": 0,
                "total": 0
              }
            },
            {
              "batter": "LS Livingstone",
              "bowler": "S Lamichhane",
              "non_striker": "Babar Azam",
              "runs": {
                "batter": 1,
                "extras": 0,
                "total": 1
              }
            },
            {
              "batter": "Babar Azam",
              "bowler": "S Lamichhane",
              "non_striker": "LS Livingstone",
              "runs": {
                "batter": 0,
                "extras": 0,
                "total": 0
              },
              "wickets": [
                {
                  "player_out": "Babar Azam",
                  "kind": "bowled"
                }
              ]
            },
            {
              "batter": "CA Ingram",
              "bowler": "S Lamichhane",
              "non_striker": "LS Livingstone",
              "runs": {
                "batter": 0,
                "extras": 0,
                "total": 0
              }
            },
            {
              "batter": "CA Ingram",
              "bowler": "S Lamichhane",
              "non_striker": "LS Livingstone",
              "runs": {
                "batter": 0,
                "extras": 0,
                "total": 0
              }
            },
            {
              "batter": "CA Ingram",
              "bowler": "S Lamichhane",
              "non_striker": "LS Livingstone",
              "runs": {
                "batter": 0,
                "extras": 0,
                "total": 0
              }
            }
          ]
        },
        {
          "over": 5,
          "deliveries": [
            {
              "batter": "LS Livingstone",
              "bowler": "D Wiese",
              "non_striker": "CA Ingram",
              "runs": {
                "batter": 0,
                "extras": 0,
                "total": 0
              }
            },
            {
              "batter": "LS Livingstone",
              "bowler": "D Wiese",
              "non_striker": "CA Ingram",
              "runs": {
                "batter": 0,
                "extras": 0,
                "total": 0
              }
            },
            {
              "batter": "LS Livingstone",
              "bowler": "D Wiese",
              "non_striker": "CA Ingram",
              "runs": {
                "batter": 0,
                "extras": 0,
                "total": 0
              }
            },
            {
              "batter": "LS Livingstone",
              "bowler": "D Wiese",
              "non_striker": "CA Ingram",
              "runs": {
                "batter": 0,
                "extras": 0,
                "total": 0
              }
            },
            {
              "batter": "LS Livingstone",
              "bowler": "D Wiese",
              "non_striker": "CA Ingram",
              "runs": {
                "batter": 0,
                "extras": 0,
                "total": 0
              }
            },
            {
              "batter": "LS Livingstone",
              "bowler": "D Wiese",
              "non_striker": "CA Ingram",
              "runs": {
                "batter": 1,
                "extras": 0,
                "total": 1
              }
            }
          ]
        },
        {
          "over": 6,
          "deliveries": [
            {
              "batter": "LS Livingstone",
              "bowler": "S Lamichhane",
              "non_striker": "CA Ingram",
              "runs": {
                "batter": 1,
                "extras": 0,
                "total": 1
              }
            },
            {
              "batter": "CA Ingram",
              "bowler": "S Lamichhane",
              "non_striker": "LS Livingstone",
              "runs": {
                "batter": 1,
                "extras": 0,
                "total": 1
              }
            },
            {
              "batter": "LS Livingstone",
              "bowler": "S Lamichhane",
              "non_striker": "CA Ingram",
              "runs": {
                "batter": 1,
                "extras": 0,
                "total": 1
              }
            },
            {
              "batter": "CA Ingram",
              "bowler": "S Lamichhane",
              "non_striker": "LS Livingstone",
              "runs": {
                "batter": 1,
                "extras": 0,
                "total": 1
              }
            },
            {
              "batter": "LS Livingstone",
              "bowler": "S Lamichhane",
              "non_striker": "CA Ingram",
              "runs": {
                "batter": 1,
                "extras": 0,
                "total": 1
              }
            },
            {
              "batter": "CA Ingram",
              "bowler": "S Lamichhane",
              "non_striker": "LS Livingstone",
              "runs": {
                "batter": 1,
                "extras": 0,
                "total": 1
              }
            }
          ]
        },
        {
          "over": 7,
          "deliveries": [
            {
              "batter": "CA Ingram",
              "bowler": "D Wiese",
              "non_striker": "LS Livingstone",
              "runs": {
                "batter": 1,
                "extras": 0,
                "total": 1
              }
            },
            {
              "batter": "LS Livingstone",
              "bowler": "D Wiese",
              "non_striker": "CA Ingram",
              "runs": {
                "batter": 0,
                "extras": 0,
                "total": 0
              }
            },
            {
              "batter": "LS Livingstone",
              "bowler": "D Wiese",
              "non_striker": "CA Ingram",
              "runs": {
                "batter": 4,
                "extras": 0,
                "total": 4
              }
            },
            {
              "batter": "LS Livingstone",
              "bowler": "D Wiese",
              "non_striker": "CA Ingram",
              "runs": {
                "batter": 0,
                "extras": 0,
                "total": 0
              }
            },
            {
              "batter": "LS Livingstone",
              "bowler": "D Wiese",
              "non_striker": "CA Ingram",
              "runs": {
                "batter": 1,
                "extras": 0,
                "total": 1
              }
            },
            {
              "batter": "CA Ingram",
              "bowler": "D Wiese",
              "non_striker": "LS Livingstone",
              "runs": {
                "batter": 0,
                "extras": 0,
                "total": 0
              }
            }
          ]
        },
        {
          "over": 8,
          "deliveries": [
            {
              "batter": "LS Livingstone",
              "bowler": "Yasir Shah",
              "non_striker": "CA Ingram",
              "runs": {
                "batter": 0,
                "extras": 0,
                "total": 0
              }
            },
            {
              "batter": "LS Livingstone",
              "bowler": "Yasir Shah",
              "non_striker": "CA Ingram",
              "runs": {
                "batter": 1,
                "extras": 0,
                "total": 1
              }
            },
            {
              "batter": "CA Ingram",
              "bowler": "Yasir Shah",
              "non_striker": "LS Livingstone",
              "runs": {
                "batter": 1,
                "extras": 0,
                "total": 1
              }
            },
            {
              "batter": "LS Livingstone",
              "bowler": "Yasir Shah",
              "non_striker": "CA Ingram",
              "runs": {
                "batter": 6,
                "extras": 0,
                "total": 6
              }
            },
            {
              "batter": "LS Livingstone",
              "bowler": "Yasir Shah",
              "non_striker": "CA Ingram",
              "runs": {
                "batter": 1,
                "extras": 0,
                "total": 1
              }
            },
            {
              "batter": "CA Ingram",
              "bowler": "Yasir Shah",
              "non_striker": "LS Livingstone",
              "runs": {
                "batter": 1,
                "extras": 0,
                "total": 1
              }
            }
          ]
        },
        {
          "over": 9,
          "deliveries": [
            {
              "batter": "CA Ingram",
              "bowler": "S Lamichhane",
              "non_striker": "LS Livingstone",
              "runs": {
                "batter": 4,
                "extras": 0,
                "total": 4
              }
            },
            {
              "batter": "CA Ingram",
              "bowler": "S Lamichhane",
              "non_striker": "LS Livingstone",
              "runs": {
                "batter": 1,
                "extras": 0,
                "total": 1
              }
            },
            {
              "batter": "LS Livingstone",
              "bowler": "S Lamichhane",
              "non_striker": "CA Ingram",
              "runs": {
                "batter": 1,
                "extras": 0,
                "total": 1
              }
            },
            {
              "batter": "CA Ingram",
              "bowler": "S Lamichhane",
              "non_striker": "LS Livingstone",
              "runs": {
                "batter": 1,
                "extras": 0,
                "total": 1
              }
            },
            {
              "batter": "LS Livingstone",
              "bowler": "S Lamichhane",
              "non_striker": "CA Ingram",
              "runs": {
                "batter": 0,
                "extras": 0,
                "total": 0
              }
            },
            {
              "batter": "LS Livingstone",
              "bowler": "S Lamichhane",
              "non_striker": "CA Ingram",
              "runs": {
                "batter": 1,
                "extras": 0,
                "total": 1
              }
            }
          ]
        },
        {
          "over": 10,
          "deliveries": [
            {
              "batter": "LS Livingstone",
              "bowler": "Yasir Shah",
              "extras": {
                "wides": 3
              },
              "non_striker": "CA Ingram",
              "runs": {
                "batter": 0,
                "extras": 3,
                "total": 3
              }
            },
            {
              "batter": "LS Livingstone",
              "bowler": "Yasir Shah",
              "non_striker": "CA Ingram",
              "runs": {
                "batter": 0,
                "extras": 0,
                "total": 0
              }
            },
            {
              "batter": "LS Livingstone",
              "bowler": "Yasir Shah",
              "non_striker": "CA Ingram",
              "runs": {
                "batter": 0,
                "extras": 0,
                "total": 0
              }
            },
            {
              "batter": "LS Livingstone",
              "bowler": "Yasir Shah",
              "non_striker": "CA Ingram",
              "runs": {
                "batter": 4,
                "extras": 0,
                "total": 4
              }
            },
            {
              "batter": "LS Livingstone",
              "bowler": "Yasir Shah",
              "non_striker": "CA Ingram",
              "runs": {
                "batter": 6,
                "extras": 0,
                "total": 6
              }
            },
            {
              "batter": "LS Livingstone",
              "bowler": "Yasir Shah",
              "non_striker": "CA Ingram",
              "runs": {
                "batter": 4,
                "extras": 0,
                "total": 4
              }
            },
            {
              "batter": "LS Livingstone",
              "bowler": "Yasir Shah",
              "non_striker": "CA Ingram",
              "runs": {
                "batter": 1,
                "extras": 0,
                "total": 1
              }
            }
          ]
        },
        {
          "over": 11,
          "deliveries": [
            {
              "batter": "LS Livingstone",
              "bowler": "Haris Rauf",
              "non_striker": "CA Ingram",
              "runs": {
                "batter": 0,
                "extras": 0,
                "total": 0
              }
            },
            {
              "batter": "LS Livingstone",
              "bowler": "Haris Rauf",
              "non_striker": "CA Ingram",
              "runs": {
                "batter": 1,
                "extras": 0,
                "total": 1
              }
            },
            {
              "batter": "CA Ingram",
              "bowler": "Haris Rauf",
              "non_striker": "LS Livingstone",
              "runs": {
                "batter": 0,
                "extras": 0,
                "total": 0
              }
            },
            {
              "batter": "CA Ingram",
              "bowler": "Haris Rauf",
              "non_striker": "LS Livingstone",
              "runs": {
                "batter": 0,
                "extras": 0,
                "total": 0
              },
              "wickets": [
                {
                  "player_out": "CA Ingram",
                  "kind": "bowled"
                }
              ]
            },
            {
              "batter": "Iftikhar Ahmed",
              "bowler": "Haris Rauf",
              "non_striker": "LS Livingstone",
              "review": {
                "by": "Lahore Qalandars",
                "batter": "Iftikhar Ahmed",
                "decision": "struck down"
              },
              "runs": {
                "batter": 0,
                "extras": 0,
                "total": 0
              }
            },
            {
              "batter": "Iftikhar Ahmed",
              "bowler": "Haris Rauf",
              "non_striker": "LS Livingstone",
              "runs": {
                "batter": 4,
                "extras": 0,
                "total": 4
              }
            }
          ]
        },
        {
          "over": 12,
          "deliveries": [
            {
              "batter": "LS Livingstone",
              "bowler": "Yasir Shah",
              "non_striker": "Iftikhar Ahmed",
              "runs": {
                "batter": 1,
                "extras": 0,
                "total": 1
              }
            },
            {
              "batter": "Iftikhar Ahmed",
              "bowler": "Yasir Shah",
              "non_striker": "LS Livingstone",
              "runs": {
                "batter": 0,
                "extras": 0,
                "total": 0
              }
            },
            {
              "batter": "Iftikhar Ahmed",
              "bowler": "Yasir Shah",
              "non_striker": "LS Livingstone",
              "runs": {
                "batter": 1,
                "extras": 0,
                "total": 1
              }
            },
            {
              "batter": "LS Livingstone",
              "bowler": "Yasir Shah",
              "non_striker": "Iftikhar Ahmed",
              "runs": {
                "batter": 0,
                "extras": 0,
                "total": 0
              }
            },
            {
              "batter": "LS Livingstone",
              "bowler": "Yasir Shah",
              "non_striker": "Iftikhar Ahmed",
              "runs": {
                "batter": 0,
                "extras": 0,
                "total": 0
              },
              "wickets": [
                {
                  "player_out": "LS Livingstone",
                  "kind": "bowled"
                }
              ]
            },
            {
              "batter": "Mohammad Rizwan",
              "bowler": "Yasir Shah",
              "non_striker": "Iftikhar Ahmed",
              "runs": {
                "batter": 0,
                "extras": 0,
                "total": 0
              }
            }
          ]
        },
        {
          "over": 13,
          "deliveries": [
            {
              "batter": "Iftikhar Ahmed",
              "bowler": "Haris Rauf",
              "non_striker": "Mohammad Rizwan",
              "runs": {
                "batter": 0,
                "extras": 0,
                "total": 0
              }
            },
            {
              "batter": "Iftikhar Ahmed",
              "bowler": "Haris Rauf",
              "non_striker": "Mohammad Rizwan",
              "runs": {
                "batter": 0,
                "extras": 0,
                "total": 0
              }
            },
            {
              "batter": "Iftikhar Ahmed",
              "bowler": "Haris Rauf",
              "non_striker": "Mohammad Rizwan",
              "runs": {
                "batter": 0,
                "extras": 0,
                "total": 0
              }
            },
            {
              "batter": "Iftikhar Ahmed",
              "bowler": "Haris Rauf",
              "non_striker": "Mohammad Rizwan",
              "runs": {
                "batter": 1,
                "extras": 0,
                "total": 1
              }
            },
            {
              "batter": "Mohammad Rizwan",
              "bowler": "Haris Rauf",
              "non_striker": "Iftikhar Ahmed",
              "runs": {
                "batter": 1,
                "extras": 0,
                "total": 1
              }
            },
            {
              "batter": "Iftikhar Ahmed",
              "bowler": "Haris Rauf",
              "non_striker": "Mohammad Rizwan",
              "runs": {
                "batter": 1,
                "extras": 0,
                "total": 1
              }
            }
          ]
        },
        {
          "over": 14,
          "deliveries": [
            {
              "batter": "Iftikhar Ahmed",
              "bowler": "Aizaz Cheema",
              "non_striker": "Mohammad Rizwan",
              "runs": {
                "batter": 0,
                "extras": 0,
                "total": 0
              }
            },
            {
              "batter": "Iftikhar Ahmed",
              "bowler": "Aizaz Cheema",
              "non_striker": "Mohammad Rizwan",
              "runs": {
                "batter": 6,
                "extras": 0,
                "total": 6
              }
            },
            {
              "batter": "Iftikhar Ahmed",
              "bowler": "Aizaz Cheema",
              "non_striker": "Mohammad Rizwan",
              "runs": {
                "batter": 2,
                "extras": 0,
                "total": 2
              }
            },
            {
              "batter": "Iftikhar Ahmed",
              "bowler": "Aizaz Cheema",
              "non_striker": "Mohammad Rizwan",
              "runs": {
                "batter": 0,
                "extras": 0,
                "total": 0
              }
            },
            {
              "batter": "Iftikhar Ahmed",
              "bowler": "Aizaz Cheema",
              "non_striker": "Mohammad Rizwan",
              "runs": {
                "batter": 1,
                "extras": 0,
                "total": 1
              }
            },
            {
              "batter": "Mohammad Rizwan",
              "bowler": "Aizaz Cheema",
              "non_striker": "Iftikhar Ahmed",
              "runs": {
                "batter": 1,
                "extras": 0,
                "total": 1
              }
            }
          ]
        },
        {
          "over": 15,
          "deliveries": [
            {
              "batter": "Mohammad Rizwan",
              "bowler": "D Wiese",
              "non_striker": "Iftikhar Ahmed",
              "runs": {
                "batter": 0,
                "extras": 0,
                "total": 0
              }
            },
            {
              "batter": "Mohammad Rizwan",
              "bowler": "D Wiese",
              "non_striker": "Iftikhar Ahmed",
              "runs": {
                "batter": 0,
                "extras": 0,
                "total": 0
              },
              "wickets": [
                {
                  "player_out": "Mohammad Rizwan",
                  "fielders": [
                    {
                      "name": "Fakhar Zaman"
                    }
                  ],
                  "kind": "caught"
                }
              ]
            },
            {
              "batter": "Imad Wasim",
              "bowler": "D Wiese",
              "non_striker": "Iftikhar Ahmed",
              "runs": {
                "batter": 2,
                "extras": 0,
                "total": 2
              }
            },
            {
              "batter": "Imad Wasim",
              "bowler": "D Wiese",
              "non_striker": "Iftikhar Ahmed",
              "runs": {
                "batter": 0,
                "extras": 0,
                "total": 0
              }
            },
            {
              "batter": "Imad Wasim",
              "bowler": "D Wiese",
              "non_striker": "Iftikhar Ahmed",
              "runs": {
                "batter": 1,
                "extras": 0,
                "total": 1
              }
            },
            {
              "batter": "Iftikhar Ahmed",
              "bowler": "D Wiese",
              "non_striker": "Imad Wasim",
              "runs": {
                "batter": 0,
                "extras": 0,
                "total": 0
              }
            }
          ]
        },
        {
          "over": 16,
          "deliveries": [
            {
              "batter": "Imad Wasim",
              "bowler": "Haris Rauf",
              "non_striker": "Iftikhar Ahmed",
              "runs": {
                "batter": 0,
                "extras": 0,
                "total": 0
              }
            },
            {
              "batter": "Imad Wasim",
              "bowler": "Haris Rauf",
              "non_striker": "Iftikhar Ahmed",
              "runs": {
                "batter": 1,
                "extras": 0,
                "total": 1
              }
            },
            {
              "batter": "Iftikhar Ahmed",
              "bowler": "Haris Rauf",
              "non_striker": "Imad Wasim",
              "runs": {
                "batter": 1,
                "extras": 0,
                "total": 1
              }
            },
            {
              "batter": "Imad Wasim",
              "bowler": "Haris Rauf",
              "non_striker": "Iftikhar Ahmed",
              "runs": {
                "batter": 1,
                "extras": 0,
                "total": 1
              }
            },
            {
              "batter": "Iftikhar Ahmed",
              "bowler": "Haris Rauf",
              "non_striker": "Imad Wasim",
              "runs": {
                "batter": 6,
                "extras": 0,
                "total": 6
              }
            },
            {
              "batter": "Iftikhar Ahmed",
              "bowler": "Haris Rauf",
              "non_striker": "Imad Wasim",
              "runs": {
                "batter": 0,
                "extras": 0,
                "total": 0
              }
            }
          ]
        },
        {
          "over": 17,
          "deliveries": [
            {
              "batter": "Imad Wasim",
              "bowler": "Aizaz Cheema",
              "extras": {
                "noballs": 1
              },
              "non_striker": "Iftikhar Ahmed",
              "runs": {
                "batter": 4,
                "extras": 1,
                "total": 5
              }
            },
            {
              "batter": "Imad Wasim",
              "bowler": "Aizaz Cheema",
              "non_striker": "Iftikhar Ahmed",
              "runs": {
                "batter": 4,
                "extras": 0,
                "total": 4
              }
            },
            {
              "batter": "Imad Wasim",
              "bowler": "Aizaz Cheema",
              "non_striker": "Iftikhar Ahmed",
              "runs": {
                "batter": 1,
                "extras": 0,
                "total": 1
              }
            },
            {
              "batter": "Iftikhar Ahmed",
              "bowler": "Aizaz Cheema",
              "non_striker": "Imad Wasim",
              "runs": {
                "batter": 1,
                "extras": 0,
                "total": 1
              }
            },
            {
              "batter": "Imad Wasim",
              "bowler": "Aizaz Cheema",
              "non_striker": "Iftikhar Ahmed",
              "runs": {
                "batter": 1,
                "extras": 0,
                "total": 1
              }
            },
            {
              "batter": "Iftikhar Ahmed",
              "bowler": "Aizaz Cheema",
              "non_striker": "Imad Wasim",
              "runs": {
                "batter": 4,
                "extras": 0,
                "total": 4
              }
            },
            {
              "batter": "Iftikhar Ahmed",
              "bowler": "Aizaz Cheema",
              "non_striker": "Imad Wasim",
              "runs": {
                "batter": 1,
                "extras": 0,
                "total": 1
              }
            }
          ]
        },
        {
          "over": 18,
          "deliveries": [
            {
              "batter": "Iftikhar Ahmed",
              "bowler": "Haris Rauf",
              "non_striker": "Imad Wasim",
              "runs": {
                "batter": 2,
                "extras": 0,
                "total": 2
              }
            },
            {
              "batter": "Iftikhar Ahmed",
              "bowler": "Haris Rauf",
              "non_striker": "Imad Wasim",
              "runs": {
                "batter": 1,
                "extras": 0,
                "total": 1
              }
            },
            {
              "batter": "Imad Wasim",
              "bowler": "Haris Rauf",
              "non_striker": "Iftikhar Ahmed",
              "runs": {
                "batter": 1,
                "extras": 0,
                "total": 1
              }
            },
            {
              "batter": "Iftikhar Ahmed",
              "bowler": "Haris Rauf",
              "non_striker": "Imad Wasim",
              "runs": {
                "batter": 0,
                "extras": 0,
                "total": 0
              }
            },
            {
              "batter": "Iftikhar Ahmed",
              "bowler": "Haris Rauf",
              "non_striker": "Imad Wasim",
              "runs": {
                "batter": 1,
                "extras": 0,
                "total": 1
              }
            },
            {
              "batter": "Imad Wasim",
              "bowler": "Haris Rauf",
              "non_striker": "Iftikhar Ahmed",
              "runs": {
                "batter": 1,
                "extras": 0,
                "total": 1
              }
            }
          ]
        },
        {
          "over": 19,
          "deliveries": [
            {
              "batter": "Imad Wasim",
              "bowler": "Yasir Shah",
              "non_striker": "Iftikhar Ahmed",
              "runs": {
                "batter": 2,
                "extras": 0,
                "total": 2
              }
            }
          ]
        }
      ],
      "powerplays": [
        {
          "from": 0.1,
          "to": 5.6,
          "type": "mandatory"
        }
      ],
      "target": {
        "overs": 20,
        "runs": 134
      }
    }
  ]
}