{
  "meta": {
    "data_version": "1.0.0",
    "created": "2020-03-05",
    "revision": 1
  },
  "info": {
    "balls_per_over": 6,
    "city": "Rawalpindi",
    "dates": [
      "2020-03-05"
    ],
    "event": {
      "name": "Pakistan Super League",
      "match_number": 18
    },
    "gender": "male",
    "match_type": "T20",
    "missing": [
      "reviews"
    ],
    "officials": {
      "match_referees": [
        "RS Mahanama"
      ],
      "reserve_umpires": [
        "Saqib Khan"
      ],
      "tv_umpires": [
        "Rashid Riaz"
      ],
      "umpires": [
        "REJ Martinesz",
        "Tariq Rasheed"
      ]
    },
    "outcome": {
      "winner": "Peshawar Zalmi",
      "by": {
        "runs": 30
      }
    },
    "overs": 20,
    "player_of_match": [
      "Shoaib Malik"
    ],
    "players": {
      "Peshawar Zalmi": [
        "Kamran Akmal",
        "Imam-ul-Haq",
        "Haider Ali",
        "Shoaib Malik",
        "LS Livingstone",
        "L Gregory",
        "LA Dawson",
        "Hasan Ali",
        "Wahab Riaz",
        "Yasir Shah",
        "Rahat Ali"
      ],
      "Quetta Gladiators": [
        "JJ Roy",
        "SR Watson",
        "Ahmed Shehzad",
        "BCJ Cutting",
        "Mohammad Nawaz (3)",
        "Azam Khan",
        "Sarfraz Ahmed",
        "Sohail Khan",
        "TS Mills",
        "Naseem Shah",
        "Mohammad Hasnain"
      ]
    },
    "registry": {
      "people": {
        "Ahmed Shehzad": "f8fd6e3f",
        "Azam Khan": "ee8f1a6d",
        "BCJ Cutting": "2e11c706",
        "Haider Ali": "c13e34f4",
        "Hasan Ali": "2911de16",
        "Imam-ul-Haq": "40c041ea",
        "JJ Roy": "d1c36f5c",
        "Kamran Akmal": "ff077124",
        "L Gregory": "06c2de82",
        "LA Dawson": "4a461c24",
        "LS Livingstone": "50c6bc2b",
        "Mohammad Hasnain": "8596fe80",
        "Mohammad Nawaz (3)": "3086f7a4",
        "Naseem Shah": "9c9af282",
        "REJ Martinesz": "140cdf29",
        "RS Mahanama": "57910393",
        "Rahat Ali": "a63775d6",
        "Rashid Riaz": "fb82725e",
        "SR Watson": "4329fbb5",
        "Saqib Khan": "74644db4",
        "Sarfraz Ahmed": "2254ab79",
        "Shoaib Malik": "64c34cd0",
        "Sohail Khan": "5af743d0",
        "TS Mills": "245c97cb",
        "Tariq Rasheed": "1008518c",
        "Wahab Riaz": "b3118300",
        "Yasir Shah": "f2800ef3"
      }
    },
    "season": "2019/20",
    "team_type": "club",
    "teams": [
      "Peshawar Zalmi",
      "Quetta Gladiators"
    ],
    "toss": {
      "decision": "field",
      "winner": "Quetta Gladiators"
    },
    "venue": "Rawalpindi Cricket Stadium"
  },
  "innings": [
    {
      "team": "Peshawar Zalmi",
      "overs": [
        {
          "over": 0,
          "deliveries": [
            {
              "batter": "Kamran Akmal",
              "bowler": "Naseem Shah",
              "non_striker": "Imam-ul-Haq",
              "runs": {
                "batter": 1,
                "extras": 0,
                "total": 1
              }
            },
            {
              "batter": "Imam-ul-Haq",
              "bowler": "Naseem Shah",
              "non_striker": "Kamran Akmal",
              "runs": {
                "batter": 0,
                "extras": 0,
                "total": 0
              }
            },
            {
              "batter": "Imam-ul-Haq",
              "bowler": "Naseem Shah",
              "non_striker": "Kamran Akmal",
              "runs": {
                "batter": 0,
                "extras": 0,
                "total": 0
              }
            },
            {
              "batter": "Imam-ul-Haq",
              "bowler": "Naseem Shah",
              "non_striker": "Kamran Akmal",
              "runs": {
                "batter": 1,
                "extras": 0,
                "total": 1
              }
            },
            {
              "batter": "Kamran Akmal",
              "bowler": "Naseem Shah",
              "non_striker": "Imam-ul-Haq",
              "runs": {
                "batter": 0,
                "extras": 0,
                "total": 0
              }
            },
            {
              "batter": "Kamran Akmal",
              "bowler": "Naseem Shah",
              "non_striker": "Imam-ul-Haq",
              "runs": {
                "batter": 0,
                "extras": 0,
                "total": 0
              }
            }
          ]
        },
        {
          "over": 1,
          "deliveries": [
            {
              "batter": "Imam-ul-Haq",
              "bowler": "Sohail Khan",
              "non_striker": "Kamran Akmal",
              "runs": {
                "batter": 2,
                "extras": 0,
                "total": 2
              }
            },
            {
              "batter": "Imam-ul-Haq",
              "bowler": "Sohail Khan",
              "non_striker": "Kamran Akmal",
              "runs": {
                "batter": 4,
                "extras": 0,
                "total": 4
              }
            },
            {
              "batter": "Imam-ul-Haq",
              "bowler": "Sohail Khan",
              "non_striker": "Kamran Akmal",
              "runs": {
                "batter": 0,
                "extras": 0,
                "total": 0
              }
            },
            {
              "batter": "Imam-ul-Haq",
              "bowler": "Sohail Khan",
              "extras": {
                "wides": 1
              },
              "non_striker": "Kamran Akmal",
              "runs": {
                "batter": 0,
                "extras": 1,
                "total": 1
              }
            },
            {
              "batter": "Imam-ul-Haq",
              "bowler": "Sohail Khan",
              "non_striker": "Kamran Akmal",
              "runs": {
                "batter": 0,
                "extras": 0,
                "total": 0
              },
              "wickets": [
                {
                  "kind": "caught",
                  "player_out": "Imam-ul-Haq",
                  "fielders": [
                    {
                      "name": "Sarfraz Ahmed"
                    }
                  ]
                }
              ]
            },
            {
              "batter": "Haider Ali",
              "bowler": "Sohail Khan",
              "non_striker": "Kamran Akmal",
              "runs": {
                "batter": 1,
                "extras": 0,
                "total": 1
              }
            },
            {
              "batter": "Kamran Akmal",
              "bowler": "Sohail Khan",
              "non_striker": "Haider Ali",
              "runs": {
                "batter": 4,
                "extras": 0,
                "total": 4
              }
            }
          ]
        },
        {
          "over": 2,
          "deliveries": [
            {
              "batter": "Haider Ali",
              "bowler": "Naseem Shah",
              "non_striker": "Kamran Akmal",
              "runs": {
                "batter": 4,
                "extras": 0,
                "total": 4
              }
            },
            {
              "batter": "Haider Ali",
              "bowler": "Naseem Shah",
              "non_striker": "Kamran Akmal",
              "runs": {
                "batter": 0,
                "extras": 0,
                "total": 0
              }
            },
            {
              "batter": "Haider Ali",
              "bowler": "Naseem Shah",
              "non_striker": "Kamran Akmal",
              "runs": {
                "batter": 0,
                "extras": 0,
                "total": 0
              }
            },
            {
              "batter": "Haider Ali",
              "bowler": "Naseem Shah",
              "extras": {
                "legbyes": 1
              },
              "non_striker": "Kamran Akmal",
              "runs": {
                "batter": 0,
                "extras": 1,
                "total": 1
              }
            },
            {
              "batter": "Kamran Akmal",
              "bowler": "Naseem Shah",
              "non_striker": "Haider Ali",
              "runs": {
                "batter": 0,
                "extras": 0,
                "total": 0
              }
            },
            {
              "batter": "Kamran Akmal",
              "bowler": "Naseem Shah",
              "non_striker": "Haider Ali",
              "runs": {
                "batter": 0,
                "extras": 0,
                "total": 0
              }
            }
          ]
        },
        {
          "over": 3,
          "deliveries": [
            {
              "batter": "Haider Ali",
              "bowler": "TS Mills",
              "non_striker": "Kamran Akmal",
              "runs": {
                "batter": 1,
                "extras": 0,
                "total": 1
              }
            },
            {
              "batter": "Kamran Akmal",
              "bowler": "TS Mills",
              "non_striker": "Haider Ali",
              "runs": {
                "batter": 1,
                "extras": 0,
                "total": 1
              }
            },
            {
              "batter": "Haider Ali",
              "bowler": "TS Mills",
              "non_striker": "Kamran Akmal",
              "runs": {
                "batter": 1,
                "extras": 0,
                "total": 1
              }
            },
            {
              "batter": "Kamran Akmal",
              "bowler": "TS Mills",
              "non_striker": "Haider Ali",
              "runs": {
                "batter": 4,
                "extras": 0,
                "total": 4
              }
            },
            {
              "batter": "Kamran Akmal",
              "bowler": "TS Mills",
              "non_striker": "Haider Ali",
              "runs": {
                "batter": 1,
                "extras": 0,
                "total": 1
              }
            },
            {
              "batter": "Haider Ali",
              "bowler": "TS Mills",
              "non_striker": "Kamran Akmal",
              "runs": {
                "batter": 0,
                "extras": 0,
                "total": 0
              }
            }
          ]
        },
        {
          "over": 4,
          "deliveries": [
            {
              "batter": "Kamran Akmal",
              "bowler": "Mohammad Hasnain",
              "non_striker": "Haider Ali",
              "runs": {
                "batter": 6,
                "extras": 0,
                "total": 6
              }
            },
            {
              "batter": "Kamran Akmal",
              "bowler": "Mohammad Hasnain",
              "non_striker": "Haider Ali",
              "runs": {
                "batter": 6,
                "extras": 0,
                "total": 6
              }
            },
            {
              "batter": "Kamran Akmal",
              "bowler": "Mohammad Hasnain",
              "non_striker": "Haider Ali",
              "runs": {
                "batter": 0,
                "extras": 0,
                "total": 0
              },
              "wickets": [
                {
                  "kind": "caught",
                  "player_out": "Kamran Akmal",
                  "fielders": [
                    {
                      "name": "JJ Roy"
                    }
                  ]
                }
              ]
            },
            {
              "batter": "Shoaib Malik",
              "bowler": "Mohammad Hasnain",
              "non_striker": "Haider Ali",
              "runs": {
                "batter": 1,
                "extras": 0,
                "total": 1
              }
            },
            {
              "batter": "Haider Ali",
              "bowler": "Mohammad Hasnain",
              "non_striker": "Shoaib Malik",
              "runs": {
                "batter": 0,
                "extras": 0,
                "total": 0
              }
            },
            {
              "batter": "Haider Ali",
              "bowler": "Mohammad Hasnain",
              "non_striker": "Shoaib Malik",
              "runs": {
                "batter": 1,
                "extras": 0,
                "total": 1
              }
            }
          ]
        },
        {
          "over": 5,
          "deliveries": [
            {
              "batter": "Haider Ali",
              "bowler": "Mohammad Nawaz (3)",
              "non_striker": "Shoaib Malik",
              "runs": {
                "batter": 0,
                "extras": 0,
                "total": 0
              }
            },
            {
              "batter": "Haider Ali",
              "bowler": "Mohammad Nawaz (3)",
              "non_striker": "Shoaib Malik",
              "runs": {
                "batter": 1,
                "extras": 0,
                "total": 1
              }
            },
            {
              "batter": "Shoaib Malik",
              "bowler": "Mohammad Nawaz (3)",
              "non_striker": "Haider Ali",
              "runs": {
                "batter": 1,
                "extras": 0,
                "total": 1
              }
            },
            {
              "batter": "Haider Ali",
              "bowler": "Mohammad Nawaz (3)",
              "non_striker": "Shoaib Malik",
              "runs": {
                "batter": 1,
                "extras": 0,
                "total": 1
              }
            },
            {
              "batter": "Shoaib Malik",
              "bowler": "Mohammad Nawaz (3)",
              "non_striker": "Haider Ali",
              "runs": {
                "batter": 1,
                "extras": 0,
                "total": 1
              }
            },
            {
              "batter": "Haider Ali",
              "bowler": "Mohammad Nawaz (3)",
              "non_striker": "Shoaib Malik",
              "runs": {
                "batter": 0,
                "extras": 0,
                "total": 0
              }
            }
          ]
        },
        {
          "over": 6,
          "deliveries": [
            {
              "batter": "Shoaib Malik",
              "bowler": "BCJ Cutting",
              "non_striker": "Haider Ali",
              "runs": {
                "batter": 1,
                "extras": 0,
                "total": 1
              }
            },
            {
              "batter": "Haider Ali",
              "bowler": "BCJ Cutting",
              "non_striker": "Shoaib Malik",
              "runs": {
                "batter": 2,
                "extras": 0,
                "total": 2
              }
            },
            {
              "batter": "Haider Ali",
              "bowler": "BCJ Cutting",
              "non_striker": "Shoaib Malik",
              "runs": {
                "batter": 1,
                "extras": 0,
                "total": 1
              }
            },
            {
              "batter": "Shoaib Malik",
              "bowler": "BCJ Cutting",
              "non_striker": "Haider Ali",
              "runs": {
                "batter": 1,
                "extras": 0,
                "total": 1
              }
            },
            {
              "batter": "Haider Ali",
              "bowler": "BCJ Cutting",
              "non_striker": "Shoaib Malik",
              "runs": {
                "batter": 6,
                "extras": 0,
                "total": 6
              }
            },
            {
              "batter": "Haider Ali",
              "bowler": "BCJ Cutting",
              "non_striker": "Shoaib Malik",
              "runs": {
                "batter": 1,
                "extras": 0,
                "total": 1
              }
            }
          ]
        },
        {
          "over": 7,
          "deliveries": [
            {
              "batter": "Haider Ali",
              "bowler": "Mohammad Nawaz (3)",
              "non_striker": "Shoaib Malik",
              "runs": {
                "batter": 1,
                "extras": 0,
                "total": 1
              }
            },
            {
              "batter": "Shoaib Malik",
              "bowler": "Mohammad Nawaz (3)",
              "non_striker": "Haider Ali",
              "runs": {
                "batter": 6,
                "extras": 0,
                "total": 6
              }
            },
            {
              "batter": "Shoaib Malik",
              "bowler": "Mohammad Nawaz (3)",
              "non_striker": "Haider Ali",
              "runs": {
                "batter": 1,
                "extras": 0,
                "total": 1
              }
            },
            {
              "batter": "Haider Ali",
              "bowler": "Mohammad Nawaz (3)",
              "non_striker": "Shoaib Malik",
              "runs": {
                "batter": 4,
                "extras": 0,
                "total": 4
              }
            },
            {
              "batter": "Haider Ali",
              "bowler": "Mohammad Nawaz (3)",
              "non_striker": "Shoaib Malik",
              "runs": {
                "batter": 6,
                "extras": 0,
                "total": 6
              }
            },
            {
              "batter": "Haider Ali",
              "bowler": "Mohammad Nawaz (3)",
              "non_striker": "Shoaib Malik",
              "runs": {
                "batter": 4,
                "extras": 0,
                "total": 4
              }
            }
          ]
        },
        {
          "over": 8,
          "deliveries": [
            {
              "batter": "Shoaib Malik",
              "bowler": "Sohail Khan",
              "non_striker": "Haider Ali",
              "runs": {
                "batter": 4,
                "extras": 0,
                "total": 4
              }
            },
            {
              "batter": "Shoaib Malik",
              "bowler": "Sohail Khan",
              "non_striker": "Haider Ali",
              "runs": {
                "batter": 0,
                "extras": 0,
                "total": 0
              }
            },
            {
              "batter": "Shoaib Malik",
              "bowler": "Sohail Khan",
              "non_striker": "Haider Ali",
              "runs": {
                "batter": 4,
                "extras": 0,
                "total": 4
              }
            },
            {
              "batter": "Shoaib Malik",
              "bowler": "Sohail Khan",
              "non_striker": "Haider Ali",
              "runs": {
                "batter": 0,
                "extras": 0,
                "total": 0
              }
            },
            {
              "batter": "Shoaib Malik",
              "bowler": "Sohail Khan",
              "non_striker": "Haider Ali",
              "runs": {
                "batter": 0,
                "extras": 0,
                "total": 0
              }
            },
            {
              "batter": "Shoaib Malik",
              "bowler": "Sohail Khan",
              "non_striker": "Haider Ali",
              "runs": {
                "batter": 1,
                "extras": 0,
                "total": 1
              }
            }
          ]
        },
        {
          "over": 9,
          "deliveries": [
            {
              "batter": "Shoaib Malik",
              "bowler": "Mohammad Hasnain",
              "non_striker": "Haider Ali",
              "runs": {
                "batter": 1,
                "extras": 0,
                "total": 1
              }
            },
            {
              "batter": "Haider Ali",
              "bowler": "Mohammad Hasnain",
              "non_striker": "Shoaib Malik",
              "runs": {
                "batter": 4,
                "extras": 0,
                "total": 4
              }
            },
            {
              "batter": "Haider Ali",
              "bowler": "Mohammad Hasnain",
              "non_striker": "Shoaib Malik",
              "runs": {
                "batter": 0,
                "extras": 0,
                "total": 0
              },
              "wickets": [
                {
                  "kind": "caught",
                  "player_out": "Haider Ali",
                  "fielders": [
                    {
                      "name": "SR Watson"
                    }
                  ]
                }
              ]
            },
            {
              "batter": "Shoaib Malik",
              "bowler": "Mohammad Hasnain",
              "non_striker": "LS Livingstone",
              "runs": {
                "batter": 2,
                "extras": 0,
                "total": 2
              }
            },
            {
              "batter": "Shoaib Malik",
              "bowler": "Mohammad Hasnain",
              "non_striker": "LS Livingstone",
              "runs": {
                "batter": 0,
                "extras": 0,
                "total": 0
              }
            },
            {
              "batter": "Shoaib Malik",
              "bowler": "Mohammad Hasnain",
              "non_striker": "LS Livingstone",
              "runs": {
                "batter": 4,
                "extras": 0,
                "total": 4
              }
            }
          ]
        },
        {
          "over": 10,
          "deliveries": [
            {
              "batter": "LS Livingstone",
              "bowler": "Sohail Khan",
              "non_striker": "Shoaib Malik",
              "runs": {
                "batter": 1,
                "extras": 0,
                "total": 1
              }
            },
            {
              "batter": "Shoaib Malik",
              "bowler": "Sohail Khan",
              "non_striker": "LS Livingstone",
              "runs": {
                "batter": 4,
                "extras": 0,
                "total": 4
              }
            },
            {
              "batter": "Shoaib Malik",
              "bowler": "Sohail Khan",
              "extras": {
                "wides": 1
              },
              "non_striker": "LS Livingstone",
              "runs": {
                "batter": 0,
                "extras": 1,
                "total": 1
              }
            },
            {
              "batter": "Shoaib Malik",
              "bowler": "Sohail Khan",
              "non_striker": "LS Livingstone",
              "runs": {
                "batter": 0,
                "extras": 0,
                "total": 0
              }
            },
            {
              "batter": "Shoaib Malik",
              "bowler": "Sohail Khan",
              "non_striker": "LS Livingstone",
              "runs": {
                "batter": 4,
                "extras": 0,
                "total": 4
              }
            },
            {
              "batter": "Shoaib Malik",
              "bowler": "Sohail Khan",
              "non_striker": "LS Livingstone",
              "runs": {
                "batter": 3,
                "extras": 0,
                "total": 3
              }
            },
            {
              "batter": "LS Livingstone",
              "bowler": "Sohail Khan",
              "non_striker": "Shoaib Malik",
              "runs": {
                "batter": 4,
                "extras": 0,
                "total": 4
              }
            }
          ]
        },
        {
          "over": 11,
          "deliveries": [
            {
              "batter": "Shoaib Malik",
              "bowler": "TS Mills",
              "non_striker": "LS Livingstone",
              "runs": {
                "batter": 4,
                "extras": 0,
                "total": 4
              }
            },
            {
              "batter": "Shoaib Malik",
              "bowler": "TS Mills",
              "non_striker": "LS Livingstone",
              "runs": {
                "batter": 4,
                "extras": 0,
                "total": 4
              }
            },
            {
              "batter": "Shoaib Malik",
              "bowler": "TS Mills",
              "non_striker": "LS Livingstone",
              "runs": {
                "batter": 1,
                "extras": 0,
                "total": 1
              }
            },
            {
              "batter": "LS Livingstone",
              "bowler": "TS Mills",
              "non_striker": "Shoaib Malik",
              "runs": {
                "batter": 2,
                "extras": 0,
                "total": 2
              }
            },
            {
              "batter": "LS Livingstone",
              "bowler": "TS Mills",
              "non_striker": "Shoaib Malik",
              "runs": {
                "batter": 1,
                "extras": 0,
                "total": 1
              }
            },
            {
              "batter": "Shoaib Malik",
              "bowler": "TS Mills",
              "non_striker": "LS Livingstone",
              "runs": {
                "batter": 2,
                "extras": 0,
                "total": 2
              }
            }
          ]
        },
        {
          "over": 12,
          "deliveries": [
            {
              "batter": "LS Livingstone",
              "bowler": "Mohammad Hasnain",
              "non_striker": "Shoaib Malik",
              "runs": {
                "batter": 0,
                "extras": 0,
                "total": 0
              }
            },
            {
              "batter": "LS Livingstone",
              "bowler": "Mohammad Hasnain",
              "non_striker": "Shoaib Malik",
              "runs": {
                "batter": 4,
                "extras": 0,
                "total": 4
              }
            },
            {
              "batter": "LS Livingstone",
              "bowler": "Mohammad Hasnain",
              "non_striker": "Shoaib Malik",
              "runs": {
                "batter": 0,
                "extras": 0,
                "total": 0
              },
              "wickets": [
                {
                  "kind": "caught",
                  "player_out": "LS Livingstone",
                  "fielders": [
                    {
                      "name": "Sohail Khan"
                    }
                  ]
                }
              ]
            },
            {
              "batter": "L Gregory",
              "bowler": "Mohammad Hasnain",
              "non_striker": "Shoaib Malik",
              "runs": {
                "batter": 1,
                "extras": 0,
                "total": 1
              }
            },
            {
              "batter": "Shoaib Malik",
              "bowler": "Mohammad Hasnain",
              "non_striker": "L Gregory",
              "runs": {
                "batter": 4,
                "extras": 0,
                "total": 4
              }
            },
            {
              "batter": "Shoaib Malik",
              "bowler": "Mohammad Hasnain",
              "non_striker": "L Gregory",
              "runs": {
                "batter": 0,
                "extras": 0,
                "total": 0
              },
              "wickets": [
                {
                  "kind": "bowled",
                  "player_out": "Shoaib Malik"
                }
              ]
            }
          ]
        },
        {
          "over": 13,
          "deliveries": [
            {
              "batter": "L Gregory",
              "bowler": "BCJ Cutting",
              "extras": {
                "wides": 1
              },
              "non_striker": "LA Dawson",
              "runs": {
                "batter": 0,
                "extras": 1,
                "total": 1
              }
            },
            {
              "batter": "L Gregory",
              "bowler": "BCJ Cutting",
              "non_striker": "LA Dawson",
              "runs": {
                "batter": 2,
                "extras": 0,
                "total": 2
              }
            },
            {
              "batter": "L Gregory",
              "bowler": "BCJ Cutting",
              "non_striker": "LA Dawson",
              "runs": {
                "batter": 1,
                "extras": 0,
                "total": 1
              }
            },
            {
              "batter": "LA Dawson",
              "bowler": "BCJ Cutting",
              "non_striker": "L Gregory",
              "runs": {
                "batter": 0,
                "extras": 0,
                "total": 0
              },
              "wickets": [
                {
                  "kind": "caught",
                  "player_out": "LA Dawson",
                  "fielders": [
                    {
                      "name": "JJ Roy"
                    }
                  ]
                }
              ]
            },
            {
              "batter": "L Gregory",
              "bowler": "BCJ Cutting",
              "non_striker": "Hasan Ali",
              "runs": {
                "batter": 6,
                "extras": 0,
                "total": 6
              }
            },
            {
              "batter": "L Gregory",
              "bowler": "BCJ Cutting",
              "extras": {
                "noballs": 1
              },
              "non_striker": "Hasan Ali",
              "runs": {
                "batter": 0,
                "extras": 1,
                "total": 1
              }
            },
            {
              "batter": "Hasan Ali",
              "bowler": "BCJ Cutting",
              "non_striker": "L Gregory",
              "runs": {
                "batter": 6,
                "extras": 0,
                "total": 6
              }
            },
            {
              "batter": "Hasan Ali",
              "bowler": "BCJ Cutting",
              "non_striker": "L Gregory",
              "runs": {
                "batter": 1,
                "extras": 0,
                "total": 1
              }
            }
          ]
        },
        {
          "over": 14,
          "deliveries": [
            {
              "batter": "Hasan Ali",
              "bowler": "TS Mills",
              "non_striker": "L Gregory",
              "runs": {
                "batter": 2,
                "extras": 0,
                "total": 2
              }
            },
            {
              "batter": "Hasan Ali",
              "bowler": "TS Mills",
              "extras": {
                "byes": 1
              },
              "non_striker": "L Gregory",
              "runs": {
                "batter": 0,
                "extras": 1,
                "total": 1
              }
            },
            {
              "batter": "L Gregory",
              "bowler": "TS Mills",
              "non_striker": "Hasan Ali",
              "runs": {
                "batter": 6,
                "extras": 0,
                "total": 6
              }
            },
            {
              "batter": "L Gregory",
              "bowler": "TS Mills",
              "non_striker": "Hasan Ali",
              "runs": {
                "batter": 1,
                "extras": 0,
                "total": 1
              }
            },
            {
              "batter": "Hasan Ali",
              "bowler": "TS Mills",
              "extras": {
                "legbyes": 1
              },
              "non_striker": "L Gregory",
              "runs": {
                "batter": 0,
                "extras": 1,
                "total": 1
              }
            },
            {
              "batter": "L Gregory",
              "bowler": "TS Mills",
              "non_striker": "Hasan Ali",
              "runs": {
                "batter": 2,
                "extras": 0,
                "total": 2
              }
            }
          ]
        }
      ],
      "powerplays": [
        {
          "from": 0.1,
          "to": 4.6,
          "type": "mandatory"
        }
      ]
    },
    {
      "team": "Quetta Gladiators",
      "overs": [
        {
          "over": 0,
          "deliveries": [
            {
              "batter": "JJ Roy",
              "bowler": "Wahab Riaz",
              "extras": {
                "wides": 5
              },
              "non_striker": "SR Watson",
              "runs": {
                "batter": 0,
                "extras": 5,
                "total": 5
              }
            },
            {
              "batter": "JJ Roy",
              "bowler": "Wahab Riaz",
              "non_striker": "SR Watson",
              "runs": {
                "batter": 0,
                "extras": 0,
                "total": 0
              }
            },
            {
              "batter": "JJ Roy",
              "bowler": "Wahab Riaz",
              "extras": {
                "legbyes": 1
              },
              "non_striker": "SR Watson",
              "runs": {
                "batter": 0,
                "extras": 1,
                "total": 1
              }
            },
            {
              "batter": "SR Watson",
              "bowler": "Wahab Riaz",
              "non_striker": "JJ Roy",
              "runs": {
                "batter": 4,
                "extras": 0,
                "total": 4
              }
            },
            {
              "batter": "SR Watson",
              "bowler": "Wahab Riaz",
              "non_striker": "JJ Roy",
              "runs": {
                "batter": 0,
                "extras": 0,
                "total": 0
              }
            },
            {
              "batter": "SR Watson",
              "bowler": "Wahab Riaz",
              "non_striker": "JJ Roy",
              "runs": {
                "batter": 0,
                "extras": 0,
                "total": 0
              }
            },
            {
              "batter": "SR Watson",
              "bowler": "Wahab Riaz",
              "non_striker": "JJ Roy",
              "runs": {
                "batter": 4,
                "extras": 0,
                "total": 4
              }
            }
          ]
        },
        {
          "over": 1,
          "deliveries": [
            {
              "batter": "JJ Roy",
              "bowler": "Rahat Ali",
              "extras": {
                "wides": 1
              },
              "non_striker": "SR Watson",
              "runs": {
                "batter": 0,
                "extras": 1,
                "total": 1
              }
            },
            {
              "batter": "JJ Roy",
              "bowler": "Rahat Ali",
              "non_striker": "SR Watson",
              "runs": {
                "batter": 2,
                "extras": 0,
                "total": 2
              }
            },
            {
              "batter": "JJ Roy",
              "bowler": "Rahat Ali",
              "non_striker": "SR Watson",
              "runs": {
                "batter": 4,
                "extras": 0,
                "total": 4
              }
            },
            {
              "batter": "JJ Roy",
              "bowler": "Rahat Ali",
              "non_striker": "SR Watson",
              "runs": {
                "batter": 2,
                "extras": 0,
                "total": 2
              }
            },
            {
              "batter": "JJ Roy",
              "bowler": "Rahat Ali",
              "non_striker": "SR Watson",
              "runs": {
                "batter": 0,
                "extras": 0,
                "total": 0
              }
            },
            {
              "batter": "JJ Roy",
              "bowler": "Rahat Ali",
              "non_striker": "SR Watson",
              "runs": {
                "batter": 4,
                "extras": 0,
                "total": 4
              }
            },
            {
              "batter": "JJ Roy",
              "bowler": "Rahat Ali",
              "non_striker": "SR Watson",
              "runs": {
                "batter": 0,
                "extras": 0,
                "total": 0
              }
            }
          ]
        },
        {
          "over": 2,
          "deliveries": [
            {
              "batter": "SR Watson",
              "bowler": "Hasan Ali",
              "non_striker": "JJ Roy",
              "runs": {
                "batter": 0,
                "extras": 0,
                "total": 0
              }
            },
            {
              "batter": "SR Watson",
              "bowler": "Hasan Ali",
              "non_striker": "JJ Roy",
              "runs": {
                "batter": 0,
                "extras": 0,
                "total": 0
              }
            },
            {
              "batter": "SR Watson",
              "bowler": "Hasan Ali",
              "non_striker": "JJ Roy",
              "runs": {
                "batter": 4,
                "extras": 0,
                "total": 4
              }
            },
            {
              "batter": "SR Watson",
              "bowler": "Hasan Ali",
              "non_striker": "JJ Roy",
              "runs": {
                "batter": 0,
                "extras": 0,
                "total": 0
              }
            },
            {
              "batter": "SR Watson",
              "bowler": "Hasan Ali",
              "non_striker": "JJ Roy",
              "runs": {
                "batter": 2,
                "extras": 0,
                "total": 2
              }
            },
            {
              "batter": "SR Watson",
              "bowler": "Hasan Ali",
              "non_striker": "JJ Roy",
              "runs": {
                "batter": 0,
                "extras": 0,
                "total": 0
              }
            }
          ]
        },
        {
          "over": 3,
          "deliveries": [
            {
              "batter": "JJ Roy",
              "bowler": "Rahat Ali",
              "non_striker": "SR Watson",
              "runs": {
                "batter": 4,
                "extras": 0,
                "total": 4
              }
            },
            {
              "batter": "JJ Roy",
              "bowler": "Rahat Ali",
              "non_striker": "SR Watson",
              "runs": {
                "batter": 0,
                "extras": 0,
                "total": 0
              }
            },
            {
              "batter": "JJ Roy",
              "bowler": "Rahat Ali",
              "non_striker": "SR Watson",
              "runs": {
                "batter": 0,
                "extras": 0,
                "total": 0
              }
            },
            {
              "batter": "JJ Roy",
              "bowler": "Rahat Ali",
              "non_striker": "SR Watson",
              "runs": {
                "batter": 1,
                "extras": 0,
                "total": 1
              }
            },
            {
              "batter": "SR Watson",
              "bowler": "Rahat Ali",
              "non_striker": "JJ Roy",
              "runs": {
                "batter": 1,
                "extras": 0,
                "total": 1
              }
            },
            {
              "batter": "JJ Roy",
              "bowler": "Rahat Ali",
              "non_striker": "SR Watson",
              "runs": {
                "batter": 1,
                "extras": 0,
                "total": 1
              }
            }
          ]
        },
        {
          "over": 4,
          "deliveries": [
            {
              "batter": "JJ Roy",
              "bowler": "Hasan Ali",
              "non_striker": "SR Watson",
              "runs": {
                "batter": 1,
                "extras": 0,
                "total": 1
              }
            },
            {
              "batter": "SR Watson",
              "bowler": "Hasan Ali",
              "non_striker": "JJ Roy",
              "runs": {
                "batter": 4,
                "extras": 0,
                "total": 4
              }
            },
            {
              "batter": "SR Watson",
              "bowler": "Hasan Ali",
              "non_striker": "JJ Roy",
              "runs": {
                "batter": 0,
                "extras": 0,
                "total": 0
              }
            },
            {
              "batter": "SR Watson",
              "bowler": "Hasan Ali",
              "non_striker": "JJ Roy",
              "runs": {
                "batter": 0,
                "extras": 0,
                "total": 0
              },
              "wickets": [
                {
                  "kind": "caught",
                  "player_out": "SR Watson",
                  "fielders": [
                    {
                      "name": "LS Livingstone"
                    }
                  ]
                }
              ]
            },
            {
              "batter": "Ahmed Shehzad",
              "bowler": "Hasan Ali",
              "non_striker": "JJ Roy",
              "runs": {
                "batter": 0,
                "extras": 0,
                "total": 0
              }
            },
            {
              "batter": "Ahmed Shehzad",
              "bowler": "Hasan Ali",
              "non_striker": "JJ Roy",
              "runs": {
                "batter": 0,
                "extras": 0,
                "total": 0
              }
            }
          ]
        },
        {
          "over": 5,
          "deliveries": [
            {
              "batter": "JJ Roy",
              "bowler": "Yasir Shah",
              "non_striker": "Ahmed Shehzad",
              "runs": {
                "batter": 4,
                "extras": 0,
                "total": 4
              }
            },
            {
              "batter": "JJ Roy",
              "bowler": "Yasir Shah",
              "non_striker": "Ahmed Shehzad",
              "runs": {
                "batter": 0,
                "extras": 0,
                "total": 0
              }
            },
            {
              "batter": "JJ Roy",
              "bowler": "Yasir Shah",
              "non_striker": "Ahmed Shehzad",
              "runs": {
                "batter": 1,
                "extras": 0,
                "total": 1
              }
            },
            {
              "batter": "Ahmed Shehzad",
              "bowler": "Yasir Shah",
              "non_striker": "JJ Roy",
              "runs": {
                "batter": 1,
                "extras": 0,
                "total": 1
              }
            },
            {
              "batter": "JJ Roy",
              "bowler": "Yasir Shah",
              "non_striker": "Ahmed Shehzad",
              "runs": {
                "batter": 2,
                "extras": 0,
                "total": 2
              }
            },
            {
              "batter": "JJ Roy",
              "bowler": "Yasir Shah",
              "non_striker": "Ahmed Shehzad",
              "runs": {
                "batter": 6,
                "extras": 0,
                "total": 6
              }
            }
          ]
        },
        {
          "over": 6,
          "deliveries": [
            {
              "batter": "Ahmed Shehzad",
              "bowler": "L Gregory",
              "non_striker": "JJ Roy",
              "runs": {
                "batter": 0,
                "extras": 0,
                "total": 0
              }
            },
            {
              "batter": "Ahmed Shehzad",
              "bowler": "L Gregory",
              "non_striker": "JJ Roy",
              "runs": {
                "batter": 1,
                "extras": 0,
                "total": 1
              }
            },
            {
              "batter": "JJ Roy",
              "bowler": "L Gregory",
              "non_striker": "Ahmed Shehzad",
              "runs": {
                "batter": 0,
                "extras": 0,
                "total": 0
              }
            },
            {
              "batter": "JJ Roy",
              "bowler": "L Gregory",
              "non_striker": "Ahmed Shehzad",
              "runs": {
                "batter": 4,
                "extras": 0,
                "total": 4
              }
            },
            {
              "batter": "JJ Roy",
              "bowler": "L Gregory",
              "non_striker": "Ahmed Shehzad",
              "runs": {
                "batter": 6,
                "extras": 0,
                "total": 6
              }
            },
            {
              "batter": "JJ Roy",
              "bowler": "L Gregory",
              "non_striker": "Ahmed Shehzad",
              "runs": {
                "batter": 1,
                "extras": 0,
                "total": 1
              }
            }
          ]
        },
        {
          "over": 7,
          "deliveries": [
            {
              "batter": "JJ Roy",
              "bowler": "Yasir Shah",
              "non_striker": "Ahmed Shehzad",
              "runs": {
                "batter": 1,
                "extras": 0,
                "total": 1
              }
            },
            {
              "batter": "Ahmed Shehzad",
              "bowler": "Yasir Shah",
              "non_striker": "JJ Roy",
              "runs": {
                "batter": 0,
                "extras": 0,
                "total": 0
              }
            },
            {
              "batter": "Ahmed Shehzad",
              "bowler": "Yasir Shah",
              "non_striker": "JJ Roy",
              "runs": {
                "batter": 1,
                "extras": 0,
                "total": 1
              }
            },
            {
              "batter": "JJ Roy",
              "bowler": "Yasir Shah",
              "non_striker": "Ahmed Shehzad",
              "runs": {
                "batter": 1,
                "extras": 0,
                "total": 1
              }
            },
            {
              "batter": "Ahmed Shehzad",
              "bowler": "Yasir Shah",
              "non_striker": "JJ Roy",
              "runs": {
                "batter": 1,
                "extras": 0,
                "total": 1
              }
            },
            {
              "batter": "JJ Roy",
              "bowler": "Yasir Shah",
              "non_striker": "Ahmed Shehzad",
              "runs": {
                "batter": 0,
                "extras": 0,
                "total": 0
              },
              "wickets": [
                {
                  "kind": "bowled",
                  "player_out": "JJ Roy"
                }
              ]
            }
          ]
        },
        {
          "over": 8,
          "deliveries": [
            {
              "batter": "Ahmed Shehzad",
              "bowler": "L Gregory",
              "non_striker": "BCJ Cutting",
              "runs": {
                "batter": 0,
                "extras": 0,
                "total": 0
              }
            },
            {
              "batter": "Ahmed Shehzad",
              "bowler": "L Gregory",
              "non_striker": "BCJ Cutting",
              "runs": {
                "batter": 1,
                "extras": 0,
                "total": 1
              }
            },
            {
              "batter": "BCJ Cutting",
              "bowler": "L Gregory",
              "non_striker": "Ahmed Shehzad",
              "runs": {
                "batter": 2,
                "extras": 0,
                "total": 2
              }
            },
            {
              "batter": "BCJ Cutting",
              "bowler": "L Gregory",
              "non_striker": "Ahmed Shehzad",
              "runs": {
                "batter": 6,
                "extras": 0,
                "total": 6
              }
            },
            {
              "batter": "BCJ Cutting",
              "bowler": "L Gregory",
              "non_striker": "Ahmed Shehzad",
              "runs": {
                "batter": 1,
                "extras": 0,
                "total": 1
              }
            },
            {
              "batter": "Ahmed Shehzad",
              "bowler": "L Gregory",
              "non_striker": "BCJ Cutting",
              "runs": {
                "batter": 1,
                "extras": 0,
                "total": 1
              }
            }
          ]
        },
        {
          "over": 9,
          "deliveries": [
            {
              "batter": "Ahmed Shehzad",
              "bowler": "Yasir Shah",
              "non_striker": "BCJ Cutting",
              "runs": {
                "batter": 2,
                "extras": 0,
                "total": 2
              }
            },
            {
              "batter": "Ahmed Shehzad",
              "bowler": "Yasir Shah",
              "extras": {
                "legbyes": 1
              },
              "non_striker": "BCJ Cutting",
              "runs": {
                "batter": 0,
                "extras": 1,
                "total": 1
              }
            },
            {
              "batter": "BCJ Cutting",
              "bowler": "Yasir Shah",
              "non_striker": "Ahmed Shehzad",
              "runs": {
                "batter": 1,
                "extras": 0,
                "total": 1
              }
            },
            {
              "batter": "Ahmed Shehzad",
              "bowler": "Yasir Shah",
              "non_striker": "BCJ Cutting",
              "runs": {
                "batter": 0,
                "extras": 0,
                "total": 0
              }
            },
            {
              "batter": "Ahmed Shehzad",
              "bowler": "Yasir Shah",
              "non_striker": "BCJ Cutting",
              "runs": {
                "batter": 1,
                "extras": 0,
                "total": 1
              }
            },
            {
              "batter": "BCJ Cutting",
              "bowler": "Yasir Shah",
              "non_striker": "Ahmed Shehzad",
              "runs": {
                "batter": 6,
                "extras": 0,
                "total": 6
              }
            }
          ]
        },
        {
          "over": 10,
          "deliveries": [
            {
              "batter": "Ahmed Shehzad",
              "bowler": "Wahab Riaz",
              "non_striker": "BCJ Cutting",
              "runs": {
                "batter": 1,
                "extras": 0,
                "total": 1
              }
            },
            {
              "batter": "BCJ Cutting",
              "bowler": "Wahab Riaz",
              "non_striker": "Ahmed Shehzad",
              "runs": {
                "batter": 1,
                "extras": 0,
                "total": 1
              }
            },
            {
              "batter": "Ahmed Shehzad",
              "bowler": "Wahab Riaz",
              "non_striker": "BCJ Cutting",
              "runs": {
                "batter": 0,
                "extras": 0,
                "total": 0
              },
              "wickets": [
                {
                  "kind": "caught",
                  "player_out": "Ahmed Shehzad",
                  "fielders": [
                    {
                      "name": "Shoaib Malik"
                    }
                  ]
                }
              ]
            },
            {
              "batter": "BCJ Cutting",
              "bowler": "Wahab Riaz",
              "non_striker": "Mohammad Nawaz (3)",
              "runs": {
                "batter": 0,
                "extras": 0,
                "total": 0
              },
              "wickets": [
                {
                  "kind": "caught",
                  "player_out": "BCJ Cutting",
                  "fielders": [
                    {
                      "name": "LS Livingstone"
                    }
                  ]
                }
              ]
            },
            {
              "batter": "Mohammad Nawaz (3)",
              "bowler": "Wahab Riaz",
              "non_striker": "Azam Khan",
              "runs": {
                "batter": 0,
                "extras": 0,
                "total": 0
              }
            },
            {
              "batter": "Mohammad Nawaz (3)",
              "bowler": "Wahab Riaz",
              "non_striker": "Azam Khan",
              "runs": {
                "batter": 4,
                "extras": 0,
                "total": 4
              }
            }
          ]
        },
        {
          "over": 11,
          "deliveries": [
            {
              "batter": "Azam Khan",
              "bowler": "Rahat Ali",
              "non_striker": "Mohammad Nawaz (3)",
              "runs": {
                "batter": 0,
                "extras": 0,
                "total": 0
              },
              "wickets": [
                {
                  "kind": "caught",
                  "player_out": "Azam Khan",
                  "fielders": [
                    {
                      "name": "L Gregory"
                    }
                  ]
                }
              ]
            },
            {
              "batter": "Mohammad Nawaz (3)",
              "bowler": "Rahat Ali",
              "non_striker": "Sarfraz Ahmed",
              "runs": {
                "batter": 6,
                "extras": 0,
                "total": 6
              }
            },
            {
              "batter": "Mohammad Nawaz (3)",
              "bowler": "Rahat Ali",
              "non_striker": "Sarfraz Ahmed",
              "runs": {
                "batter": 4,
                "extras": 0,
                "total": 4
              }
            },
            {
              "batter": "Mohammad Nawaz (3)",
              "bowler": "Rahat Ali",
              "non_striker": "Sarfraz Ahmed",
              "runs": {
                "batter": 2,
                "extras": 0,
                "total": 2
              }
            },
            {
              "batter": "Mohammad Nawaz (3)",
              "bowler": "Rahat Ali",
              "non_striker": "Sarfraz Ahmed",
              "runs": {
                "batter": 2,
                "extras": 0,
                "total": 2
              }
            },
            {
              "batter": "Mohammad Nawaz (3)",
              "bowler": "Rahat Ali",
              "non_striker": "Sarfraz Ahmed",
              "runs": {
                "batter": 0,
                "extras": 0,
                "total": 0
              },
              "wickets": [
                {
                  "kind": "caught",
                  "player_out": "Mohammad Nawaz (3)",
                  "fielders": [
                    {
                      "name": "Imam-ul-Haq"
                    }
                  ]
                }
              ]
            }
          ]
        },
        {
          "over": 12,
          "deliveries": [
            {
              "batter": "Sarfraz Ahmed",
              "bowler": "Wahab Riaz",
              "non_striker": "Sohail Khan",
              "runs": {
                "batter": 1,
                "extras": 0,
                "total": 1
              }
            },
            {
              "batter": "Sohail Khan",
              "bowler": "Wahab Riaz",
              "non_striker": "Sarfraz Ahmed",
              "runs": {
                "batter": 0,
                "extras": 0,
                "total": 0
              }
            },
            {
              "batter": "Sohail Khan",
              "bowler": "Wahab Riaz",
              "non_striker": "Sarfraz Ahmed",
              "runs": {
                "batter": 0,
                "extras": 0,
                "total": 0
              }
            },
            {
              "batter": "Sohail Khan",
              "bowler": "Wahab Riaz",
              "non_striker": "Sarfraz Ahmed",
              "runs": {
                "batter": 0,
                "extras": 0,
                "total": 0
              }
            },
            {
              "batter": "Sohail Khan",
              "bowler": "Wahab Riaz",
              "non_striker": "Sarfraz Ahmed",
              "runs": {
                "batter": 1,
                "extras": 0,
                "total": 1
              }
            },
            {
              "batter": "Sarfraz Ahmed",
              "bowler": "Wahab Riaz",
              "non_striker": "Sohail Khan",
              "runs": {
                "batter": 0,
                "extras": 0,
                "total": 0
              },
              "wickets": [
                {
                  "kind": "bowled",
                  "player_out": "Sarfraz Ahmed"
                }
              ]
            }
          ]
        },
        {
          "over": 13,
          "deliveries": [
            {
              "batter": "Sohail Khan",
              "bowler": "Hasan Ali",
              "extras": {
                "legbyes": 1
              },
              "non_striker": "TS Mills",
              "runs": {
                "batter": 0,
                "extras": 1,
                "total": 1
              }
            },
            {
              "batter": "TS Mills",
              "bowler": "Hasan Ali",
              "non_striker": "Sohail Khan",
              "runs": {
                "batter": 1,
                "extras": 0,
                "total": 1
              }
            },
            {
              "batter": "Sohail Khan",
              "bowler": "Hasan Ali",
              "non_striker": "TS Mills",
              "runs": {
                "batter": 1,
                "extras": 0,
                "total": 1
              }
            },
            {
              "batter": "TS Mills",
              "bowler": "Hasan Ali",
              "non_striker": "Sohail Khan",
              "runs": {
                "batter": 0,
                "extras": 0,
                "total": 0
              }
            },
            {
              "batter": "TS Mills",
              "bowler": "Hasan Ali",
              "non_striker": "Sohail Khan",
              "runs": {
                "batter": 1,
                "extras": 0,
                "total": 1
              }
            },
            {
              "batter": "Sohail Khan",
              "bowler": "Hasan Ali",
              "non_striker": "TS Mills",
              "runs": {
                "batter": 1,
                "extras": 0,
                "total": 1
              }
            }
          ]
        },
        {
          "over": 14,
          "deliveries": [
            {
              "batter": "Sohail Khan",
              "bowler": "L Gregory",
              "non_striker": "TS Mills",
              "runs": {
                "batter": 6,
                "extras": 0,
                "total": 6
              }
            },
            {
              "batter": "Sohail Khan",
              "bowler": "L Gregory",
              "non_striker": "TS Mills",
              "runs": {
                "batter": 6,
                "extras": 0,
                "total": 6
              }
            },
            {
              "batter": "Sohail Khan",
              "bowler": "L Gregory",
              "non_striker": "TS Mills",
              "runs": {
                "batter": 1,
                "extras": 0,
                "total": 1
              }
            },
            {
              "batter": "TS Mills",
              "bowler": "L Gregory",
              "non_striker": "Sohail Khan",
              "runs": {
                "batter": 1,
                "extras": 0,
                "total": 1
              }
            },
            {
              "batter": "Sohail Khan",
              "bowler": "L Gregory",
              "extras": {
                "legbyes": 1
              },
              "non_striker": "TS Mills",
              "runs": {
                "batter": 0,
                "extras": 1,
                "total": 1
              }
            },
            {
              "batter": "TS Mills",
              "bowler": "L Gregory",
              "non_striker": "Sohail Khan",
              "runs": {
                "batter": 1,
                "extras": 0,
                "total": 1
              }
            }
          ]
        }
      ],
      "powerplays": [
        {
          "from": 0.1,
          "to": 4.6,
          "type": "mandatory"
        }
      ],
      "target": {
        "overs": 15,
        "runs": 171
      }
    }
  ]
}