{
  "meta": {
    "data_version": "1.0.0",
    "created": "2021-06-18",
    "revision": 1
  },
  "info": {
    "balls_per_over": 6,
    "city": "Abu Dhabi",
    "dates": [
      "2021-06-18"
    ],
    "event": {
      "name": "Pakistan Super League",
      "match_number": 28
    },
    "gender": "male",
    "match_type": "T20",
    "officials": {
      "match_referees": [
        "Muhammad Javed"
      ],
      "reserve_umpires": [
        "Faisal Afridi"
      ],
      "tv_umpires": [
        "Asif Yaqoob"
      ],
      "umpires": [
        "Aleem Dar",
        "Shozab Raza"
      ]
    },
    "outcome": {
      "winner": "Multan Sultans",
      "by": {
        "runs": 80
      }
    },
    "overs": 20,
    "player_of_match": [
      "Shahnawaz Dhani"
    ],
    "players": {
      "Multan Sultans": [
        "Shan Masood",
        "Mohammad Rizwan",
        "Sohaib Maqsood",
        "J Charles",
        "RR Rossouw",
        "Khushdil Shah",
        "Sohail Tanvir",
        "Imran Tahir",
        "B Muzarabani",
        "Imran Khan",
        "Shahnawaz Dhani"
      ],
      "Lahore Qalandars": [
        "Fakhar Zaman",
        "BR Dunk",
        "Mohammad Hafeez",
        "Agha Salman",
        "Sohail Akhtar",
        "TH David",
        "JP Faulkner",
        "Rashid Khan",
        "Shaheen Shah Afridi",
        "Haris Rauf",
        "Ahmed Daniyal"
      ]
    },
    "registry": {
      "people": {
        "Agha Salman": "89c16049",
        "Ahmed Daniyal": "9656afbf",
        "Aleem Dar": "f02778d1",
        "Asif Yaqoob": "6b35790c",
        "B Muzarabani": "449f4e3c",
        "BR Dunk": "272d796e",
        "Faisal Afridi": "ed0bc503",
        "Fakhar Zaman": "1777c020",
        "Haris Rauf": "24bb1c2f",
        "Imran Khan": "2b0f2af3",
        "Imran Tahir": "acee4cc4",
        "J Charles": "09a9d073",
        "JP Faulkner": "808f425a",
        "Khushdil Shah": "fce581b5",
        "Mohammad Hafeez": "9ab63e7b",
        "Mohammad Rizwan": "2f26ac1a",
        "Muhammad Javed": "bde2d0ea",
        "RR Rossouw": "cad00a4d",
        "Rashid Khan": "5f547c8b",
        "Shaheen Shah Afridi": "45a7e761",
        "Shahnawaz Dhani": "7ccbb09f",
        "Shan Masood": "6843a783",
        "Shozab Raza": "153c67dc",
        "Sohaib Maqsood": "b98b5e1c",
        "Sohail Akhtar": "1ff2f550",
        "Sohail Tanvir": "64d43928",
        "TH David": "f1f99156"
      }
    },
    "season": "2021",
    "team_type": "club",
    "teams": [
      "Multan Sultans",
      "Lahore Qalandars"
    ],
    "toss": {
      "decision": "field",
      "winner": "Lahore Qalandars"
    },
    "venue": "Sheikh Zayed Stadium, Abu Dhabi"
  },
  "innings": [
    {
      "team": "Multan Sultans",
      "overs": [
        {
          "over": 0,
          "deliveries": [
            {
              "batter": "Shan Masood",
              "bowler": "Shaheen Shah Afridi",
              "non_striker": "Mohammad Rizwan",
              "review": {
                "by": "Multan Sultans",
                "umpire": "Aleem Dar",
                "batter": "Shan Masood",
                "decision": "struck down",
                "umpires_call": true
              },
              "runs": {
                "batter": 0,
                "extras": 0,
                "total": 0
              },
              "wickets": [
                {
                  "player_out": "Shan Masood",
                  "kind": "lbw"
                }
              ]
            },
            {
              "batter": "Sohaib Maqsood",
              "bowler": "Shaheen Shah Afridi",
              "extras": {
                "wides": 5
              },
              "non_striker": "Mohammad Rizwan",
              "runs": {
                "batter": 0,
                "extras": 5,
                "total": 5
              }
            },
            {
              "batter": "Sohaib Maqsood",
              "bowler": "Shaheen Shah Afridi",
              "non_striker": "Mohammad Rizwan",
              "runs": {
                "batter": 1,
                "extras": 0,
                "total": 1
              }
            },
            {
              "batter": "Mohammad Rizwan",
              "bowler": "Shaheen Shah Afridi",
              "extras": {
                "noballs": 1
              },
              "non_striker": "Sohaib Maqsood",
              "runs": {
                "batter": 0,
                "extras": 1,
                "total": 1
              }
            },
            {
              "batter": "Mohammad Rizwan",
              "bowler": "Shaheen Shah Afridi",
              "non_striker": "Sohaib Maqsood",
              "runs": {
                "batter": 0,
                "extras": 0,
                "total": 0
              }
            },
            {
              "batter": "Mohammad Rizwan",
              "bowler": "Shaheen Shah Afridi",
              "non_striker": "Sohaib Maqsood",
              "runs": {
                "batter": 0,
                "extras": 0,
                "total": 0
              }
            },
            {
              "batter": "Mohammad Rizwan",
              "bowler": "Shaheen Shah Afridi",
              "non_striker": "Sohaib Maqsood",
              "runs": {
                "batter": 0,
                "extras": 0,
                "total": 0
              }
            },
            {
              "batter": "Mohammad Rizwan",
              "bowler": "Shaheen Shah Afridi",
              "non_striker": "Sohaib Maqsood",
              "runs": {
                "batter": 0,
                "extras": 0,
                "total": 0
              }
            }
          ]
        },
        {
          "over": 1,
          "deliveries": [
            {
              "batter": "Sohaib Maqsood",
              "bowler": "JP Faulkner",
              "non_striker": "Mohammad Rizwan",
              "runs": {
                "batter": 1,
                "extras": 0,
                "total": 1
              }
            },
            {
              "batter": "Mohammad Rizwan",
              "bowler": "JP Faulkner",
              "non_striker": "Sohaib Maqsood",
              "runs": {
                "batter": 0,
                "extras": 0,
                "total": 0
              }
            },
            {
              "batter": "Mohammad Rizwan",
              "bowler": "JP Faulkner",
              "non_striker": "Sohaib Maqsood",
              "runs": {
                "batter": 1,
                "extras": 0,
                "total": 1
              }
            },
            {
              "batter": "Sohaib Maqsood",
              "bowler": "JP Faulkner",
              "non_striker": "Mohammad Rizwan",
              "runs": {
                "batter": 4,
                "extras": 0,
                "total": 4
              }
            },
            {
              "batter": "Sohaib Maqsood",
              "bowler": "JP Faulkner",
              "non_striker": "Mohammad Rizwan",
              "runs": {
                "batter": 2,
                "extras": 0,
                "total": 2
              }
            },
            {
              "batter": "Sohaib Maqsood",
              "bowler": "JP Faulkner",
              "non_striker": "Mohammad Rizwan",
              "runs": {
                "batter": 4,
                "extras": 0,
                "total": 4
              }
            }
          ]
        },
        {
          "over": 2,
          "deliveries": [
            {
              "batter": "Mohammad Rizwan",
              "bowler": "Shaheen Shah Afridi",
              "non_striker": "Sohaib Maqsood",
              "runs": {
                "batter": 0,
                "extras": 0,
                "total": 0
              }
            },
            {
              "batter": "Mohammad Rizwan",
              "bowler": "Shaheen Shah Afridi",
              "non_striker": "Sohaib Maqsood",
              "runs": {
                "batter": 4,
                "extras": 0,
                "total": 4
              }
            },
            {
              "batter": "Mohammad Rizwan",
              "bowler": "Shaheen Shah Afridi",
              "non_striker": "Sohaib Maqsood",
              "runs": {
                "batter": 0,
                "extras": 0,
                "total": 0
              }
            },
            {
              "batter": "Mohammad Rizwan",
              "bowler": "Shaheen Shah Afridi",
              "non_striker": "Sohaib Maqsood",
              "runs": {
                "batter": 0,
                "extras": 0,
                "total": 0
              }
            },
            {
              "batter": "Mohammad Rizwan",
              "bowler": "Shaheen Shah Afridi",
              "non_striker": "Sohaib Maqsood",
              "runs": {
                "batter": 1,
                "extras": 0,
                "total": 1
              }
            },
            {
              "batter": "Sohaib Maqsood",
              "bowler": "Shaheen Shah Afridi",
              "non_striker": "Mohammad Rizwan",
              "runs": {
                "batter": 1,
                "extras": 0,
                "total": 1
              }
            }
          ]
        },
        {
          "over": 3,
          "deliveries": [
            {
              "batter": "Sohaib Maqsood",
              "bowler": "JP Faulkner",
              "non_striker": "Mohammad Rizwan",
              "runs": {
                "batter": 0,
                "extras": 0,
                "total": 0
              }
            },
            {
              "batter": "Sohaib Maqsood",
              "bowler": "JP Faulkner",
              "non_striker": "Mohammad Rizwan",
              "runs": {
                "batter": 0,
                "extras": 0,
                "total": 0
              }
            },
            {
              "batter": "Sohaib Maqsood",
              "bowler": "JP Faulkner",
              "non_striker": "Mohammad Rizwan",
              "runs": {
                "batter": 6,
                "extras": 0,
                "total": 6
              }
            },
            {
              "batter": "Sohaib Maqsood",
              "bowler": "JP Faulkner",
              "non_striker": "Mohammad Rizwan",
              "runs": {
                "batter": 1,
                "extras": 0,
                "total": 1
              }
            },
            {
              "batter": "Mohammad Rizwan",
              "bowler": "JP Faulkner",
              "non_striker": "Sohaib Maqsood",
              "runs": {
                "batter": 0,
                "extras": 0,
                "total": 0
              }
            },
            {
              "batter": "Mohammad Rizwan",
              "bowler": "JP Faulkner",
              "non_striker": "Sohaib Maqsood",
              "runs": {
                "batter": 1,
                "extras": 0,
                "total": 1
              }
            }
          ]
        },
        {
          "over": 4,
          "deliveries": [
            {
              "batter": "Mohammad Rizwan",
              "bowler": "Haris Rauf",
              "extras": {
                "legbyes": 4
              },
              "non_striker": "Sohaib Maqsood",
              "runs": {
                "batter": 0,
                "extras": 4,
                "total": 4
              }
            },
            {
              "batter": "Mohammad Rizwan",
              "bowler": "Haris Rauf",
              "non_striker": "Sohaib Maqsood",
              "review": {
                "by": "Lahore Qalandars",
                "umpire": "Aleem Dar",
                "batter": "Mohammad Rizwan",
                "decision": "struck down"
              },
              "runs": {
                "batter": 0,
                "extras": 0,
                "total": 0
              }
            },
            {
              "batter": "Mohammad Rizwan",
              "bowler": "Haris Rauf",
              "non_striker": "Sohaib Maqsood",
              "runs": {
                "batter": 4,
                "extras": 0,
                "total": 4
              }
            },
            {
              "batter": "Mohammad Rizwan",
              "bowler": "Haris Rauf",
              "non_striker": "Sohaib Maqsood",
              "runs": {
                "batter": 4,
                "extras": 0,
                "total": 4
              }
            },
            {
              "batter": "Mohammad Rizwan",
              "bowler": "Haris Rauf",
              "non_striker": "Sohaib Maqsood",
              "runs": {
                "batter": 0,
                "extras": 0,
                "total": 0
              }
            },
            {
              "batter": "Mohammad Rizwan",
              "bowler": "Haris Rauf",
              "non_striker": "Sohaib Maqsood",
              "runs": {
                "batter": 0,
                "extras": 0,
                "total": 0
              },
              "wickets": [
                {
                  "player_out": "Mohammad Rizwan",
                  "fielders": [
                    {
                      "name": "BR Dunk"
                    }
                  ],
                  "kind": "caught"
                }
              ]
            }
          ]
        },
        {
          "over": 5,
          "deliveries": [
            {
              "batter": "Sohaib Maqsood",
              "bowler": "Rashid Khan",
              "extras": {
                "wides": 1
              },
              "non_striker": "J Charles",
              "runs": {
                "batter": 0,
                "extras": 1,
                "total": 1
              }
            },
            {
              "batter": "Sohaib Maqsood",
              "bowler": "Rashid Khan",
              "non_striker": "J Charles",
              "runs": {
                "batter": 0,
                "extras": 0,
                "total": 0
              }
            },
            {
              "batter": "Sohaib Maqsood",
              "bowler": "Rashid Khan",
              "non_striker": "J Charles",
              "runs": {
                "batter": 0,
                "extras": 0,
                "total": 0
              }
            },
            {
              "batter": "Sohaib Maqsood",
              "bowler": "Rashid Khan",
              "non_striker": "J Charles",
              "runs": {
                "batter": 2,
                "extras": 0,
                "total": 2
              }
            },
            {
              "batter": "Sohaib Maqsood",
              "bowler": "Rashid Khan",
              "non_striker": "J Charles",
              "runs": {
                "batter": 0,
                "extras": 0,
                "total": 0
              }
            },
            {
              "batter": "Sohaib Maqsood",
              "bowler": "Rashid Khan",
              "non_striker": "J Charles",
              "runs": {
                "batter": 1,
                "extras": 0,
                "total": 1
              }
            },
            {
              "batter": "J Charles",
              "bowler": "Rashid Khan",
              "non_striker": "Sohaib Maqsood",
              "runs": {
                "batter": 1,
                "extras": 0,
                "total": 1
              }
            }
          ]
        },
        {
          "over": 6,
          "deliveries": [
            {
              "batter": "J Charles",
              "bowler": "Haris Rauf",
              "extras": {
                "wides": 1
              },
              "non_striker": "Sohaib Maqsood",
              "runs": {
                "batter": 0,
                "extras": 1,
                "total": 1
              }
            },
            {
              "batter": "J Charles",
              "bowler": "Haris Rauf",
              "non_striker": "Sohaib Maqsood",
              "runs": {
                "batter": 0,
                "extras": 0,
                "total": 0
              }
            },
            {
              "batter": "J Charles",
              "bowler": "Haris Rauf",
              "non_striker": "Sohaib Maqsood",
              "runs": {
                "batter": 4,
                "extras": 0,
                "total": 4
              }
            },
            {
              "batter": "J Charles",
              "bowler": "Haris Rauf",
              "non_striker": "Sohaib Maqsood",
              "runs": {
                "batter": 2,
                "extras": 0,
                "total": 2
              }
            },
            {
              "batter": "J Charles",
              "bowler": "Haris Rauf",
              "non_striker": "Sohaib Maqsood",
              "runs": {
                "batter": 0,
                "extras": 0,
                "total": 0
              }
            },
            {
              "batter": "J Charles",
              "bowler": "Haris Rauf",
              "non_striker": "Sohaib Maqsood",
              "runs": {
                "batter": 1,
                "extras": 0,
                "total": 1
              }
            },
            {
              "batter": "Sohaib Maqsood",
              "bowler": "Haris Rauf",
              "non_striker": "J Charles",
              "runs": {
                "batter": 0,
                "extras": 0,
                "total": 0
              }
            }
          ]
        },
        {
          "over": 7,
          "deliveries": [
            {
              "batter": "J Charles",
              "bowler": "Rashid Khan",
              "non_striker": "Sohaib Maqsood",
              "runs": {
                "batter": 2,
                "extras": 0,
                "total": 2
              }
            },
            {
              "batter": "J Charles",
              "bowler": "Rashid Khan",
              "non_striker": "Sohaib Maqsood",
              "runs": {
                "batter": 0,
                "extras": 0,
                "total": 0
              }
            },
            {
              "batter": "J Charles",
              "bowler": "Rashid Khan",
              "non_striker": "Sohaib Maqsood",
              "review": {
                "by": "Lahore Qalandars",
                "umpire": "Shozab Raza",
                "batter": "J Charles",
                "decision": "upheld"
              },
              "runs": {
                "batter": 0,
                "extras": 0,
                "total": 0
              },
              "wickets": [
                {
                  "player_out": "J Charles",
                  "kind": "lbw"
                }
              ]
            },
            {
              "batter": "RR Rossouw",
              "bowler": "Rashid Khan",
              "non_striker": "Sohaib Maqsood",
              "runs": {
                "batter": 0,
                "extras": 0,
                "total": 0
              }
            },
            {
              "batter": "RR Rossouw",
              "bowler": "Rashid Khan",
              "non_striker": "Sohaib Maqsood",
              "runs": {
                "batter": 0,
                "extras": 0,
                "total": 0
              }
            },
            {
              "batter": "RR Rossouw",
              "bowler": "Rashid Khan",
              "non_striker": "Sohaib Maqsood",
              "runs": {
                "batter": 1,
                "extras": 0,
                "total": 1
              }
            }
          ]
        },
        {
          "over": 8,
          "deliveries": [
            {
              "batter": "RR Rossouw",
              "bowler": "Ahmed Daniyal",
              "non_striker": "Sohaib Maqsood",
              "runs": {
                "batter": 0,
                "extras": 0,
                "total": 0
              }
            },
            {
              "batter": "RR Rossouw",
              "bowler": "Ahmed Daniyal",
              "non_striker": "Sohaib Maqsood",
              "runs": {
                "batter": 1,
                "extras": 0,
                "total": 1
              }
            },
            {
              "batter": "Sohaib Maqsood",
              "bowler": "Ahmed Daniyal",
              "non_striker": "RR Rossouw",
              "runs": {
                "batter": 0,
                "extras": 0,
                "total": 0
              }
            },
            {
              "batter": "Sohaib Maqsood",
              "bowler": "Ahmed Daniyal",
              "non_striker": "RR Rossouw",
              "runs": {
                "batter": 6,
                "extras": 0,
                "total": 6
              }
            },
            {
              "batter": "Sohaib Maqsood",
              "bowler": "Ahmed Daniyal",
              "non_striker": "RR Rossouw",
              "runs": {
                "batter": 2,
                "extras": 0,
                "total": 2
              }
            },
            {
              "batter": "Sohaib Maqsood",
              "bowler": "Ahmed Daniyal",
              "non_striker": "RR Rossouw",
              "runs": {
                "batter": 1,
                "extras": 0,
                "total": 1
              }
            }
          ]
        },
        {
          "over": 9,
          "deliveries": [
            {
              "batter": "Sohaib Maqsood",
              "bowler": "Mohammad Hafeez",
              "non_striker": "RR Rossouw",
              "runs": {
                "batter": 6,
                "extras": 0,
                "total": 6
              }
            },
            {
              "batter": "Sohaib Maqsood",
              "bowler": "Mohammad Hafeez",
              "non_striker": "RR Rossouw",
              "runs": {
                "batter": 6,
                "extras": 0,
                "total": 6
              }
            },
            {
              "batter": "Sohaib Maqsood",
              "bowler": "Mohammad Hafeez",
              "non_striker": "RR Rossouw",
              "runs": {
                "batter": 1,
                "extras": 0,
                "total": 1
              }
            },
            {
              "batter": "RR Rossouw",
              "bowler": "Mohammad Hafeez",
              "non_striker": "Sohaib Maqsood",
              "runs": {
                "batter": 1,
                "extras": 0,
                "total": 1
              }
            },
            {
              "batter": "Sohaib Maqsood",
              "bowler": "Mohammad Hafeez",
              "non_striker": "RR Rossouw",
              "runs": {
                "batter": 1,
                "extras": 0,
                "total": 1
              }
            },
            {
              "batter": "RR Rossouw",
              "bowler": "Mohammad Hafeez",
              "non_striker": "Sohaib Maqsood",
              "runs": {
                "batter": 1,
                "extras": 0,
                "total": 1
              }
            }
          ]
        },
        {
          "over": 10,
          "deliveries": [
            {
              "batter": "RR Rossouw",
              "bowler": "Ahmed Daniyal",
              "non_striker": "Sohaib Maqsood",
              "runs": {
                "batter": 0,
                "extras": 0,
                "total": 0
              }
            },
            {
              "batter": "RR Rossouw",
              "bowler": "Ahmed Daniyal",
              "non_striker": "Sohaib Maqsood",
              "runs": {
                "batter": 1,
                "extras": 0,
                "total": 1
              }
            },
            {
              "batter": "Sohaib Maqsood",
              "bowler": "Ahmed Daniyal",
              "non_striker": "RR Rossouw",
              "runs": {
                "batter": 2,
                "extras": 0,
                "total": 2
              }
            },
            {
              "batter": "Sohaib Maqsood",
              "bowler": "Ahmed Daniyal",
              "non_striker": "RR Rossouw",
              "runs": {
                "batter": 1,
                "extras": 0,
                "total": 1
              }
            },
            {
              "batter": "RR Rossouw",
              "bowler": "Ahmed Daniyal",
              "non_striker": "Sohaib Maqsood",
              "runs": {
                "batter": 0,
                "extras": 0,
                "total": 0
              }
            },
            {
              "batter": "RR Rossouw",
              "bowler": "Ahmed Daniyal",
              "non_striker": "Sohaib Maqsood",
              "runs": {
                "batter": 4,
                "extras": 0,
                "total": 4
              }
            }
          ]
        },
        {
          "over": 11,
          "deliveries": [
            {
              "batter": "Sohaib Maqsood",
              "bowler": "Rashid Khan",
              "non_striker": "RR Rossouw",
              "runs": {
                "batter": 1,
                "extras": 0,
                "total": 1
              }
            },
            {
              "batter": "RR Rossouw",
              "bowler": "Rashid Khan",
              "non_striker": "Sohaib Maqsood",
              "runs": {
                "batter": 1,
                "extras": 0,
                "total": 1
              }
            },
            {
              "batter": "Sohaib Maqsood",
              "bowler": "Rashid Khan",
              "non_striker": "RR Rossouw",
              "runs": {
                "batter": 1,
                "extras": 0,
                "total": 1
              }
            },
            {
              "batter": "RR Rossouw",
              "bowler": "Rashid Khan",
              "non_striker": "Sohaib Maqsood",
              "runs": {
                "batter": 1,
                "extras": 0,
                "total": 1
              }
            },
            {
              "batter": "Sohaib Maqsood",
              "bowler": "Rashid Khan",
              "non_striker": "RR Rossouw",
              "runs": {
                "batter": 0,
                "extras": 0,
                "total": 0
              }
            },
            {
              "batter": "Sohaib Maqsood",
              "bowler": "Rashid Khan",
              "non_striker": "RR Rossouw",
              "runs": {
                "batter": 1,
                "extras": 0,
                "total": 1
              }
            }
          ]
        },
        {
          "over": 12,
          "deliveries": [
            {
              "batter": "Sohaib Maqsood",
              "bowler": "Haris Rauf",
              "non_striker": "RR Rossouw",
              "runs": {
                "batter": 1,
                "extras": 0,
                "total": 1
              }
            },
            {
              "batter": "RR Rossouw",
              "bowler": "Haris Rauf",
              "non_striker": "Sohaib Maqsood",
              "runs": {
                "batter": 4,
                "extras": 0,
                "total": 4
              }
            },
            {
              "batter": "RR Rossouw",
              "bowler": "Haris Rauf",
              "non_striker": "Sohaib Maqsood",
              "runs": {
                "batter": 4,
                "extras": 0,
                "total": 4
              }
            },
            {
              "batter": "RR Rossouw",
              "bowler": "Haris Rauf",
              "non_striker": "Sohaib Maqsood",
              "runs": {
                "batter": 1,
                "extras": 0,
                "total": 1
              }
            },
            {
              "batter": "Sohaib Maqsood",
              "bowler": "Haris Rauf",
              "non_striker": "RR Rossouw",
              "runs": {
                "batter": 1,
                "extras": 0,
                "total": 1
              }
            },
            {
              "batter": "RR Rossouw",
              "bowler": "Haris Rauf",
              "non_striker": "Sohaib Maqsood",
              "runs": {
                "batter": 0,
                "extras": 0,
                "total": 0
              }
            }
          ]
        },
        {
          "over": 13,
          "deliveries": [
            {
              "batter": "Sohaib Maqsood",
              "bowler": "Rashid Khan",
              "extras": {
                "legbyes": 3
              },
              "non_striker": "RR Rossouw",
              "runs": {
                "batter": 0,
                "extras": 3,
                "total": 3
              }
            },
            {
              "batter": "RR Rossouw",
              "bowler": "Rashid Khan",
              "non_striker": "Sohaib Maqsood",
              "runs": {
                "batter": 4,
                "extras": 0,
                "total": 4
              }
            },
            {
              "batter": "RR Rossouw",
              "bowler": "Rashid Khan",
              "non_striker": "Sohaib Maqsood",
              "runs": {
                "batter": 0,
                "extras": 0,
                "total": 0
              }
            },
            {
              "batter": "RR Rossouw",
              "bowler": "Rashid Khan",
              "non_striker": "Sohaib Maqsood",
              "runs": {
                "batter": 0,
                "extras": 0,
                "total": 0
              }
            },
            {
              "batter": "RR Rossouw",
              "bowler": "Rashid Khan",
              "non_striker": "Sohaib Maqsood",
              "runs": {
                "batter": 1,
                "extras": 0,
                "total": 1
              }
            },
            {
              "batter": "Sohaib Maqsood",
              "bowler": "Rashid Khan",
              "non_striker": "RR Rossouw",
              "runs": {
                "batter": 0,
                "extras": 0,
                "total": 0
              }
            }
          ]
        },
        {
          "over": 14,
          "deliveries": [
            {
              "batter": "RR Rossouw",
              "bowler": "Ahmed Daniyal",
              "non_striker": "Sohaib Maqsood",
              "runs": {
                "batter": 4,
                "extras": 0,
                "total": 4
              }
            },
            {
              "batter": "RR Rossouw",
              "bowler": "Ahmed Daniyal",
              "non_striker": "Sohaib Maqsood",
              "runs": {
                "batter": 0,
                "extras": 0,
                "total": 0
              }
            },
            {
              "batter": "RR Rossouw",
              "bowler": "Ahmed Daniyal",
              "non_striker": "Sohaib Maqsood",
              "review": {
                "by": "Multan Sultans",
                "umpire": "Aleem Dar",
                "batter": "RR Rossouw",
                "decision": "struck down"
              },
              "runs": {
                "batter": 0,
                "extras": 0,
                "total": 0
              },
              "wickets": [
                {
                  "player_out": "RR Rossouw",
                  "fielders": [
                    {
                      "name": "BR Dunk"
                    }
                  ],
                  "kind": "caught"
                }
              ]
            },
            {
              "batter": "Khushdil Shah",
              "bowler": "Ahmed Daniyal",
              "non_striker": "Sohaib Maqsood",
              "runs": {
                "batter": 1,
                "extras": 0,
                "total": 1
              }
            },
            {
              "batter": "Sohaib Maqsood",
              "bowler": "Ahmed Daniyal",
              "non_striker": "Khushdil Shah",
              "runs": {
                "batter": 1,
                "extras": 0,
                "total": 1
              }
            },
            {
              "batter": "Khushdil Shah",
              "bowler": "Ahmed Daniyal",
              "non_striker": "Sohaib Maqsood",
              "runs": {
                "batter": 0,
                "extras": 0,
                "total": 0
              }
            }
          ]
        },
        {
          "over": 15,
          "deliveries": [
            {
              "batter": "Sohaib Maqsood",
              "bowler": "JP Faulkner",
              "non_striker": "Khushdil Shah",
              "runs": {
                "batter": 4,
                "extras": 0,
                "total": 4
              }
            },
            {
              "batter": "Sohaib Maqsood",
              "bowler": "JP Faulkner",
              "non_striker": "Khushdil Shah",
              "runs": {
                "batter": 0,
                "extras": 0,
                "total": 0
              }
            },
            {
              "batter": "Sohaib Maqsood",
              "bowler": "JP Faulkner",
              "non_striker": "Khushdil Shah",
              "runs": {
                "batter": 0,
                "extras": 0,
                "total": 0
              }
            },
            {
              "batter": "Sohaib Maqsood",
              "bowler": "JP Faulkner",
              "non_striker": "Khushdil Shah",
              "runs": {
                "batter": 1,
                "extras": 0,
                "total": 1
              }
            },
            {
              "batter": "Khushdil Shah",
              "bowler": "JP Faulkner",
              "non_striker": "Sohaib Maqsood",
              "runs": {
                "batter": 0,
                "extras": 0,
                "total": 0
              }
            },
            {
              "batter": "Khushdil Shah",
              "bowler": "JP Faulkner",
              "non_striker": "Sohaib Maqsood",
              "runs": {
                "batter": 1,
                "extras": 0,
                "total": 1
              }
            }
          ]
        },
        {
          "over": 16,
          "deliveries": [
            {
              "batter": "Khushdil Shah",
              "bowler": "Shaheen Shah Afridi",
              "non_striker": "Sohaib Maqsood",
              "runs": {
                "batter": 2,
                "extras": 0,
                "total": 2
              }
            },
            {
              "batter": "Khushdil Shah",
              "bowler": "Shaheen Shah Afridi",
              "extras": {
                "wides": 1
              },
              "non_striker": "Sohaib Maqsood",
              "runs": {
                "batter": 0,
                "extras": 1,
                "total": 1
              }
            },
            {
              "batter": "Khushdil Shah",
              "bowler": "Shaheen Shah Afridi",
              "non_striker": "Sohaib Maqsood",
              "runs": {
                "batter": 1,
                "extras": 0,
                "total": 1
              }
            },
            {
              "batter": "Sohaib Maqsood",
              "bowler": "Shaheen Shah Afridi",
              "non_striker": "Khushdil Shah",
              "runs": {
                "batter": 0,
                "extras": 0,
                "total": 0
              },
              "wickets": [
                {
                  "player_out": "Sohaib Maqsood",
                  "fielders": [
                    {
                      "name": "TH David"
                    }
                  ],
                  "kind": "caught"
                }
              ]
            },
            {
              "batter": "Khushdil Shah",
              "bowler": "Shaheen Shah Afridi",
              "non_striker": "Sohail Tanvir",
              "runs": {
                "batter": 0,
                "extras": 0,
                "total": 0
              }
            },
            {
              "batter": "Khushdil Shah",
              "bowler": "Shaheen Shah Afridi",
              "non_striker": "Sohail Tanvir",
              "runs": {
                "batter": 1,
                "extras": 0,
                "total": 1
              }
            },
            {
              "batter": "Sohail Tanvir",
              "bowler": "Shaheen Shah Afridi",
              "non_striker": "Khushdil Shah",
              "runs": {
                "batter": 0,
                "extras": 0,
                "total": 0
              }
            }
          ]
        },
        {
          "over": 17,
          "deliveries": [
            {
              "batter": "Khushdil Shah",
              "bowler": "JP Faulkner",
              "non_striker": "Sohail Tanvir",
              "runs": {
                "batter": 0,
                "extras": 0,
                "total": 0
              }
            },
            {
              "batter": "Khushdil Shah",
              "bowler": "JP Faulkner",
              "non_striker": "Sohail Tanvir",
              "runs": {
                "batter": 0,
                "extras": 0,
                "total": 0
              }
            },
            {
              "batter": "Khushdil Shah",
              "bowler": "JP Faulkner",
              "non_striker": "Sohail Tanvir",
              "runs": {
                "batter": 0,
                "extras": 0,
                "total": 0
              },
              "wickets": [
                {
                  "player_out": "Khushdil Shah",
                  "fielders": [
                    {
                      "name": "BR Dunk"
                    }
                  ],
                  "kind": "caught"
                }
              ]
            },
            {
              "batter": "Imran Tahir",
              "bowler": "JP Faulkner",
              "non_striker": "Sohail Tanvir",
              "runs": {
                "batter": 4,
                "extras": 0,
                "total": 4
              }
            },
            {
              "batter": "Imran Tahir",
              "bowler": "JP Faulkner",
              "non_striker": "Sohail Tanvir",
              "runs": {
                "batter": 0,
                "extras": 0,
                "total": 0
              },
              "wickets": [
                {
                  "player_out": "Imran Tahir",
                  "fielders": [
                    {
                      "name": "Sohail Akhtar"
                    }
                  ],
                  "kind": "caught"
                }
              ]
            },
            {
              "batter": "B Muzarabani",
              "bowler": "JP Faulkner",
              "non_striker": "Sohail Tanvir",
              "runs": {
                "batter": 0,
                "extras": 0,
                "total": 0
              }
            }
          ]
        },
        {
          "over": 18,
          "deliveries": [
            {
              "batter": "Sohail Tanvir",
              "bowler": "Shaheen Shah Afridi",
              "non_striker": "B Muzarabani",
              "runs": {
                "batter": 1,
                "extras": 0,
                "total": 1
              }
            },
            {
              "batter": "B Muzarabani",
              "bowler": "Shaheen Shah Afridi",
              "non_striker": "Sohail Tanvir",
              "runs": {
                "batter": 0,
                "extras": 0,
                "total": 0
              }
            },
            {
              "batter": "B Muzarabani",
              "bowler": "Shaheen Shah Afridi",
              "non_striker": "Sohail Tanvir",
              "runs": {
                "batter": 0,
                "extras": 0,
                "total": 0
              },
              "wickets": [
                {
                  "player_out": "B Muzarabani",
                  "kind": "bowled"
                }
              ]
            },
            {
              "batter": "Imran Khan",
              "bowler": "Shaheen Shah Afridi",
              "non_striker": "Sohail Tanvir",
              "runs": {
                "batter": 2,
                "extras": 0,
                "total": 2
              }
            },
            {
              "batter": "Imran Khan",
              "bowler": "Shaheen Shah Afridi",
              "non_striker": "Sohail Tanvir",
              "runs": {
                "batter": 1,
                "extras": 0,
                "total": 1
              }
            },
            {
              "batter": "Sohail Tanvir",
              "bowler": "Shaheen Shah Afridi",
              "non_striker": "Imran Khan",
              "runs": {
                "batter": 1,
                "extras": 0,
                "total": 1
              }
            }
          ]
        },
        {
          "over": 19,
          "deliveries": [
            {
              "batter": "Sohail Tanvir",
              "bowler": "Haris Rauf",
              "non_striker": "Imran Khan",
              "runs": {
                "batter": 4,
                "extras": 0,
                "total": 4
              }
            },
            {
              "batter": "Sohail Tanvir",
              "bowler": "Haris Rauf",
              "non_striker": "Imran Khan",
              "runs": {
                "batter": 4,
                "extras": 0,
                "total": 4
              }
            },
            {
              "batter": "Sohail Tanvir",
              "bowler": "Haris Rauf",
              "non_striker": "Imran Khan",
              "runs": {
                "batter": 6,
                "extras": 0,
                "total": 6
              }
            },
            {
              "batter": "Sohail Tanvir",
              "bowler": "Haris Rauf",
              "non_striker": "Imran Khan",
              "runs": {
                "batter": 0,
                "extras": 0,
                "total": 0
              }
            },
            {
              "batter": "Sohail Tanvir",
              "bowler": "Haris Rauf",
              "non_striker": "Imran Khan",
              "runs": {
                "batter": 4,
                "extras": 0,
                "total": 4
              }
            },
            {
              "batter": "Sohail Tanvir",
              "bowler": "Haris Rauf",
              "non_striker": "Imran Khan",
              "runs": {
                "batter": 6,
                "extras": 0,
                "total": 6
              }
            }
          ]
        }
      ],
      "powerplays": [
        {
          "from": 0.1,
          "to": 5.7,
          "type": "mandatory"
        }
      ]
    },
    {
      "team": "Lahore Qalandars",
      "overs": [
        {
          "over": 0,
          "deliveries": [
            {
              "batter": "Fakhar Zaman",
              "bowler": "Sohail Tanvir",
              "non_striker": "BR Dunk",
              "runs": {
                "batter": 0,
                "extras": 0,
                "total": 0
              }
            },
            {
              "batter": "Fakhar Zaman",
              "bowler": "Sohail Tanvir",
              "non_striker": "BR Dunk",
              "runs": {
                "batter": 1,
                "extras": 0,
                "total": 1
              }
            },
            {
              "batter": "BR Dunk",
              "bowler": "Sohail Tanvir",
              "non_striker": "Fakhar Zaman",
              "runs": {
                "batter": 1,
                "extras": 0,
                "total": 1
              }
            },
            {
              "batter": "Fakhar Zaman",
              "bowler": "Sohail Tanvir",
              "non_striker": "BR Dunk",
              "runs": {
                "batter": 1,
                "extras": 0,
                "total": 1
              }
            },
            {
              "batter": "BR Dunk",
              "bowler": "Sohail Tanvir",
              "non_striker": "Fakhar Zaman",
              "runs": {
                "batter": 4,
                "extras": 0,
                "total": 4
              }
            },
            {
              "batter": "BR Dunk",
              "bowler": "Sohail Tanvir",
              "non_striker": "Fakhar Zaman",
              "runs": {
                "batter": 0,
                "extras": 0,
                "total": 0
              }
            }
          ]
        },
        {
          "over": 1,
          "deliveries": [
            {
              "batter": "Fakhar Zaman",
              "bowler": "Imran Khan",
              "non_striker": "BR Dunk",
              "runs": {
                "batter": 0,
                "extras": 0,
                "total": 0
              }
            },
            {
              "batter": "Fakhar Zaman",
              "bowler": "Imran Khan",
              "non_striker": "BR Dunk",
              "runs": {
                "batter": 0,
                "extras": 0,
                "total": 0
              }
            },
            {
              "batter": "Fakhar Zaman",
              "bowler": "Imran Khan",
              "non_striker": "BR Dunk",
              "runs": {
                "batter": 0,
                "extras": 0,
                "total": 0
              }
            },
            {
              "batter": "Fakhar Zaman",
              "bowler": "Imran Khan",
              "non_striker": "BR Dunk",
              "runs": {
                "batter": 1,
                "extras": 0,
                "total": 1
              }
            },
            {
              "batter": "BR Dunk",
              "bowler": "Imran Khan",
              "non_striker": "Fakhar Zaman",
              "runs": {
                "batter": 0,
                "extras": 0,
                "total": 0
              },
              "wickets": [
                {
                  "player_out": "BR Dunk",
                  "fielders": [
                    {
                      "name": "J Charles"
                    }
                  ],
                  "kind": "caught"
                }
              ]
            },
            {
              "batter": "Mohammad Hafeez",
              "bowler": "Imran Khan",
              "non_striker": "Fakhar Zaman",
              "runs": {
                "batter": 0,
                "extras": 0,
                "total": 0
              }
            }
          ]
        },
        {
          "over": 2,
          "deliveries": [
            {
              "batter": "Fakhar Zaman",
              "bowler": "Sohail Tanvir",
              "non_striker": "Mohammad Hafeez",
              "runs": {
                "batter": 2,
                "extras": 0,
                "total": 2
              }
            },
            {
              "batter": "Fakhar Zaman",
              "bowler": "Sohail Tanvir",
              "non_striker": "Mohammad Hafeez",
              "runs": {
                "batter": 1,
                "extras": 0,
                "total": 1
              }
            },
            {
              "batter": "Mohammad Hafeez",
              "bowler": "Sohail Tanvir",
              "non_striker": "Fakhar Zaman",
              "runs": {
                "batter": 0,
                "extras": 0,
                "total": 0
              }
            },
            {
              "batter": "Mohammad Hafeez",
              "bowler": "Sohail Tanvir",
              "non_striker": "Fakhar Zaman",
              "runs": {
                "batter": 1,
                "extras": 0,
                "total": 1
              }
            },
            {
              "batter": "Fakhar Zaman",
              "bowler": "Sohail Tanvir",
              "non_striker": "Mohammad Hafeez",
              "runs": {
                "batter": 0,
                "extras": 0,
                "total": 0
              }
            },
            {
              "batter": "Fakhar Zaman",
              "bowler": "Sohail Tanvir",
              "non_striker": "Mohammad Hafeez",
              "runs": {
                "batter": 1,
                "extras": 0,
                "total": 1
              }
            }
          ]
        },
        {
          "over": 3,
          "deliveries": [
            {
              "batter": "Fakhar Zaman",
              "bowler": "Imran Khan",
              "non_striker": "Mohammad Hafeez",
              "runs": {
                "batter": 4,
                "extras": 0,
                "total": 4
              }
            },
            {
              "batter": "Fakhar Zaman",
              "bowler": "Imran Khan",
              "non_striker": "Mohammad Hafeez",
              "runs": {
                "batter": 1,
                "extras": 0,
                "total": 1
              }
            },
            {
              "batter": "Mohammad Hafeez",
              "bowler": "Imran Khan",
              "non_striker": "Fakhar Zaman",
              "runs": {
                "batter": 4,
                "extras": 0,
                "total": 4
              }
            },
            {
              "batter": "Mohammad Hafeez",
              "bowler": "Imran Khan",
              "non_striker": "Fakhar Zaman",
              "runs": {
                "batter": 1,
                "extras": 0,
                "total": 1
              }
            },
            {
              "batter": "Fakhar Zaman",
              "bowler": "Imran Khan",
              "non_striker": "Mohammad Hafeez",
              "runs": {
                "batter": 1,
                "extras": 0,
                "total": 1
              }
            },
            {
              "batter": "Mohammad Hafeez",
              "bowler": "Imran Khan",
              "non_striker": "Fakhar Zaman",
              "runs": {
                "batter": 0,
                "extras": 0,
                "total": 0
              }
            }
          ]
        },
        {
          "over": 4,
          "deliveries": [
            {
              "batter": "Fakhar Zaman",
              "bowler": "Shahnawaz Dhani",
              "non_striker": "Mohammad Hafeez",
              "runs": {
                "batter": 0,
                "extras": 0,
                "total": 0
              },
              "wickets": [
                {
                  "player_out": "Fakhar Zaman",
                  "fielders": [
                    {
                      "name": "Mohammad Rizwan"
                    }
                  ],
                  "kind": "caught"
                }
              ]
            },
            {
              "batter": "Mohammad Hafeez",
              "bowler": "Shahnawaz Dhani",
              "non_striker": "Agha Salman",
              "runs": {
                "batter": 1,
                "extras": 0,
                "total": 1
              }
            },
            {
              "batter": "Agha Salman",
              "bowler": "Shahnawaz Dhani",
              "non_striker": "Mohammad Hafeez",
              "runs": {
                "batter": 0,
                "extras": 0,
                "total": 0
              }
            },
            {
              "batter": "Agha Salman",
              "bowler": "Shahnawaz Dhani",
              "non_striker": "Mohammad Hafeez",
              "runs": {
                "batter": 1,
                "extras": 0,
                "total": 1
              }
            },
            {
              "batter": "Mohammad Hafeez",
              "bowler": "Shahnawaz Dhani",
              "non_striker": "Agha Salman",
              "runs": {
                "batter": 0,
                "extras": 0,
                "total": 0
              }
            },
            {
              "batter": "Mohammad Hafeez",
              "bowler": "Shahnawaz Dhani",
              "non_striker": "Agha Salman",
              "runs": {
                "batter": 1,
                "extras": 0,
                "total": 1
              }
            }
          ]
        },
        {
          "over": 5,
          "deliveries": [
            {
              "batter": "Mohammad Hafeez",
              "bowler": "B Muzarabani",
              "non_striker": "Agha Salman",
              "runs": {
                "batter": 0,
                "extras": 0,
                "total": 0
              }
            },
            {
              "batter": "Mohammad Hafeez",
              "bowler": "B Muzarabani",
              "non_striker": "Agha Salman",
              "runs": {
                "batter": 0,
                "extras": 0,
                "total": 0
              }
            },
            {
              "batter": "Mohammad Hafeez",
              "bowler": "B Muzarabani",
              "non_striker": "Agha Salman",
              "runs": {
                "batter": 6,
                "extras": 0,
                "total": 6
              }
            },
            {
              "batter": "Mohammad Hafeez",
              "bowler": "B Muzarabani",
              "extras": {
                "wides": 1
              },
              "non_striker": "Agha Salman",
              "runs": {
                "batter": 0,
                "extras": 1,
                "total": 1
              }
            },
            {
              "batter": "Mohammad Hafeez",
              "bowler": "B Muzarabani",
              "non_striker": "Agha Salman",
              "runs": {
                "batter": 0,
                "extras": 0,
                "total": 0
              },
              "wickets": [
                {
                  "player_out": "Mohammad Hafeez",
                  "fielders": [
                    {
                      "name": "Khushdil Shah"
                    }
                  ],
                  "kind": "caught"
                }
              ]
            },
            {
              "batter": "Sohail Akhtar",
              "bowler": "B Muzarabani",
              "non_striker": "Agha Salman",
              "runs": {
                "batter": 0,
                "extras": 0,
                "total": 0
              }
            },
            {
              "batter": "Sohail Akhtar",
              "bowler": "B Muzarabani",
              "non_striker": "Agha Salman",
              "runs": {
                "batter": 0,
                "extras": 0,
                "total": 0
              }
            }
          ]
        },
        {
          "over": 6,
          "deliveries": [
            {
              "batter": "Agha Salman",
              "bowler": "Shahnawaz Dhani",
              "non_striker": "Sohail Akhtar",
              "runs": {
                "batter": 0,
                "extras": 0,
                "total": 0
              }
            },
            {
              "batter": "Agha Salman",
              "bowler": "Shahnawaz Dhani",
              "non_striker": "Sohail Akhtar",
              "runs": {
                "batter": 0,
                "extras": 0,
                "total": 0
              }
            },
            {
              "batter": "Agha Salman",
              "bowler": "Shahnawaz Dhani",
              "non_striker": "Sohail Akhtar",
              "runs": {
                "batter": 0,
                "extras": 0,
                "total": 0
              }
            },
            {
              "batter": "Agha Salman",
              "bowler": "Shahnawaz Dhani",
              "non_striker": "Sohail Akhtar",
              "runs": {
                "batter": 1,
                "extras": 0,
                "total": 1
              }
            },
            {
              "batter": "Sohail Akhtar",
              "bowler": "Shahnawaz Dhani",
              "non_striker": "Agha Salman",
              "runs": {
                "batter": 1,
                "extras": 0,
                "total": 1
              }
            },
            {
              "batter": "Agha Salman",
              "bowler": "Shahnawaz Dhani",
              "non_striker": "Sohail Akhtar",
              "runs": {
                "batter": 0,
                "extras": 0,
                "total": 0
              }
            }
          ]
        },
        {
          "over": 7,
          "deliveries": [
            {
              "batter": "Sohail Akhtar",
              "bowler": "Imran Tahir",
              "non_striker": "Agha Salman",
              "runs": {
                "batter": 0,
                "extras": 0,
                "total": 0
              }
            },
            {
              "batter": "Sohail Akhtar",
              "bowler": "Imran Tahir",
              "non_striker": "Agha Salman",
              "runs": {
                "batter": 1,
                "extras": 0,
                "total": 1
              }
            },
            {
              "batter": "Agha Salman",
              "bowler": "Imran Tahir",
              "non_striker": "Sohail Akhtar",
              "runs": {
                "batter": 4,
                "extras": 0,
                "total": 4
              }
            },
            {
              "batter": "Agha Salman",
              "bowler": "Imran Tahir",
              "non_striker": "Sohail Akhtar",
              "runs": {
                "batter": 1,
                "extras": 0,
                "total": 1
              }
            },
            {
              "batter": "Sohail Akhtar",
              "bowler": "Imran Tahir",
              "non_striker": "Agha Salman",
              "runs": {
                "batter": 1,
                "extras": 0,
                "total": 1
              }
            },
            {
              "batter": "Agha Salman",
              "bowler": "Imran Tahir",
              "non_striker": "Sohail Akhtar",
              "runs": {
                "batter": 1,
                "extras": 0,
                "total": 1
              }
            }
          ]
        },
        {
          "over": 8,
          "deliveries": [
            {
              "batter": "Agha Salman",
              "bowler": "Sohail Tanvir",
              "non_striker": "Sohail Akhtar",
              "runs": {
                "batter": 1,
                "extras": 0,
                "total": 1
              }
            },
            {
              "batter": "Sohail Akhtar",
              "bowler": "Sohail Tanvir",
              "non_striker": "Agha Salman",
              "runs": {
                "batter": 0,
                "extras": 0,
                "total": 0
              }
            },
            {
              "batter": "Sohail Akhtar",
              "bowler": "Sohail Tanvir",
              "non_striker": "Agha Salman",
              "runs": {
                "batter": 1,
                "extras": 0,
                "total": 1
              }
            },
            {
              "batter": "Agha Salman",
              "bowler": "Sohail Tanvir",
              "non_striker": "Sohail Akhtar",
              "runs": {
                "batter": 1,
                "extras": 0,
                "total": 1
              }
            },
            {
              "batter": "Sohail Akhtar",
              "bowler": "Sohail Tanvir",
              "non_striker": "Agha Salman",
              "runs": {
                "batter": 0,
                "extras": 0,
                "total": 0
              }
            },
            {
              "batter": "Sohail Akhtar",
              "bowler": "Sohail Tanvir",
              "non_striker": "Agha Salman",
              "runs": {
                "batter": 1,
                "extras": 0,
                "total": 1
              }
            }
          ]
        },
        {
          "over": 9,
          "deliveries": [
            {
              "batter": "Sohail Akhtar",
              "bowler": "Imran Tahir",
              "non_striker": "Agha Salman",
              "runs": {
                "batter": 0,
                "extras": 0,
                "total": 0
              }
            },
            {
              "batter": "Sohail Akhtar",
              "bowler": "Imran Tahir",
              "non_striker": "Agha Salman",
              "runs": {
                "batter": 0,
                "extras": 0,
                "total": 0
              }
            },
            {
              "batter": "Sohail Akhtar",
              "bowler": "Imran Tahir",
              "non_striker": "Agha Salman",
              "runs": {
                "batter": 0,
                "extras": 0,
                "total": 0
              },
              "wickets": [
                {
                  "player_out": "Sohail Akhtar",
                  "fielders": [
                    {
                      "name": "Mohammad Rizwan"
                    }
                  ],
                  "kind": "stumped"
                }
              ]
            },
            {
              "batter": "TH David",
              "bowler": "Imran Tahir",
              "non_striker": "Agha Salman",
              "runs": {
                "batter": 1,
                "extras": 0,
                "total": 1
              }
            },
            {
              "batter": "Agha Salman",
              "bowler": "Imran Tahir",
              "non_striker": "TH David",
              "runs": {
                "batter": 2,
                "extras": 0,
                "total": 2
              }
            },
            {
              "batter": "Agha Salman",
              "bowler": "Imran Tahir",
              "non_striker": "TH David",
              "runs": {
                "batter": 1,
                "extras": 0,
                "total": 1
              }
            }
          ]
        },
        {
          "over": 10,
          "deliveries": [
            {
              "batter": "Agha Salman",
              "bowler": "B Muzarabani",
              "non_striker": "TH David",
              "runs": {
                "batter": 0,
                "extras": 0,
                "total": 0
              },
              "wickets": [
                {
                  "player_out": "Agha Salman",
                  "fielders": [
                    {
                      "name": "Mohammad Rizwan"
                    }
                  ],
                  "kind": "caught"
                }
              ]
            },
            {
              "batter": "JP Faulkner",
              "bowler": "B Muzarabani",
              "non_striker": "TH David",
              "runs": {
                "batter": 2,
                "extras": 0,
                "total": 2
              }
            },
            {
              "batter": "JP Faulkner",
              "bowler": "B Muzarabani",
              "non_striker": "TH David",
              "runs": {
                "batter": 6,
                "extras": 0,
                "total": 6
              }
            },
            {
              "batter": "JP Faulkner",
              "bowler": "B Muzarabani",
              "non_striker": "TH David",
              "runs": {
                "batter": 4,
                "extras": 0,
                "total": 4
              }
            },
            {
              "batter": "JP Faulkner",
              "bowler": "B Muzarabani",
              "non_striker": "TH David",
              "runs": {
                "batter": 6,
                "extras": 0,
                "total": 6
              }
            },
            {
              "batter": "JP Faulkner",
              "bowler": "B Muzarabani",
              "non_striker": "TH David",
              "runs": {
                "batter": 1,
                "extras": 0,
                "total": 1
              }
            }
          ]
        },
        {
          "over": 11,
          "deliveries": [
            {
              "batter": "JP Faulkner",
              "bowler": "Imran Tahir",
              "non_striker": "TH David",
              "runs": {
                "batter": 0,
                "extras": 0,
                "total": 0
              }
            },
            {
              "batter": "JP Faulkner",
              "bowler": "Imran Tahir",
              "non_striker": "TH David",
              "runs": {
                "batter": 1,
                "extras": 0,
                "total": 1
              }
            },
            {
              "batter": "TH David",
              "bowler": "Imran Tahir",
              "non_striker": "JP Faulkner",
              "runs": {
                "batter": 1,
                "extras": 0,
                "total": 1
              }
            },
            {
              "batter": "JP Faulkner",
              "bowler": "Imran Tahir",
              "non_striker": "TH David",
              "runs": {
                "batter": 1,
                "extras": 0,
                "total": 1
              }
            },
            {
              "batter": "TH David",
              "bowler": "Imran Tahir",
              "non_striker": "JP Faulkner",
              "runs": {
                "batter": 2,
                "extras": 0,
                "total": 2
              }
            },
            {
              "batter": "TH David",
              "bowler": "Imran Tahir",
              "non_striker": "JP Faulkner",
              "runs": {
                "batter": 1,
                "extras": 0,
                "total": 1
              }
            }
          ]
        },
        {
          "over": 12,
          "deliveries": [
            {
              "batter": "TH David",
              "bowler": "Imran Khan",
              "non_striker": "JP Faulkner",
              "runs": {
                "batter": 4,
                "extras": 0,
                "total": 4
              }
            },
            {
              "batter": "TH David",
              "bowler": "Imran Khan",
              "non_striker": "JP Faulkner",
              "runs": {
                "batter": 1,
                "extras": 0,
                "total": 1
              }
            },
            {
              "batter": "JP Faulkner",
              "bowler": "Imran Khan",
              "non_striker": "TH David",
              "runs": {
                "batter": 1,
                "extras": 0,
                "total": 1
              }
            },
            {
              "batter": "TH David",
              "bowler": "Imran Khan",
              "non_striker": "JP Faulkner",
              "review": {
                "by": "Multan Sultans",
                "umpire": "Aleem Dar",
                "batter": "TH David",
                "decision": "struck down",
                "umpires_call": true
              },
              "runs": {
                "batter": 0,
                "extras": 0,
                "total": 0
              }
            },
            {
              "batter": "TH David",
              "bowler": "Imran Khan",
              "non_striker": "JP Faulkner",
              "runs": {
                "batter": 0,
                "extras": 0,
                "total": 0
              },
              "wickets": [
                {
                  "player_out": "TH David",
                  "kind": "bowled"
                }
              ]
            },
            {
              "batter": "Rashid Khan",
              "bowler": "Imran Khan",
              "non_striker": "JP Faulkner",
              "runs": {
                "batter": 2,
                "extras": 0,
                "total": 2
              }
            }
          ]
        },
        {
          "over": 13,
          "deliveries": [
            {
              "batter": "JP Faulkner",
              "bowler": "Shahnawaz Dhani",
              "non_striker": "Rashid Khan",
              "review": {
                "by": "Multan Sultans",
                "umpire": "Shozab Raza",
                "batter": "JP Faulkner",
                "decision": "struck down"
              },
              "runs": {
                "batter": 0,
                "extras": 0,
                "total": 0
              }
            },
            {
              "batter": "JP Faulkner",
              "bowler": "Shahnawaz Dhani",
              "non_striker": "Rashid Khan",
              "runs": {
                "batter": 0,
                "extras": 0,
                "total": 0
              },
              "wickets": [
                {
                  "player_out": "JP Faulkner",
                  "fielders": [
                    {
                      "name": "Imran Tahir"
                    }
                  ],
                  "kind": "caught"
                }
              ]
            },
            {
              "batter": "Rashid Khan",
              "bowler": "Shahnawaz Dhani",
              "non_striker": "Shaheen Shah Afridi",
              "runs": {
                "batter": 0,
                "extras": 0,
                "total": 0
              }
            },
            {
              "batter": "Rashid Khan",
              "bowler": "Shahnawaz Dhani",
              "non_striker": "Shaheen Shah Afridi",
              "runs": {
                "batter": 0,
                "extras": 0,
                "total": 0
              }
            },
            {
              "batter": "Rashid Khan",
              "bowler": "Shahnawaz Dhani",
              "non_striker": "Shaheen Shah Afridi",
              "runs": {
                "batter": 0,
                "extras": 0,
                "total": 0
              }
            },
            {
              "batter": "Rashid Khan",
              "bowler": "Shahnawaz Dhani",
              "non_striker": "Shaheen Shah Afridi",
              "runs": {
                "batter": 0,
                "extras": 0,
                "total": 0
              },
              "wickets": [
                {
                  "player_out": "Rashid Khan",
                  "fielders": [
                    {
                      "name": "Mohammad Rizwan"
                    }
                  ],
                  "kind": "caught"
                }
              ]
            }
          ]
        },
        {
          "over": 14,
          "deliveries": [
            {
              "batter": "Haris Rauf",
              "bowler": "Imran Khan",
              "non_striker": "Shaheen Shah Afridi",
              "runs": {
                "batter": 1,
                "extras": 0,
                "total": 1
              }
            },
            {
              "batter": "Shaheen Shah Afridi",
              "bowler": "Imran Khan",
              "non_striker": "Haris Rauf",
              "runs": {
                "batter": 1,
                "extras": 0,
                "total": 1
              }
            },
            {
              "batter": "Haris Rauf",
              "bowler": "Imran Khan",
              "non_striker": "Shaheen Shah Afridi",
              "runs": {
                "batter": 0,
                "extras": 0,
                "total": 0
              },
              "wickets": [
                {
                  "player_out": "Haris Rauf",
                  "fielders": [
                    {
                      "name": "Imran Tahir"
                    }
                  ],
                  "kind": "caught"
                }
              ]
            },
            {
              "batter": "Ahmed Daniyal",
              "bowler": "Imran Khan",
              "non_striker": "Shaheen Shah Afridi",
              "runs": {
                "batter": 1,
                "extras": 0,
                "total": 1
              }
            },
            {
              "batter": "Shaheen Shah Afridi",
              "bowler": "Imran Khan",
              "non_striker": "Ahmed Daniyal",
              "runs": {
                "batter": 1,
                "extras": 0,
                "total": 1
              }
            },
            {
              "batter": "Ahmed Daniyal",
              "bowler": "Imran Khan",
              "non_striker": "Shaheen Shah Afridi",
              "runs": {
                "batter": 0,
                "extras": 0,
                "total": 0
              }
            }
          ]
        },
        {
          "over": 15,
          "deliveries": [
            {
              "batter": "Shaheen Shah Afridi",
              "bowler": "Shahnawaz Dhani",
              "non_striker": "Ahmed Daniyal",
              "runs": {
                "batter": 0,
                "extras": 0,
                "total": 0
              },
              "wickets": [
                {
                  "player_out": "Shaheen Shah Afridi",
                  "fielders": [
                    {
                      "name": "RR Rossouw"
                    }
                  ],
                  "kind": "caught"
                }
              ]
            }
          ]
        }
      ],
      "powerplays": [
        {
          "from": 0.1,
          "to": 5.7,
          "type": "mandatory"
        }
      ],
      "target": {
        "overs": 20,
        "runs": 170
      }
    }
  ]
}