{
  "meta": {
    "data_version": "1.1.0",
    "created": "2021-06-15",
    "revision": 3
  },
  "info": {
    "balls_per_over": 6,
    "city": "Abu Dhabi",
    "dates": [
      "2021-06-13"
    ],
    "event": {
      "name": "Pakistan Super League",
      "match_number": 20
    },
    "gender": "male",
    "match_type": "T20",
    "officials": {
      "reserve_umpires": [
        "Zameer Haider"
      ],
      "tv_umpires": [
        "Ahsan Raza"
      ],
      "umpires": [
        "Asif Yaqoob",
        "Shozab Raza"
      ]
    },
    "outcome": {
      "winner": "Islamabad United",
      "by": {
        "runs": 28
      }
    },
    "overs": 20,
    "player_of_match": [
      "Asif Ali"
    ],
    "players": {
      "Islamabad United": [
        "UT Khawaja",
        "C Munro",
        "Rohail Nazir",
        "Hussain Talat",
        "Shadab Khan",
        "Iftikhar Ahmed",
        "Asif Ali",
        "Mohammad Wasim",
        "Muhammad Musa",
        "Fawad Ahmed",
        "Ali Khan"
      ],
      "Lahore Qalandars": [
        "Fakhar Zaman",
        "Sohail Akhtar",
        "Zeeshan Ashraf",
        "Mohammad Hafeez",
        "BR Dunk",
        "TH David",
        "Rashid Khan",
        "JP Faulkner",
        "Shaheen Shah Afridi",
        "Ahmed Daniyal",
        "Haris Rauf"
      ]
    },
    "registry": {
      "people": {
        "Ahmed Daniyal": "9656afbf",
        "Ahsan Raza": "e0e5b209",
        "Ali Khan": "b0eaaac6",
        "Asif Ali": "0a4736eb",
        "Asif Yaqoob": "6b35790c",
        "BR Dunk": "272d796e",
        "C Munro": "af2c687b",
        "Fakhar Zaman": "1777c020",
        "Fawad Ahmed": "22ae3041",
        "Haris Rauf": "24bb1c2f",
        "Hussain Talat": "bb4b445b",
        "Iftikhar Ahmed": "29e253dd",
        "JP Faulkner": "808f425a",
        "Mohammad Hafeez": "9ab63e7b",
        "Mohammad Wasim": "9e9af5f2",
        "Muhammad Musa": "9b8a3c39",
        "Rashid Khan": "5f547c8b",
        "Rohail Nazir": "522bea89",
        "Shadab Khan": "9de62878",
        "Shaheen Shah Afridi": "45a7e761",
        "Shozab Raza": "153c67dc",
        "Sohail Akhtar": "1ff2f550",
        "TH David": "f1f99156",
        "UT Khawaja": "331ea488",
        "Zameer Haider": "5537565f",
        "Zeeshan Ashraf": "4b345629"
      }
    },
    "season": "2021",
    "team_type": "club",
    "teams": [
      "Islamabad United",
      "Lahore Qalandars"
    ],
    "toss": {
      "decision": "bat",
      "winner": "Islamabad United"
    },
    "venue": "Sheikh Zayed Stadium, Abu Dhabi"
  },
  "innings": [
    {
      "team": "Islamabad United",
      "overs": [
        {
          "over": 0,
          "deliveries": [
            {
              "batter": "UT Khawaja",
              "bowler": "Shaheen Shah Afridi",
              "non_striker": "C Munro",
              "runs": {
                "batter": 0,
                "extras": 0,
                "total": 0
              }
            },
            {
              "batter": "UT Khawaja",
              "bowler": "Shaheen Shah Afridi",
              "non_striker": "C Munro",
              "runs": {
                "batter": 0,
                "extras": 0,
                "total": 0
              }
            },
            {
              "batter": "UT Khawaja",
              "bowler": "Shaheen Shah Afridi",
              "non_striker": "C Munro",
              "runs": {
                "batter": 0,
                "extras": 0,
                "total": 0
              },
              "wickets": [
                {
                  "player_out": "UT Khawaja",
                  "fielders": [
                    {
                      "name": "BR Dunk"
                    }
                  ],
                  "kind": "caught"
                }
              ]
            },
            {
              "batter": "Rohail Nazir",
              "bowler": "Shaheen Shah Afridi",
              "extras": {
                "noballs": 1
              },
              "non_striker": "C Munro",
              "runs": {
                "batter": 0,
                "extras": 1,
                "total": 1
              }
            },
            {
              "batter": "Rohail Nazir",
              "bowler": "Shaheen Shah Afridi",
              "non_striker": "C Munro",
              "runs": {
                "batter": 1,
                "extras": 0,
                "total": 1
              }
            },
            {
              "batter": "C Munro",
              "bowler": "Shaheen Shah Afridi",
              "non_striker": "Rohail Nazir",
              "runs": {
                "batter": 0,
                "extras": 0,
                "total": 0
              }
            },
            {
              "batter": "C Munro",
              "bowler": "Shaheen Shah Afridi",
              "non_striker": "Rohail Nazir",
              "runs": {
                "batter": 1,
                "extras": 0,
                "total": 1
              }
            }
          ]
        },
        {
          "over": 1,
          "deliveries": [
            {
              "batter": "C Munro",
              "bowler": "JP Faulkner",
              "non_striker": "Rohail Nazir",
              "runs": {
                "batter": 0,
                "extras": 0,
                "total": 0
              }
            },
            {
              "batter": "C Munro",
              "bowler": "JP Faulkner",
              "non_striker": "Rohail Nazir",
              "runs": {
                "batter": 0,
                "extras": 0,
                "total": 0
              }
            },
            {
              "batter": "C Munro",
              "bowler": "JP Faulkner",
              "non_striker": "Rohail Nazir",
              "runs": {
                "batter": 1,
                "extras": 0,
                "total": 1
              }
            },
            {
              "batter": "Rohail Nazir",
              "bowler": "JP Faulkner",
              "non_striker": "C Munro",
              "runs": {
                "batter": 0,
                "extras": 0,
                "total": 0
              },
              "wickets": [
                {
                  "player_out": "Rohail Nazir",
                  "kind": "lbw"
                }
              ]
            },
            {
              "batter": "Hussain Talat",
              "bowler": "JP Faulkner",
              "non_striker": "C Munro",
              "runs": {
                "batter": 1,
                "extras": 0,
                "total": 1
              }
            },
            {
              "batter": "C Munro",
              "bowler": "JP Faulkner",
              "non_striker": "Hussain Talat",
              "runs": {
                "batter": 1,
                "extras": 0,
                "total": 1
              }
            }
          ]
        },
        {
          "over": 2,
          "deliveries": [
            {
              "batter": "C Munro",
              "bowler": "Shaheen Shah Afridi",
              "non_striker": "Hussain Talat",
              "runs": {
                "batter": 0,
                "extras": 0,
                "total": 0
              }
            },
            {
              "batter": "C Munro",
              "bowler": "Shaheen Shah Afridi",
              "non_striker": "Hussain Talat",
              "runs": {
                "batter": 0,
                "extras": 0,
                "total": 0
              }
            },
            {
              "batter": "C Munro",
              "bowler": "Shaheen Shah Afridi",
              "non_striker": "Hussain Talat",
              "runs": {
                "batter": 1,
                "extras": 0,
                "total": 1
              }
            },
            {
              "batter": "Hussain Talat",
              "bowler": "Shaheen Shah Afridi",
              "non_striker": "C Munro",
              "runs": {
                "batter": 0,
                "extras": 0,
                "total": 0
              }
            },
            {
              "batter": "Hussain Talat",
              "bowler": "Shaheen Shah Afridi",
              "non_striker": "C Munro",
              "runs": {
                "batter": 1,
                "extras": 0,
                "total": 1
              }
            },
            {
              "batter": "C Munro",
              "bowler": "Shaheen Shah Afridi",
              "non_striker": "Hussain Talat",
              "runs": {
                "batter": 0,
                "extras": 0,
                "total": 0
              }
            }
          ]
        },
        {
          "over": 3,
          "deliveries": [
            {
              "batter": "Hussain Talat",
              "bowler": "JP Faulkner",
              "non_striker": "C Munro",
              "runs": {
                "batter": 4,
                "extras": 0,
                "total": 4
              }
            },
            {
              "batter": "Hussain Talat",
              "bowler": "JP Faulkner",
              "non_striker": "C Munro",
              "runs": {
                "batter": 0,
                "extras": 0,
                "total": 0
              }
            },
            {
              "batter": "Hussain Talat",
              "bowler": "JP Faulkner",
              "non_striker": "C Munro",
              "runs": {
                "batter": 1,
                "extras": 0,
                "total": 1
              }
            },
            {
              "batter": "C Munro",
              "bowler": "JP Faulkner",
              "non_striker": "Hussain Talat",
              "runs": {
                "batter": 0,
                "extras": 0,
                "total": 0
              },
              "wickets": [
                {
                  "player_out": "C Munro",
                  "kind": "lbw"
                }
              ]
            },
            {
              "batter": "Shadab Khan",
              "bowler": "JP Faulkner",
              "non_striker": "Hussain Talat",
              "runs": {
                "batter": 1,
                "extras": 0,
                "total": 1
              }
            },
            {
              "batter": "Hussain Talat",
              "bowler": "JP Faulkner",
              "non_striker": "Shadab Khan",
              "runs": {
                "batter": 0,
                "extras": 0,
                "total": 0
              }
            }
          ]
        },
        {
          "over": 4,
          "deliveries": [
            {
              "batter": "Shadab Khan",
              "bowler": "Shaheen Shah Afridi",
              "non_striker": "Hussain Talat",
              "runs": {
                "batter": 1,
                "extras": 0,
                "total": 1
              }
            },
            {
              "batter": "Hussain Talat",
              "bowler": "Shaheen Shah Afridi",
              "extras": {
                "byes": 1
              },
              "non_striker": "Shadab Khan",
              "runs": {
                "batter": 0,
                "extras": 1,
                "total": 1
              }
            },
            {
              "batter": "Shadab Khan",
              "bowler": "Shaheen Shah Afridi",
              "non_striker": "Hussain Talat",
              "runs": {
                "batter": 1,
                "extras": 0,
                "total": 1
              }
            },
            {
              "batter": "Hussain Talat",
              "bowler": "Shaheen Shah Afridi",
              "non_striker": "Shadab Khan",
              "runs": {
                "batter": 0,
                "extras": 0,
                "total": 0
              }
            },
            {
              "batter": "Hussain Talat",
              "bowler": "Shaheen Shah Afridi",
              "non_striker": "Shadab Khan",
              "runs": {
                "batter": 1,
                "extras": 0,
                "total": 1
              }
            },
            {
              "batter": "Shadab Khan",
              "bowler": "Shaheen Shah Afridi",
              "non_striker": "Hussain Talat",
              "runs": {
                "batter": 1,
                "extras": 0,
                "total": 1
              }
            }
          ]
        },
        {
          "over": 5,
          "deliveries": [
            {
              "batter": "Shadab Khan",
              "bowler": "JP Faulkner",
              "non_striker": "Hussain Talat",
              "runs": {
                "batter": 0,
                "extras": 0,
                "total": 0
              }
            },
            {
              "batter": "Shadab Khan",
              "bowler": "JP Faulkner",
              "non_striker": "Hussain Talat",
              "runs": {
                "batter": 1,
                "extras": 0,
                "total": 1
              }
            },
            {
              "batter": "Hussain Talat",
              "bowler": "JP Faulkner",
              "non_striker": "Shadab Khan",
              "runs": {
                "batter": 0,
                "extras": 0,
                "total": 0
              }
            },
            {
              "batter": "Hussain Talat",
              "bowler": "JP Faulkner",
              "non_striker": "Shadab Khan",
              "runs": {
                "batter": 0,
                "extras": 0,
                "total": 0
              }
            },
            {
              "batter": "Hussain Talat",
              "bowler": "JP Faulkner",
              "non_striker": "Shadab Khan",
              "runs": {
                "batter": 0,
                "extras": 0,
                "total": 0
              },
              "wickets": [
                {
                  "player_out": "Hussain Talat",
                  "fielders": [
                    {
                      "name": "TH David"
                    }
                  ],
                  "kind": "caught"
                }
              ]
            },
            {
              "batter": "Iftikhar Ahmed",
              "bowler": "JP Faulkner",
              "non_striker": "Shadab Khan",
              "runs": {
                "batter": 0,
                "extras": 0,
                "total": 0
              }
            }
          ]
        },
        {
          "over": 6,
          "deliveries": [
            {
              "batter": "Shadab Khan",
              "bowler": "Haris Rauf",
              "non_striker": "Iftikhar Ahmed",
              "runs": {
                "batter": 0,
                "extras": 0,
                "total": 0
              },
              "wickets": [
                {
                  "player_out": "Shadab Khan",
                  "fielders": [
                    {
                      "name": "BR Dunk"
                    }
                  ],
                  "kind": "caught"
                }
              ]
            },
            {
              "batter": "Asif Ali",
              "bowler": "Haris Rauf",
              "non_striker": "Iftikhar Ahmed",
              "runs": {
                "batter": 0,
                "extras": 0,
                "total": 0
              }
            },
            {
              "batter": "Asif Ali",
              "bowler": "Haris Rauf",
              "non_striker": "Iftikhar Ahmed",
              "runs": {
                "batter": 0,
                "extras": 0,
                "total": 0
              }
            },
            {
              "batter": "Asif Ali",
              "bowler": "Haris Rauf",
              "non_striker": "Iftikhar Ahmed",
              "runs": {
                "batter": 0,
                "extras": 0,
                "total": 0
              }
            },
            {
              "batter": "Asif Ali",
              "bowler": "Haris Rauf",
              "non_striker": "Iftikhar Ahmed",
              "runs": {
                "batter": 4,
                "extras": 0,
                "total": 4
              }
            },
            {
              "batter": "Asif Ali",
              "bowler": "Haris Rauf",
              "non_striker": "Iftikhar Ahmed",
              "runs": {
                "batter": 0,
                "extras": 0,
                "total": 0
              }
            }
          ]
        },
        {
          "over": 7,
          "deliveries": [
            {
              "batter": "Iftikhar Ahmed",
              "bowler": "JP Faulkner",
              "non_striker": "Asif Ali",
              "runs": {
                "batter": 4,
                "extras": 0,
                "total": 4
              }
            },
            {
              "batter": "Iftikhar Ahmed",
              "bowler": "JP Faulkner",
              "non_striker": "Asif Ali",
              "runs": {
                "batter": 0,
                "extras": 0,
                "total": 0
              }
            },
            {
              "batter": "Iftikhar Ahmed",
              "bowler": "JP Faulkner",
              "non_striker": "Asif Ali",
              "runs": {
                "batter": 1,
                "extras": 0,
                "total": 1
              }
            },
            {
              "batter": "Asif Ali",
              "bowler": "JP Faulkner",
              "non_striker": "Iftikhar Ahmed",
              "runs": {
                "batter": 0,
                "extras": 0,
                "total": 0
              }
            },
            {
              "batter": "Asif Ali",
              "bowler": "JP Faulkner",
              "non_striker": "Iftikhar Ahmed",
              "runs": {
                "batter": 0,
                "extras": 0,
                "total": 0
              }
            },
            {
              "batter": "Asif Ali",
              "bowler": "JP Faulkner",
              "non_striker": "Iftikhar Ahmed",
              "runs": {
                "batter": 4,
                "extras": 0,
                "total": 4
              }
            }
          ]
        },
        {
          "over": 8,
          "deliveries": [
            {
              "batter": "Iftikhar Ahmed",
              "bowler": "Haris Rauf",
              "non_striker": "Asif Ali",
              "runs": {
                "batter": 0,
                "extras": 0,
                "total": 0
              }
            },
            {
              "batter": "Iftikhar Ahmed",
              "bowler": "Haris Rauf",
              "non_striker": "Asif Ali",
              "review": {
                "by": "Islamabad United",
                "umpire": "Shozab Raza",
                "batter": "Iftikhar Ahmed",
                "decision": "upheld"
              },
              "runs": {
                "batter": 0,
                "extras": 0,
                "total": 0
              }
            },
            {
              "batter": "Iftikhar Ahmed",
              "bowler": "Haris Rauf",
              "non_striker": "Asif Ali",
              "runs": {
                "batter": 1,
                "extras": 0,
                "total": 1
              }
            },
            {
              "batter": "Asif Ali",
              "bowler": "Haris Rauf",
              "non_striker": "Iftikhar Ahmed",
              "runs": {
                "batter": 0,
                "extras": 0,
                "total": 0
              }
            },
            {
              "batter": "Asif Ali",
              "bowler": "Haris Rauf",
              "non_striker": "Iftikhar Ahmed",
              "runs": {
                "batter": 4,
                "extras": 0,
                "total": 4
              }
            },
            {
              "batter": "Asif Ali",
              "bowler": "Haris Rauf",
              "non_striker": "Iftikhar Ahmed",
              "runs": {
                "batter": 4,
                "extras": 0,
                "total": 4
              }
            }
          ]
        },
        {
          "over": 9,
          "deliveries": [
            {
              "batter": "Iftikhar Ahmed",
              "bowler": "Rashid Khan",
              "non_striker": "Asif Ali",
              "runs": {
                "batter": 1,
                "extras": 0,
                "total": 1
              }
            },
            {
              "batter": "Asif Ali",
              "bowler": "Rashid Khan",
              "non_striker": "Iftikhar Ahmed",
              "runs": {
                "batter": 0,
                "extras": 0,
                "total": 0
              }
            },
            {
              "batter": "Asif Ali",
              "bowler": "Rashid Khan",
              "non_striker": "Iftikhar Ahmed",
              "runs": {
                "batter": 1,
                "extras": 0,
                "total": 1
              }
            },
            {
              "batter": "Iftikhar Ahmed",
              "bowler": "Rashid Khan",
              "non_striker": "Asif Ali",
              "runs": {
                "batter": 1,
                "extras": 0,
                "total": 1
              }
            },
            {
              "batter": "Asif Ali",
              "bowler": "Rashid Khan",
              "non_striker": "Iftikhar Ahmed",
              "runs": {
                "batter": 2,
                "extras": 0,
                "total": 2
              }
            },
            {
              "batter": "Asif Ali",
              "bowler": "Rashid Khan",
              "non_striker": "Iftikhar Ahmed",
              "runs": {
                "batter": 0,
                "extras": 0,
                "total": 0
              }
            }
          ]
        },
        {
          "over": 10,
          "deliveries": [
            {
              "batter": "Iftikhar Ahmed",
              "bowler": "Ahmed Daniyal",
              "non_striker": "Asif Ali",
              "runs": {
                "batter": 1,
                "extras": 0,
                "total": 1
              }
            },
            {
              "batter": "Asif Ali",
              "bowler": "Ahmed Daniyal",
              "non_striker": "Iftikhar Ahmed",
              "runs": {
                "batter": 6,
                "extras": 0,
                "total": 6
              }
            },
            {
              "batter": "Asif Ali",
              "bowler": "Ahmed Daniyal",
              "non_striker": "Iftikhar Ahmed",
              "runs": {
                "batter": 2,
                "extras": 0,
                "total": 2
              }
            },
            {
              "batter": "Asif Ali",
              "bowler": "Ahmed Daniyal",
              "non_striker": "Iftikhar Ahmed",
              "runs": {
                "batter": 1,
                "extras": 0,
                "total": 1
              }
            },
            {
              "batter": "Iftikhar Ahmed",
              "bowler": "Ahmed Daniyal",
              "non_striker": "Asif Ali",
              "runs": {
                "batter": 1,
                "extras": 0,
                "total": 1
              }
            },
            {
              "batter": "Asif Ali",
              "bowler": "Ahmed Daniyal",
              "non_striker": "Iftikhar Ahmed",
              "runs": {
                "batter": 1,
                "extras": 0,
                "total": 1
              }
            }
          ]
        },
        {
          "over": 11,
          "deliveries": [
            {
              "batter": "Asif Ali",
              "bowler": "Rashid Khan",
              "non_striker": "Iftikhar Ahmed",
              "runs": {
                "batter": 6,
                "extras": 0,
                "total": 6
              }
            },
            {
              "batter": "Asif Ali",
              "bowler": "Rashid Khan",
              "non_striker": "Iftikhar Ahmed",
              "runs": {
                "batter": 1,
                "extras": 0,
                "total": 1
              }
            },
            {
              "batter": "Iftikhar Ahmed",
              "bowler": "Rashid Khan",
              "non_striker": "Asif Ali",
              "runs": {
                "batter": 1,
                "extras": 0,
                "total": 1
              }
            },
            {
              "batter": "Asif Ali",
              "bowler": "Rashid Khan",
              "extras": {
                "wides": 1
              },
              "non_striker": "Iftikhar Ahmed",
              "runs": {
                "batter": 0,
                "extras": 1,
                "total": 1
              }
            },
            {
              "batter": "Asif Ali",
              "bowler": "Rashid Khan",
              "non_striker": "Iftikhar Ahmed",
              "runs": {
                "batter": 2,
                "extras": 0,
                "total": 2
              }
            },
            {
              "batter": "Asif Ali",
              "bowler": "Rashid Khan",
              "non_striker": "Iftikhar Ahmed",
              "runs": {
                "batter": 0,
                "extras": 0,
                "total": 0
              }
            },
            {
              "batter": "Asif Ali",
              "bowler": "Rashid Khan",
              "non_striker": "Iftikhar Ahmed",
              "runs": {
                "batter": 1,
                "extras": 0,
                "total": 1
              }
            }
          ]
        },
        {
          "over": 12,
          "deliveries": [
            {
              "batter": "Asif Ali",
              "bowler": "Ahmed Daniyal",
              "non_striker": "Iftikhar Ahmed",
              "runs": {
                "batter": 0,
                "extras": 0,
                "total": 0
              }
            },
            {
              "batter": "Asif Ali",
              "bowler": "Ahmed Daniyal",
              "non_striker": "Iftikhar Ahmed",
              "runs": {
                "batter": 6,
                "extras": 0,
                "total": 6
              }
            },
            {
              "batter": "Asif Ali",
              "bowler": "Ahmed Daniyal",
              "non_striker": "Iftikhar Ahmed",
              "runs": {
                "batter": 4,
                "extras": 0,
                "total": 4
              }
            },
            {
              "batter": "Asif Ali",
              "bowler": "Ahmed Daniyal",
              "non_striker": "Iftikhar Ahmed",
              "runs": {
                "batter": 1,
                "extras": 0,
                "total": 1
              }
            },
            {
              "batter": "Iftikhar Ahmed",
              "bowler": "Ahmed Daniyal",
              "non_striker": "Asif Ali",
              "runs": {
                "batter": 0,
                "extras": 0,
                "total": 0
              }
            },
            {
              "batter": "Iftikhar Ahmed",
              "bowler": "Ahmed Daniyal",
              "non_striker": "Asif Ali",
              "runs": {
                "batter": 1,
                "extras": 0,
                "total": 1
              }
            }
          ]
        },
        {
          "over": 13,
          "deliveries": [
            {
              "batter": "Iftikhar Ahmed",
              "bowler": "Rashid Khan",
              "non_striker": "Asif Ali",
              "runs": {
                "batter": 2,
                "extras": 0,
                "total": 2
              }
            },
            {
              "batter": "Iftikhar Ahmed",
              "bowler": "Rashid Khan",
              "non_striker": "Asif Ali",
              "runs": {
                "batter": 1,
                "extras": 0,
                "total": 1
              }
            },
            {
              "batter": "Asif Ali",
              "bowler": "Rashid Khan",
              "non_striker": "Iftikhar Ahmed",
              "runs": {
                "batter": 6,
                "extras": 0,
                "total": 6
              }
            },
            {
              "batter": "Asif Ali",
              "bowler": "Rashid Khan",
              "non_striker": "Iftikhar Ahmed",
              "runs": {
                "batter": 0,
                "extras": 0,
                "total": 0
              }
            },
            {
              "batter": "Asif Ali",
              "bowler": "Rashid Khan",
              "non_striker": "Iftikhar Ahmed",
              "runs": {
                "batter": 1,
                "extras": 0,
                "total": 1
              }
            },
            {
              "batter": "Iftikhar Ahmed",
              "bowler": "Rashid Khan",
              "non_striker": "Asif Ali",
              "runs": {
                "batter": 1,
                "extras": 0,
                "total": 1
              }
            }
          ]
        },
        {
          "over": 14,
          "deliveries": [
            {
              "batter": "Iftikhar Ahmed",
              "bowler": "Ahmed Daniyal",
              "non_striker": "Asif Ali",
              "runs": {
                "batter": 4,
                "extras": 0,
                "total": 4
              }
            },
            {
              "batter": "Iftikhar Ahmed",
              "bowler": "Ahmed Daniyal",
              "non_striker": "Asif Ali",
              "runs": {
                "batter": 2,
                "extras": 0,
                "total": 2
              }
            },
            {
              "batter": "Iftikhar Ahmed",
              "bowler": "Ahmed Daniyal",
              "non_striker": "Asif Ali",
              "runs": {
                "batter": 1,
                "extras": 0,
                "total": 1
              }
            },
            {
              "batter": "Asif Ali",
              "bowler": "Ahmed Daniyal",
              "non_striker": "Iftikhar Ahmed",
              "runs": {
                "batter": 1,
                "extras": 0,
                "total": 1
              }
            },
            {
              "batter": "Iftikhar Ahmed",
              "bowler": "Ahmed Daniyal",
              "non_striker": "Asif Ali",
              "runs": {
                "batter": 1,
                "extras": 0,
                "total": 1
              }
            },
            {
              "batter": "Asif Ali",
              "bowler": "Ahmed Daniyal",
              "non_striker": "Iftikhar Ahmed",
              "runs": {
                "batter": 2,
                "extras": 0,
                "total": 2
              }
            }
          ]
        },
        {
          "over": 15,
          "deliveries": [
            {
              "batter": "Iftikhar Ahmed",
              "bowler": "Haris Rauf",
              "non_striker": "Asif Ali",
              "runs": {
                "batter": 0,
                "extras": 0,
                "total": 0
              }
            },
            {
              "batter": "Iftikhar Ahmed",
              "bowler": "Haris Rauf",
              "non_striker": "Asif Ali",
              "runs": {
                "batter": 4,
                "extras": 0,
                "total": 4
              }
            },
            {
              "batter": "Iftikhar Ahmed",
              "bowler": "Haris Rauf",
              "non_striker": "Asif Ali",
              "runs": {
                "batter": 4,
                "extras": 0,
                "total": 4
              }
            },
            {
              "batter": "Iftikhar Ahmed",
              "bowler": "Haris Rauf",
              "non_striker": "Asif Ali",
              "runs": {
                "batter": 1,
                "extras": 0,
                "total": 1
              }
            },
            {
              "batter": "Asif Ali",
              "bowler": "Haris Rauf",
              "non_striker": "Iftikhar Ahmed",
              "runs": {
                "batter": 1,
                "extras": 0,
                "total": 1
              }
            },
            {
              "batter": "Iftikhar Ahmed",
              "bowler": "Haris Rauf",
              "non_striker": "Asif Ali",
              "runs": {
                "batter": 1,
                "extras": 0,
                "total": 1
              }
            }
          ]
        },
        {
          "over": 16,
          "deliveries": [
            {
              "batter": "Iftikhar Ahmed",
              "bowler": "Ahmed Daniyal",
              "non_striker": "Asif Ali",
              "runs": {
                "batter": 1,
                "extras": 0,
                "total": 1
              }
            },
            {
              "batter": "Asif Ali",
              "bowler": "Ahmed Daniyal",
              "non_striker": "Iftikhar Ahmed",
              "runs": {
                "batter": 0,
                "extras": 0,
                "total": 0
              }
            },
            {
              "batter": "Asif Ali",
              "bowler": "Ahmed Daniyal",
              "non_striker": "Iftikhar Ahmed",
              "runs": {
                "batter": 4,
                "extras": 0,
                "total": 4
              }
            },
            {
              "batter": "Asif Ali",
              "bowler": "Ahmed Daniyal",
              "non_striker": "Iftikhar Ahmed",
              "runs": {
                "batter": 1,
                "extras": 0,
                "total": 1
              }
            },
            {
              "batter": "Iftikhar Ahmed",
              "bowler": "Ahmed Daniyal",
              "non_striker": "Asif Ali",
              "runs": {
                "batter": 4,
                "extras": 0,
                "total": 4
              }
            },
            {
              "batter": "Iftikhar Ahmed",
              "bowler": "Ahmed Daniyal",
              "non_striker": "Asif Ali",
              "runs": {
                "batter": 1,
                "extras": 0,
                "total": 1
              }
            }
          ]
        },
        {
          "over": 17,
          "deliveries": [
            {
              "batter": "Iftikhar Ahmed",
              "bowler": "Rashid Khan",
              "non_striker": "Asif Ali",
              "runs": {
                "batter": 1,
                "extras": 0,
                "total": 1
              }
            },
            {
              "batter": "Asif Ali",
              "bowler": "Rashid Khan",
              "non_striker": "Iftikhar Ahmed",
              "runs": {
                "batter": 1,
                "extras": 0,
                "total": 1
              }
            },
            {
              "batter": "Iftikhar Ahmed",
              "bowler": "Rashid Khan",
              "non_striker": "Asif Ali",
              "runs": {
                "batter": 4,
                "extras": 0,
                "total": 4
              }
            },
            {
              "batter": "Iftikhar Ahmed",
              "bowler": "Rashid Khan",
              "non_striker": "Asif Ali",
              "runs": {
                "batter": 1,
                "extras": 0,
                "total": 1
              }
            },
            {
              "batter": "Asif Ali",
              "bowler": "Rashid Khan",
              "non_striker": "Iftikhar Ahmed",
              "runs": {
                "batter": 1,
                "extras": 0,
                "total": 1
              }
            },
            {
              "batter": "Iftikhar Ahmed",
              "bowler": "Rashid Khan",
              "non_striker": "Asif Ali",
              "runs": {
                "batter": 0,
                "extras": 0,
                "total": 0
              }
            }
          ]
        },
        {
          "over": 18,
          "deliveries": [
            {
              "batter": "Asif Ali",
              "bowler": "Shaheen Shah Afridi",
              "non_striker": "Iftikhar Ahmed",
              "runs": {
                "batter": 6,
                "extras": 0,
                "total": 6
              }
            },
            {
              "batter": "Asif Ali",
              "bowler": "Shaheen Shah Afridi",
              "non_striker": "Iftikhar Ahmed",
              "runs": {
                "batter": 1,
                "extras": 0,
                "total": 1
              }
            },
            {
              "batter": "Iftikhar Ahmed",
              "bowler": "Shaheen Shah Afridi",
              "non_striker": "Asif Ali",
              "runs": {
                "batter": 1,
                "extras": 0,
                "total": 1
              }
            },
            {
              "batter": "Asif Ali",
              "bowler": "Shaheen Shah Afridi",
              "non_striker": "Iftikhar Ahmed",
              "runs": {
                "batter": 0,
                "extras": 0,
                "total": 0
              }
            },
            {
              "batter": "Asif Ali",
              "bowler": "Shaheen Shah Afridi",
              "non_striker": "Iftikhar Ahmed",
              "runs": {
                "batter": 0,
                "extras": 0,
                "total": 0
              },
              "wickets": [
                {
                  "player_out": "Asif Ali",
                  "kind": "hit wicket"
                }
              ]
            },
            {
              "batter": "Mohammad Wasim",
              "bowler": "Shaheen Shah Afridi",
              "non_striker": "Iftikhar Ahmed",
              "runs": {
                "batter": 2,
                "extras": 0,
                "total": 2
              }
            }
          ]
        },
        {
          "over": 19,
          "deliveries": [
            {
              "batter": "Iftikhar Ahmed",
              "bowler": "Haris Rauf",
              "extras": {
                "legbyes": 1
              },
              "non_striker": "Mohammad Wasim",
              "review": {
                "by": "Lahore Qalandars",
                "umpire": "Asif Yaqoob",
                "batter": "Iftikhar Ahmed",
                "decision": "struck down",
                "umpires_call": true
              },
              "runs": {
                "batter": 0,
                "extras": 1,
                "total": 1
              }
            },
            {
              "batter": "Mohammad Wasim",
              "bowler": "Haris Rauf",
              "non_striker": "Iftikhar Ahmed",
              "runs": {
                "batter": 0,
                "extras": 0,
                "total": 0
              }
            },
            {
              "batter": "Mohammad Wasim",
              "bowler": "Haris Rauf",
              "extras": {
                "byes": 1
              },
              "non_striker": "Iftikhar Ahmed",
              "runs": {
                "batter": 0,
                "extras": 1,
                "total": 1
              }
            },
            {
              "batter": "Iftikhar Ahmed",
              "bowler": "Haris Rauf",
              "extras": {
                "wides": 1
              },
              "non_striker": "Mohammad Wasim",
              "runs": {
                "batter": 0,
                "extras": 1,
                "total": 1
              }
            },
            {
              "batter": "Iftikhar Ahmed",
              "bowler": "Haris Rauf",
              "non_striker": "Mohammad Wasim",
              "runs": {
                "batter": 2,
                "extras": 0,
                "total": 2
              }
            },
            {
              "batter": "Iftikhar Ahmed",
              "bowler": "Haris Rauf",
              "non_striker": "Mohammad Wasim",
              "runs": {
                "batter": 0,
                "extras": 0,
                "total": 0
              },
              "wickets": [
                {
                  "player_out": "Iftikhar Ahmed",
                  "fielders": [
                    {
                      "name": "Rashid Khan"
                    }
                  ],
                  "kind": "caught"
                }
              ]
            },
            {
              "batter": "Mohammad Wasim",
              "bowler": "Haris Rauf",
              "non_striker": "Muhammad Musa",
              "runs": {
                "batter": 2,
                "extras": 0,
                "total": 2
              }
            }
          ]
        }
      ],
      "powerplays": [
        {
          "from": 0.1,
          "to": 5.6,
          "type": "mandatory"
        }
      ]
    },
    {
      "team": "Lahore Qalandars",
      "overs": [
        {
          "over": 0,
          "deliveries": [
            {
              "batter": "Fakhar Zaman",
              "bowler": "Mohammad Wasim",
              "non_striker": "Sohail Akhtar",
              "runs": {
                "batter": 0,
                "extras": 0,
                "total": 0
              }
            },
            {
              "batter": "Fakhar Zaman",
              "bowler": "Mohammad Wasim",
              "non_striker": "Sohail Akhtar",
              "runs": {
                "batter": 1,
                "extras": 0,
                "total": 1
              }
            },
            {
              "batter": "Sohail Akhtar",
              "bowler": "Mohammad Wasim",
              "non_striker": "Fakhar Zaman",
              "runs": {
                "batter": 4,
                "extras": 0,
                "total": 4
              }
            },
            {
              "batter": "Sohail Akhtar",
              "bowler": "Mohammad Wasim",
              "non_striker": "Fakhar Zaman",
              "runs": {
                "batter": 4,
                "extras": 0,
                "total": 4
              }
            },
            {
              "batter": "Sohail Akhtar",
              "bowler": "Mohammad Wasim",
              "non_striker": "Fakhar Zaman",
              "runs": {
                "batter": 1,
                "extras": 0,
                "total": 1
              }
            },
            {
              "batter": "Fakhar Zaman",
              "bowler": "Mohammad Wasim",
              "non_striker": "Sohail Akhtar",
              "runs": {
                "batter": 1,
                "extras": 0,
                "total": 1
              }
            }
          ]
        },
        {
          "over": 1,
          "deliveries": [
            {
              "batter": "Fakhar Zaman",
              "bowler": "Ali Khan",
              "non_striker": "Sohail Akhtar",
              "runs": {
                "batter": 0,
                "extras": 0,
                "total": 0
              }
            },
            {
              "batter": "Fakhar Zaman",
              "bowler": "Ali Khan",
              "non_striker": "Sohail Akhtar",
              "runs": {
                "batter": 0,
                "extras": 0,
                "total": 0
              }
            },
            {
              "batter": "Fakhar Zaman",
              "bowler": "Ali Khan",
              "non_striker": "Sohail Akhtar",
              "runs": {
                "batter": 0,
                "extras": 0,
                "total": 0
              }
            },
            {
              "batter": "Fakhar Zaman",
              "bowler": "Ali Khan",
              "non_striker": "Sohail Akhtar",
              "runs": {
                "batter": 0,
                "extras": 0,
                "total": 0
              }
            },
            {
              "batter": "Fakhar Zaman",
              "bowler": "Ali Khan",
              "extras": {
                "wides": 1
              },
              "non_striker": "Sohail Akhtar",
              "runs": {
                "batter": 0,
                "extras": 1,
                "total": 1
              }
            },
            {
              "batter": "Fakhar Zaman",
              "bowler": "Ali Khan",
              "non_striker": "Sohail Akhtar",
              "runs": {
                "batter": 0,
                "extras": 0,
                "total": 0
              }
            },
            {
              "batter": "Fakhar Zaman",
              "bowler": "Ali Khan",
              "non_striker": "Sohail Akhtar",
              "runs": {
                "batter": 1,
                "extras": 0,
                "total": 1
              }
            }
          ]
        },
        {
          "over": 2,
          "deliveries": [
            {
              "batter": "Fakhar Zaman",
              "bowler": "Muhammad Musa",
              "non_striker": "Sohail Akhtar",
              "runs": {
                "batter": 4,
                "extras": 0,
                "total": 4
              }
            },
            {
              "batter": "Fakhar Zaman",
              "bowler": "Muhammad Musa",
              "non_striker": "Sohail Akhtar",
              "runs": {
                "batter": 4,
                "extras": 0,
                "total": 4
              }
            },
            {
              "batter": "Fakhar Zaman",
              "bowler": "Muhammad Musa",
              "non_striker": "Sohail Akhtar",
              "runs": {
                "batter": 0,
                "extras": 0,
                "total": 0
              }
            },
            {
              "batter": "Fakhar Zaman",
              "bowler": "Muhammad Musa",
              "non_striker": "Sohail Akhtar",
              "runs": {
                "batter": 1,
                "extras": 0,
                "total": 1
              }
            },
            {
              "batter": "Sohail Akhtar",
              "bowler": "Muhammad Musa",
              "non_striker": "Fakhar Zaman",
              "runs": {
                "batter": 1,
                "extras": 0,
                "total": 1
              }
            },
            {
              "batter": "Fakhar Zaman",
              "bowler": "Muhammad Musa",
              "non_striker": "Sohail Akhtar",
              "runs": {
                "batter": 2,
                "extras": 0,
                "total": 2
              }
            }
          ]
        },
        {
          "over": 3,
          "deliveries": [
            {
              "batter": "Sohail Akhtar",
              "bowler": "Ali Khan",
              "non_striker": "Fakhar Zaman",
              "runs": {
                "batter": 0,
                "extras": 0,
                "total": 0
              }
            },
            {
              "batter": "Sohail Akhtar",
              "bowler": "Ali Khan",
              "non_striker": "Fakhar Zaman",
              "runs": {
                "batter": 0,
                "extras": 0,
                "total": 0
              }
            },
            {
              "batter": "Sohail Akhtar",
              "bowler": "Ali Khan",
              "non_striker": "Fakhar Zaman",
              "runs": {
                "batter": 4,
                "extras": 0,
                "total": 4
              }
            },
            {
              "batter": "Sohail Akhtar",
              "bowler": "Ali Khan",
              "extras": {
                "legbyes": 1
              },
              "non_striker": "Fakhar Zaman",
              "runs": {
                "batter": 0,
                "extras": 1,
                "total": 1
              }
            },
            {
              "batter": "Fakhar Zaman",
              "bowler": "Ali Khan",
              "non_striker": "Sohail Akhtar",
              "runs": {
                "batter": 4,
                "extras": 0,
                "total": 4
              }
            },
            {
              "batter": "Fakhar Zaman",
              "bowler": "Ali Khan",
              "non_striker": "Sohail Akhtar",
              "runs": {
                "batter": 0,
                "extras": 0,
                "total": 0
              }
            }
          ]
        },
        {
          "over": 4,
          "deliveries": [
            {
              "batter": "Sohail Akhtar",
              "bowler": "Mohammad Wasim",
              "non_striker": "Fakhar Zaman",
              "runs": {
                "batter": 1,
                "extras": 0,
                "total": 1
              }
            },
            {
              "batter": "Fakhar Zaman",
              "bowler": "Mohammad Wasim",
              "non_striker": "Sohail Akhtar",
              "runs": {
                "batter": 1,
                "extras": 0,
                "total": 1
              }
            },
            {
              "batter": "Sohail Akhtar",
              "bowler": "Mohammad Wasim",
              "non_striker": "Fakhar Zaman",
              "runs": {
                "batter": 4,
                "extras": 0,
                "total": 4
              }
            },
            {
              "batter": "Sohail Akhtar",
              "bowler": "Mohammad Wasim",
              "non_striker": "Fakhar Zaman",
              "runs": {
                "batter": 6,
                "extras": 0,
                "total": 6
              }
            },
            {
              "batter": "Sohail Akhtar",
              "bowler": "Mohammad Wasim",
              "non_striker": "Fakhar Zaman",
              "runs": {
                "batter": 0,
                "extras": 0,
                "total": 0
              }
            },
            {
              "batter": "Sohail Akhtar",
              "bowler": "Mohammad Wasim",
              "non_striker": "Fakhar Zaman",
              "runs": {
                "batter": 1,
                "extras": 0,
                "total": 1
              }
            }
          ]
        },
        {
          "over": 5,
          "deliveries": [
            {
              "batter": "Sohail Akhtar",
              "bowler": "Fawad Ahmed",
              "non_striker": "Fakhar Zaman",
              "runs": {
                "batter": 0,
                "extras": 0,
                "total": 0
              }
            },
            {
              "batter": "Sohail Akhtar",
              "bowler": "Fawad Ahmed",
              "non_striker": "Fakhar Zaman",
              "runs": {
                "batter": 4,
                "extras": 0,
                "total": 4
              }
            },
            {
              "batter": "Sohail Akhtar",
              "bowler": "Fawad Ahmed",
              "non_striker": "Fakhar Zaman",
              "runs": {
                "batter": 0,
                "extras": 0,
                "total": 0
              }
            },
            {
              "batter": "Sohail Akhtar",
              "bowler": "Fawad Ahmed",
              "non_striker": "Fakhar Zaman",
              "runs": {
                "batter": 0,
                "extras": 0,
                "total": 0
              }
            },
            {
              "batter": "Sohail Akhtar",
              "bowler": "Fawad Ahmed",
              "non_striker": "Fakhar Zaman",
              "runs": {
                "batter": 4,
                "extras": 0,
                "total": 4
              }
            },
            {
              "batter": "Sohail Akhtar",
              "bowler": "Fawad Ahmed",
              "non_striker": "Fakhar Zaman",
              "review": {
                "by": "Lahore Qalandars",
                "umpire": "Asif Yaqoob",
                "batter": "Sohail Akhtar",
                "decision": "struck down",
                "umpires_call": true
              },
              "runs": {
                "batter": 0,
                "extras": 0,
                "total": 0
              },
              "wickets": [
                {
                  "player_out": "Sohail Akhtar",
                  "kind": "lbw"
                }
              ]
            }
          ]
        },
        {
          "over": 6,
          "deliveries": [
            {
              "batter": "Fakhar Zaman",
              "bowler": "Iftikhar Ahmed",
              "non_striker": "Zeeshan Ashraf",
              "runs": {
                "batter": 1,
                "extras": 0,
                "total": 1
              }
            },
            {
              "batter": "Zeeshan Ashraf",
              "bowler": "Iftikhar Ahmed",
              "non_striker": "Fakhar Zaman",
              "runs": {
                "batter": 1,
                "extras": 0,
                "total": 1
              }
            },
            {
              "batter": "Fakhar Zaman",
              "bowler": "Iftikhar Ahmed",
              "non_striker": "Zeeshan Ashraf",
              "runs": {
                "batter": 0,
                "extras": 0,
                "total": 0
              }
            },
            {
              "batter": "Fakhar Zaman",
              "bowler": "Iftikhar Ahmed",
              "non_striker": "Zeeshan Ashraf",
              "runs": {
                "batter": 1,
                "extras": 0,
                "total": 1
              }
            },
            {
              "batter": "Zeeshan Ashraf",
              "bowler": "Iftikhar Ahmed",
              "non_striker": "Fakhar Zaman",
              "runs": {
                "batter": 0,
                "extras": 0,
                "total": 0
              },
              "wickets": [
                {
                  "player_out": "Zeeshan Ashraf",
                  "fielders": [
                    {
                      "name": "Rohail Nazir"
                    },
                    {
                      "name": "Shadab Khan"
                    }
                  ],
                  "kind": "run out"
                }
              ]
            },
            {
              "batter": "Mohammad Hafeez",
              "bowler": "Iftikhar Ahmed",
              "non_striker": "Fakhar Zaman",
              "runs": {
                "batter": 4,
                "extras": 0,
                "total": 4
              }
            }
          ]
        },
        {
          "over": 7,
          "deliveries": [
            {
              "batter": "Fakhar Zaman",
              "bowler": "Fawad Ahmed",
              "non_striker": "Mohammad Hafeez",
              "runs": {
                "batter": 1,
                "extras": 0,
                "total": 1
              }
            },
            {
              "batter": "Mohammad Hafeez",
              "bowler": "Fawad Ahmed",
              "non_striker": "Fakhar Zaman",
              "runs": {
                "batter": 0,
                "extras": 0,
                "total": 0
              }
            },
            {
              "batter": "Mohammad Hafeez",
              "bowler": "Fawad Ahmed",
              "non_striker": "Fakhar Zaman",
              "runs": {
                "batter": 1,
                "extras": 0,
                "total": 1
              }
            },
            {
              "batter": "Fakhar Zaman",
              "bowler": "Fawad Ahmed",
              "non_striker": "Mohammad Hafeez",
              "runs": {
                "batter": 4,
                "extras": 0,
                "total": 4
              }
            },
            {
              "batter": "Fakhar Zaman",
              "bowler": "Fawad Ahmed",
              "non_striker": "Mohammad Hafeez",
              "runs": {
                "batter": 6,
                "extras": 0,
                "total": 6
              }
            },
            {
              "batter": "Fakhar Zaman",
              "bowler": "Fawad Ahmed",
              "non_striker": "Mohammad Hafeez",
              "runs": {
                "batter": 1,
                "extras": 0,
                "total": 1
              }
            }
          ]
        },
        {
          "over": 8,
          "deliveries": [
            {
              "batter": "Fakhar Zaman",
              "bowler": "Iftikhar Ahmed",
              "non_striker": "Mohammad Hafeez",
              "runs": {
                "batter": 6,
                "extras": 0,
                "total": 6
              }
            },
            {
              "batter": "Fakhar Zaman",
              "bowler": "Iftikhar Ahmed",
              "non_striker": "Mohammad Hafeez",
              "runs": {
                "batter": 0,
                "extras": 0,
                "total": 0
              }
            },
            {
              "batter": "Fakhar Zaman",
              "bowler": "Iftikhar Ahmed",
              "non_striker": "Mohammad Hafeez",
              "runs": {
                "batter": 1,
                "extras": 0,
                "total": 1
              }
            },
            {
              "batter": "Mohammad Hafeez",
              "bowler": "Iftikhar Ahmed",
              "non_striker": "Fakhar Zaman",
              "runs": {
                "batter": 0,
                "extras": 0,
                "total": 0
              }
            },
            {
              "batter": "Mohammad Hafeez",
              "bowler": "Iftikhar Ahmed",
              "non_striker": "Fakhar Zaman",
              "runs": {
                "batter": 1,
                "extras": 0,
                "total": 1
              }
            },
            {
              "batter": "Fakhar Zaman",
              "bowler": "Iftikhar Ahmed",
              "non_striker": "Mohammad Hafeez",
              "runs": {
                "batter": 0,
                "extras": 0,
                "total": 0
              }
            }
          ]
        },
        {
          "over": 9,
          "deliveries": [
            {
              "batter": "Mohammad Hafeez",
              "bowler": "Shadab Khan",
              "non_striker": "Fakhar Zaman",
              "runs": {
                "batter": 1,
                "extras": 0,
                "total": 1
              }
            },
            {
              "batter": "Fakhar Zaman",
              "bowler": "Shadab Khan",
              "non_striker": "Mohammad Hafeez",
              "runs": {
                "batter": 0,
                "extras": 0,
                "total": 0
              }
            },
            {
              "batter": "Fakhar Zaman",
              "bowler": "Shadab Khan",
              "non_striker": "Mohammad Hafeez",
              "runs": {
                "batter": 0,
                "extras": 0,
                "total": 0
              }
            },
            {
              "batter": "Fakhar Zaman",
              "bowler": "Shadab Khan",
              "non_striker": "Mohammad Hafeez",
              "runs": {
                "batter": 1,
                "extras": 0,
                "total": 1
              }
            },
            {
              "batter": "Mohammad Hafeez",
              "bowler": "Shadab Khan",
              "non_striker": "Fakhar Zaman",
              "runs": {
                "batter": 1,
                "extras": 0,
                "total": 1
              }
            },
            {
              "batter": "Fakhar Zaman",
              "bowler": "Shadab Khan",
              "non_striker": "Mohammad Hafeez",
              "runs": {
                "batter": 0,
                "extras": 0,
                "total": 0
              }
            }
          ]
        },
        {
          "over": 10,
          "deliveries": [
            {
              "batter": "Mohammad Hafeez",
              "bowler": "Muhammad Musa",
              "non_striker": "Fakhar Zaman",
              "runs": {
                "batter": 0,
                "extras": 0,
                "total": 0
              },
              "wickets": [
                {
                  "player_out": "Mohammad Hafeez",
                  "fielders": [
                    {
                      "name": "Hussain Talat"
                    }
                  ],
                  "kind": "caught"
                }
              ]
            },
            {
              "batter": "BR Dunk",
              "bowler": "Muhammad Musa",
              "non_striker": "Fakhar Zaman",
              "runs": {
                "batter": 1,
                "extras": 0,
                "total": 1
              }
            },
            {
              "batter": "Fakhar Zaman",
              "bowler": "Muhammad Musa",
              "non_striker": "BR Dunk",
              "runs": {
                "batter": 0,
                "extras": 0,
                "total": 0
              }
            },
            {
              "batter": "Fakhar Zaman",
              "bowler": "Muhammad Musa",
              "non_striker": "BR Dunk",
              "runs": {
                "batter": 1,
                "extras": 0,
                "total": 1
              }
            },
            {
              "batter": "BR Dunk",
              "bowler": "Muhammad Musa",
              "non_striker": "Fakhar Zaman",
              "runs": {
                "batter": 0,
                "extras": 0,
                "total": 0
              }
            },
            {
              "batter": "BR Dunk",
              "bowler": "Muhammad Musa",
              "non_striker": "Fakhar Zaman",
              "review": {
                "by": "Lahore Qalandars",
                "umpire": "Shozab Raza",
                "batter": "BR Dunk",
                "decision": "struck down"
              },
              "runs": {
                "batter": 0,
                "extras": 0,
                "total": 0
              },
              "wickets": [
                {
                  "player_out": "BR Dunk",
                  "fielders": [
                    {
                      "name": "Rohail Nazir"
                    }
                  ],
                  "kind": "caught"
                }
              ]
            }
          ]
        },
        {
          "over": 11,
          "deliveries": [
            {
              "batter": "Fakhar Zaman",
              "bowler": "Shadab Khan",
              "non_striker": "TH David",
              "runs": {
                "batter": 1,
                "extras": 0,
                "total": 1
              }
            },
            {
              "batter": "TH David",
              "bowler": "Shadab Khan",
              "non_striker": "Fakhar Zaman",
              "runs": {
                "batter": 0,
                "extras": 0,
                "total": 0
              }
            },
            {
              "batter": "TH David",
              "bowler": "Shadab Khan",
              "non_striker": "Fakhar Zaman",
              "runs": {
                "batter": 1,
                "extras": 0,
                "total": 1
              }
            },
            {
              "batter": "Fakhar Zaman",
              "bowler": "Shadab Khan",
              "non_striker": "TH David",
              "runs": {
                "batter": 1,
                "extras": 0,
                "total": 1
              }
            },
            {
              "batter": "TH David",
              "bowler": "Shadab Khan",
              "non_striker": "Fakhar Zaman",
              "runs": {
                "batter": 0,
                "extras": 0,
                "total": 0
              }
            },
            {
              "batter": "TH David",
              "bowler": "Shadab Khan",
              "non_striker": "Fakhar Zaman",
              "runs": {
                "batter": 1,
                "extras": 0,
                "total": 1
              }
            }
          ]
        },
        {
          "over": 12,
          "deliveries": [
            {
              "batter": "TH David",
              "bowler": "Muhammad Musa",
              "non_striker": "Fakhar Zaman",
              "runs": {
                "batter": 1,
                "extras": 0,
                "total": 1
              }
            },
            {
              "batter": "Fakhar Zaman",
              "bowler": "Muhammad Musa",
              "non_striker": "TH David",
              "runs": {
                "batter": 0,
                "extras": 0,
                "total": 0
              },
              "wickets": [
                {
                  "player_out": "Fakhar Zaman",
                  "fielders": [
                    {
                      "name": "Iftikhar Ahmed"
                    }
                  ],
                  "kind": "caught"
                }
              ]
            },
            {
              "batter": "Rashid Khan",
              "bowler": "Muhammad Musa",
              "extras": {
                "wides": 1
              },
              "non_striker": "TH David",
              "runs": {
                "batter": 0,
                "extras": 1,
                "total": 1
              }
            },
            {
              "batter": "Rashid Khan",
              "bowler": "Muhammad Musa",
              "extras": {
                "wides": 1
              },
              "non_striker": "TH David",
              "runs": {
                "batter": 0,
                "extras": 1,
                "total": 1
              }
            },
            {
              "batter": "Rashid Khan",
              "bowler": "Muhammad Musa",
              "non_striker": "TH David",
              "runs": {
                "batter": 0,
                "extras": 0,
                "total": 0
              }
            },
            {
              "batter": "Rashid Khan",
              "bowler": "Muhammad Musa",
              "non_striker": "TH David",
              "runs": {
                "batter": 1,
                "extras": 0,
                "total": 1
              }
            },
            {
              "batter": "TH David",
              "bowler": "Muhammad Musa",
              "non_striker": "Rashid Khan",
              "runs": {
                "batter": 0,
                "extras": 0,
                "total": 0
              }
            },
            {
              "batter": "TH David",
              "bowler": "Muhammad Musa",
              "non_striker": "Rashid Khan",
              "runs": {
                "batter": 0,
                "extras": 0,
                "total": 0
              }
            }
          ]
        },
        {
          "over": 13,
          "deliveries": [
            {
              "batter": "Rashid Khan",
              "bowler": "Shadab Khan",
              "non_striker": "TH David",
              "runs": {
                "batter": 1,
                "extras": 0,
                "total": 1
              }
            },
            {
              "batter": "TH David",
              "bowler": "Shadab Khan",
              "non_striker": "Rashid Khan",
              "runs": {
                "batter": 0,
                "extras": 0,
                "total": 0
              },
              "wickets": [
                {
                  "player_out": "TH David",
                  "fielders": [
                    {
                      "name": "Iftikhar Ahmed"
                    }
                  ],
                  "kind": "caught"
                }
              ]
            },
            {
              "batter": "Rashid Khan",
              "bowler": "Shadab Khan",
              "non_striker": "JP Faulkner",
              "runs": {
                "batter": 0,
                "extras": 0,
                "total": 0
              }
            },
            {
              "batter": "Rashid Khan",
              "bowler": "Shadab Khan",
              "non_striker": "JP Faulkner",
              "runs": {
                "batter": 2,
                "extras": 0,
                "total": 2
              }
            },
            {
              "batter": "Rashid Khan",
              "bowler": "Shadab Khan",
              "non_striker": "JP Faulkner",
              "runs": {
                "batter": 0,
                "extras": 0,
                "total": 0
              }
            },
            {
              "batter": "Rashid Khan",
              "bowler": "Shadab Khan",
              "non_striker": "JP Faulkner",
              "runs": {
                "batter": 0,
                "extras": 0,
                "total": 0
              },
              "wickets": [
                {
                  "player_out": "Rashid Khan",
                  "kind": "bowled"
                }
              ]
            }
          ]
        },
        {
          "over": 14,
          "deliveries": [
            {
              "batter": "JP Faulkner",
              "bowler": "Fawad Ahmed",
              "non_striker": "Shaheen Shah Afridi",
              "runs": {
                "batter": 0,
                "extras": 0,
                "total": 0
              }
            },
            {
              "batter": "JP Faulkner",
              "bowler": "Fawad Ahmed",
              "non_striker": "Shaheen Shah Afridi",
              "runs": {
                "batter": 1,
                "extras": 0,
                "total": 1
              }
            },
            {
              "batter": "Shaheen Shah Afridi",
              "bowler": "Fawad Ahmed",
              "non_striker": "JP Faulkner",
              "runs": {
                "batter": 0,
                "extras": 0,
                "total": 0
              },
              "wickets": [
                {
                  "player_out": "Shaheen Shah Afridi",
                  "fielders": [
                    {
                      "name": "Hussain Talat"
                    },
                    {
                      "name": "Fawad Ahmed"
                    }
                  ],
                  "kind": "run out"
                }
              ]
            },
            {
              "batter": "JP Faulkner",
              "bowler": "Fawad Ahmed",
              "non_striker": "Ahmed Daniyal",
              "runs": {
                "batter": 0,
                "extras": 0,
                "total": 0
              }
            },
            {
              "batter": "JP Faulkner",
              "bowler": "Fawad Ahmed",
              "non_striker": "Ahmed Daniyal",
              "review": {
                "by": "Lahore Qalandars",
                "umpire": "Shozab Raza",
                "batter": "JP Faulkner",
                "decision": "upheld"
              },
              "runs": {
                "batter": 0,
                "extras": 0,
                "total": 0
              }
            },
            {
              "batter": "JP Faulkner",
              "bowler": "Fawad Ahmed",
              "non_striker": "Ahmed Daniyal",
              "runs": {
                "batter": 0,
                "extras": 0,
                "total": 0
              },
              "wickets": [
                {
                  "player_out": "JP Faulkner",
                  "kind": "bowled"
                }
              ]
            }
          ]
        },
        {
          "over": 15,
          "deliveries": [
            {
              "batter": "Ahmed Daniyal",
              "bowler": "Shadab Khan",
              "non_striker": "Haris Rauf",
              "runs": {
                "batter": 0,
                "extras": 0,
                "total": 0
              }
            },
            {
              "batter": "Ahmed Daniyal",
              "bowler": "Shadab Khan",
              "non_striker": "Haris Rauf",
              "runs": {
                "batter": 0,
                "extras": 0,
                "total": 0
              }
            },
            {
              "batter": "Ahmed Daniyal",
              "bowler": "Shadab Khan",
              "non_striker": "Haris Rauf",
              "runs": {
                "batter": 0,
                "extras": 0,
                "total": 0
              }
            },
            {
              "batter": "Ahmed Daniyal",
              "bowler": "Shadab Khan",
              "non_striker": "Haris Rauf",
              "runs": {
                "batter": 4,
                "extras": 0,
                "total": 4
              }
            },
            {
              "batter": "Ahmed Daniyal",
              "bowler": "Shadab Khan",
              "non_striker": "Haris Rauf",
              "runs": {
                "batter": 0,
                "extras": 0,
                "total": 0
              }
            },
            {
              "batter": "Ahmed Daniyal",
              "bowler": "Shadab Khan",
              "non_striker": "Haris Rauf",
              "runs": {
                "batter": 0,
                "extras": 0,
                "total": 0
              }
            }
          ]
        },
        {
          "over": 16,
          "deliveries": [
            {
              "batter": "Haris Rauf",
              "bowler": "Fawad Ahmed",
              "non_striker": "Ahmed Daniyal",
              "runs": {
                "batter": 0,
                "extras": 0,
                "total": 0
              }
            },
            {
              "batter": "Haris Rauf",
              "bowler": "Fawad Ahmed",
              "non_striker": "Ahmed Daniyal",
              "runs": {
                "batter": 0,
                "extras": 0,
                "total": 0
              }
            },
            {
              "batter": "Haris Rauf",
              "bowler": "Fawad Ahmed",
              "non_striker": "Ahmed Daniyal",
              "runs": {
                "batter": 0,
                "extras": 0,
                "total": 0
              }
            },
            {
              "batter": "Haris Rauf",
              "bowler": "Fawad Ahmed",
              "non_striker": "Ahmed Daniyal",
              "runs": {
                "batter": 3,
                "extras": 0,
                "total": 3
              }
            },
            {
              "batter": "Ahmed Daniyal",
              "bowler": "Fawad Ahmed",
              "non_striker": "Haris Rauf",
              "runs": {
                "batter": 1,
                "extras": 0,
                "total": 1
              }
            },
            {
              "batter": "Haris Rauf",
              "bowler": "Fawad Ahmed",
              "non_striker": "Ahmed Daniyal",
              "runs": {
                "batter": 1,
                "extras": 0,
                "total": 1
              }
            }
          ]
        },
        {
          "over": 17,
          "deliveries": [
            {
              "batter": "Haris Rauf",
              "bowler": "Mohammad Wasim",
              "non_striker": "Ahmed Daniyal",
              "runs": {
                "batter": 0,
                "extras": 0,
                "total": 0
              }
            },
            {
              "batter": "Haris Rauf",
              "bowler": "Mohammad Wasim",
              "non_striker": "Ahmed Daniyal",
              "runs": {
                "batter": 0,
                "extras": 0,
                "total": 0
              }
            },
            {
              "batter": "Haris Rauf",
              "bowler": "Mohammad Wasim",
              "non_striker": "Ahmed Daniyal",
              "runs": {
                "batter": 6,
                "extras": 0,
                "total": 6
              }
            },
            {
              "batter": "Haris Rauf",
              "bowler": "Mohammad Wasim",
              "non_striker": "Ahmed Daniyal",
              "runs": {
                "batter": 6,
                "extras": 0,
                "total": 6
              }
            },
            {
              "batter": "Haris Rauf",
              "bowler": "Mohammad Wasim",
              "non_striker": "Ahmed Daniyal",
              "runs": {
                "batter": 1,
                "extras": 0,
                "total": 1
              }
            },
            {
              "batter": "Ahmed Daniyal",
              "bowler": "Mohammad Wasim",
              "non_striker": "Haris Rauf",
              "runs": {
                "batter": 1,
                "extras": 0,
                "total": 1
              }
            }
          ]
        },
        {
          "over": 18,
          "deliveries": [
            {
              "batter": "Ahmed Daniyal",
              "bowler": "Ali Khan",
              "extras": {
                "legbyes": 1
              },
              "non_striker": "Haris Rauf",
              "runs": {
                "batter": 0,
                "extras": 1,
                "total": 1
              }
            },
            {
              "batter": "Haris Rauf",
              "bowler": "Ali Khan",
              "non_striker": "Ahmed Daniyal",
              "runs": {
                "batter": 0,
                "extras": 0,
                "total": 0
              },
              "wickets": [
                {
                  "player_out": "Haris Rauf",
                  "fielders": [
                    {
                      "name": "Iftikhar Ahmed"
                    }
                  ],
                  "kind": "caught"
                }
              ]
            }
          ]
        }
      ],
      "powerplays": [
        {
          "from": 0.1,
          "to": 5.6,
          "type": "mandatory"
        }
      ],
      "target": {
        "overs": 20,
        "runs": 153
      }
    }
  ]
}