{
  "meta": {
    "data_version": "1.1.0",
    "created": "2022-02-06",
    "revision": 2
  },
  "info": {
    "balls_per_over": 6,
    "city": "Karachi",
    "dates": [
      "2022-02-04"
    ],
    "event": {
      "name": "Pakistan Super League",
      "match_number": 11
    },
    "gender": "male",
    "match_type": "T20",
    "officials": {
      "match_referees": [
        "Iftikhar Ahmed"
      ],
      "reserve_umpires": [
        "Imtiaz Iqbal"
      ],
      "tv_umpires": [
        "Ahsan Raza"
      ],
      "umpires": [
        "Aleem Dar",
        "Shozab Raza"
      ]
    },
    "outcome": {
      "winner": "Peshawar Zalmi",
      "by": {
        "runs": 9
      }
    },
    "overs": 20,
    "player_of_match": [
      "Shoaib Malik"
    ],
    "players": {
      "Peshawar Zalmi": [
        "Hazratullah",
        "Kamran Akmal",
        "Haider Ali",
        "Shoaib Malik",
        "BCJ Cutting",
        "SE Rutherford",
        "Hussain Talat",
        "Wahab Riaz",
        "Mohammad Umar",
        "Usman Qadir",
        "Salman Irshad"
      ],
      "Karachi Kings": [
        "Babar Azam",
        "Sharjeel Khan",
        "Sahibzada Farhan",
        "IA Cockbain",
        "Mohammad Nabi",
        "Aamer Yamin",
        "Imad Wasim",
        "L Gregory",
        "Mohammad Taha",
        "Umaid Asif",
        "Mohammad Imran"
      ]
    },
    "registry": {
      "people": {
        "Aamer Yamin": "907d6e58",
        "Ahsan Raza": "e0e5b209",
        "Aleem Dar": "f02778d1",
        "BCJ Cutting": "2e11c706",
        "Babar Azam": "8a75e999",
        "Haider Ali": "c13e34f4",
        "Hazratullah": "5ea51c25",
        "Hussain Talat": "bb4b445b",
        "IA Cockbain": "542fd5a6",
        "Iftikhar Ahmed": "973d561e",
        "Imad Wasim": "9cb8d7a6",
        "Imtiaz Iqbal": "a247c3b6",
        "Kamran Akmal": "ff077124",
        "L Gregory": "06c2de82",
        "Mohammad Imran": "687e20b3",
        "Mohammad Nabi": "62af8546",
        "Mohammad Taha": "3207b7d2",
        "Mohammad Umar": "feb6180d",
        "SE Rutherford": "d014d5ac",
        "Sahibzada Farhan": "1aba45cd",
        "Salman Irshad": "30afc92b",
        "Sharjeel Khan": "193ef196",
        "Shoaib Malik": "64c34cd0",
        "Shozab Raza": "153c67dc",
        "Umaid Asif": "f69f1d8a",
        "Usman Qadir": "33742f04",
        "Wahab Riaz": "b3118300"
      }
    },
    "season": "2021/22",
    "team_type": "club",
    "teams": [
      "Peshawar Zalmi",
      "Karachi Kings"
    ],
    "toss": {
      "decision": "field",
      "winner": "Karachi Kings"
    },
    "venue": "National Stadium, Karachi"
  },
  "innings": [
    {
      "team": "Peshawar Zalmi",
      "overs": [
        {
          "over": 0,
          "deliveries": [
            {
              "batter": "Hazratullah",
              "bowler": "Imad Wasim",
              "non_striker": "Kamran Akmal",
              "runs": {
                "batter": 0,
                "extras": 0,
                "total": 0
              }
            },
            {
              "batter": "Hazratullah",
              "bowler": "Imad Wasim",
              "non_striker": "Kamran Akmal",
              "runs": {
                "batter": 0,
                "extras": 0,
                "total": 0
              }
            },
            {
              "batter": "Hazratullah",
              "bowler": "Imad Wasim",
              "non_striker": "Kamran Akmal",
              "runs": {
                "batter": 0,
                "extras": 0,
                "total": 0
              }
            },
            {
              "batter": "Hazratullah",
              "bowler": "Imad Wasim",
              "non_striker": "Kamran Akmal",
              "runs": {
                "batter": 0,
                "extras": 0,
                "total": 0
              }
            },
            {
              "batter": "Hazratullah",
              "bowler": "Imad Wasim",
              "non_striker": "Kamran Akmal",
              "runs": {
                "batter": 0,
                "extras": 0,
                "total": 0
              }
            },
            {
              "batter": "Hazratullah",
              "bowler": "Imad Wasim",
              "non_striker": "Kamran Akmal",
              "runs": {
                "batter": 4,
                "extras": 0,
                "total": 4
              }
            }
          ]
        },
        {
          "over": 1,
          "deliveries": [
            {
              "batter": "Kamran Akmal",
              "bowler": "Aamer Yamin",
              "non_striker": "Hazratullah",
              "runs": {
                "batter": 0,
                "extras": 0,
                "total": 0
              }
            },
            {
              "batter": "Kamran Akmal",
              "bowler": "Aamer Yamin",
              "non_striker": "Hazratullah",
              "runs": {
                "batter": 0,
                "extras": 0,
                "total": 0
              }
            },
            {
              "batter": "Kamran Akmal",
              "bowler": "Aamer Yamin",
              "non_striker": "Hazratullah",
              "runs": {
                "batter": 0,
                "extras": 0,
                "total": 0
              }
            },
            {
              "batter": "Kamran Akmal",
              "bowler": "Aamer Yamin",
              "non_striker": "Hazratullah",
              "runs": {
                "batter": 1,
                "extras": 0,
                "total": 1
              }
            },
            {
              "batter": "Hazratullah",
              "bowler": "Aamer Yamin",
              "non_striker": "Kamran Akmal",
              "runs": {
                "batter": 0,
                "extras": 0,
                "total": 0
              }
            },
            {
              "batter": "Hazratullah",
              "bowler": "Aamer Yamin",
              "non_striker": "Kamran Akmal",
              "runs": {
                "batter": 1,
                "extras": 0,
                "total": 1
              }
            }
          ]
        },
        {
          "over": 2,
          "deliveries": [
            {
              "batter": "Hazratullah",
              "bowler": "Mohammad Imran",
              "extras": {
                "noballs": 1
              },
              "non_striker": "Kamran Akmal",
              "runs": {
                "batter": 0,
                "extras": 1,
                "total": 1
              }
            },
            {
              "batter": "Hazratullah",
              "bowler": "Mohammad Imran",
              "non_striker": "Kamran Akmal",
              "runs": {
                "batter": 4,
                "extras": 0,
                "total": 4
              }
            },
            {
              "batter": "Hazratullah",
              "bowler": "Mohammad Imran",
              "non_striker": "Kamran Akmal",
              "runs": {
                "batter": 0,
                "extras": 0,
                "total": 0
              }
            },
            {
              "batter": "Hazratullah",
              "bowler": "Mohammad Imran",
              "non_striker": "Kamran Akmal",
              "runs": {
                "batter": 0,
                "extras": 0,
                "total": 0
              }
            },
            {
              "batter": "Hazratullah",
              "bowler": "Mohammad Imran",
              "non_striker": "Kamran Akmal",
              "runs": {
                "batter": 0,
                "extras": 0,
                "total": 0
              }
            },
            {
              "batter": "Hazratullah",
              "bowler": "Mohammad Imran",
              "non_striker": "Kamran Akmal",
              "runs": {
                "batter": 0,
                "extras": 0,
                "total": 0
              }
            },
            {
              "batter": "Hazratullah",
              "bowler": "Mohammad Imran",
              "non_striker": "Kamran Akmal",
              "runs": {
                "batter": 1,
                "extras": 0,
                "total": 1
              }
            }
          ]
        },
        {
          "over": 3,
          "deliveries": [
            {
              "batter": "Hazratullah",
              "bowler": "Aamer Yamin",
              "non_striker": "Kamran Akmal",
              "runs": {
                "batter": 6,
                "extras": 0,
                "total": 6
              }
            },
            {
              "batter": "Hazratullah",
              "bowler": "Aamer Yamin",
              "non_striker": "Kamran Akmal",
              "runs": {
                "batter": 6,
                "extras": 0,
                "total": 6
              }
            },
            {
              "batter": "Hazratullah",
              "bowler": "Aamer Yamin",
              "non_striker": "Kamran Akmal",
              "runs": {
                "batter": 4,
                "extras": 0,
                "total": 4
              }
            },
            {
              "batter": "Hazratullah",
              "bowler": "Aamer Yamin",
              "extras": {
                "wides": 1
              },
              "non_striker": "Kamran Akmal",
              "runs": {
                "batter": 0,
                "extras": 1,
                "total": 1
              }
            },
            {
              "batter": "Hazratullah",
              "bowler": "Aamer Yamin",
              "non_striker": "Kamran Akmal",
              "runs": {
                "batter": 4,
                "extras": 0,
                "total": 4
              }
            },
            {
              "batter": "Hazratullah",
              "bowler": "Aamer Yamin",
              "non_striker": "Kamran Akmal",
              "runs": {
                "batter": 0,
                "extras": 0,
                "total": 0
              }
            },
            {
              "batter": "Hazratullah",
              "bowler": "Aamer Yamin",
              "non_striker": "Kamran Akmal",
              "runs": {
                "batter": 0,
                "extras": 0,
                "total": 0
              }
            }
          ]
        },
        {
          "over": 4,
          "deliveries": [
            {
              "batter": "Kamran Akmal",
              "bowler": "Mohammad Imran",
              "non_striker": "Hazratullah",
              "runs": {
                "batter": 4,
                "extras": 0,
                "total": 4
              }
            },
            {
              "batter": "Kamran Akmal",
              "bowler": "Mohammad Imran",
              "non_striker": "Hazratullah",
              "runs": {
                "batter": 1,
                "extras": 0,
                "total": 1
              }
            },
            {
              "batter": "Hazratullah",
              "bowler": "Mohammad Imran",
              "non_striker": "Kamran Akmal",
              "runs": {
                "batter": 1,
                "extras": 0,
                "total": 1
              }
            },
            {
              "batter": "Kamran Akmal",
              "bowler": "Mohammad Imran",
              "non_striker": "Hazratullah",
              "runs": {
                "batter": 1,
                "extras": 0,
                "total": 1
              }
            },
            {
              "batter": "Hazratullah",
              "bowler": "Mohammad Imran",
              "non_striker": "Kamran Akmal",
              "runs": {
                "batter": 1,
                "extras": 0,
                "total": 1
              }
            },
            {
              "batter": "Kamran Akmal",
              "bowler": "Mohammad Imran",
              "non_striker": "Hazratullah",
              "runs": {
                "batter": 1,
                "extras": 0,
                "total": 1
              }
            }
          ]
        },
        {
          "over": 5,
          "deliveries": [
            {
              "batter": "Kamran Akmal",
              "bowler": "Umaid Asif",
              "non_striker": "Hazratullah",
              "runs": {
                "batter": 1,
                "extras": 0,
                "total": 1
              }
            },
            {
              "batter": "Hazratullah",
              "bowler": "Umaid Asif",
              "non_striker": "Kamran Akmal",
              "runs": {
                "batter": 4,
                "extras": 0,
                "total": 4
              }
            },
            {
              "batter": "Hazratullah",
              "bowler": "Umaid Asif",
              "non_striker": "Kamran Akmal",
              "runs": {
                "batter": 5,
                "extras": 0,
                "total": 5
              }
            },
            {
              "batter": "Kamran Akmal",
              "bowler": "Umaid Asif",
              "non_striker": "Hazratullah",
              "runs": {
                "batter": 1,
                "extras": 0,
                "total": 1
              }
            },
            {
              "batter": "Hazratullah",
              "bowler": "Umaid Asif",
              "non_striker": "Kamran Akmal",
              "runs": {
                "batter": 0,
                "extras": 0,
                "total": 0
              }
            },
            {
              "batter": "Hazratullah",
              "bowler": "Umaid Asif",
              "non_striker": "Kamran Akmal",
              "runs": {
                "batter": 0,
                "extras": 0,
                "total": 0
              },
              "wickets": [
                {
                  "player_out": "Hazratullah",
                  "fielders": [
                    {
                      "name": "Babar Azam"
                    }
                  ],
                  "kind": "caught"
                }
              ]
            }
          ]
        },
        {
          "over": 6,
          "deliveries": [
            {
              "batter": "Haider Ali",
              "bowler": "Imad Wasim",
              "non_striker": "Kamran Akmal",
              "runs": {
                "batter": 1,
                "extras": 0,
                "total": 1
              }
            },
            {
              "batter": "Kamran Akmal",
              "bowler": "Imad Wasim",
              "non_striker": "Haider Ali",
              "runs": {
                "batter": 2,
                "extras": 0,
                "total": 2
              }
            },
            {
              "batter": "Kamran Akmal",
              "bowler": "Imad Wasim",
              "non_striker": "Haider Ali",
              "runs": {
                "batter": 1,
                "extras": 0,
                "total": 1
              }
            },
            {
              "batter": "Haider Ali",
              "bowler": "Imad Wasim",
              "non_striker": "Kamran Akmal",
              "runs": {
                "batter": 0,
                "extras": 0,
                "total": 0
              }
            },
            {
              "batter": "Haider Ali",
              "bowler": "Imad Wasim",
              "non_striker": "Kamran Akmal",
              "runs": {
                "batter": 0,
                "extras": 0,
                "total": 0
              }
            },
            {
              "batter": "Haider Ali",
              "bowler": "Imad Wasim",
              "non_striker": "Kamran Akmal",
              "runs": {
                "batter": 0,
                "extras": 0,
                "total": 0
              }
            }
          ]
        },
        {
          "over": 7,
          "deliveries": [
            {
              "batter": "Kamran Akmal",
              "bowler": "L Gregory",
              "non_striker": "Haider Ali",
              "runs": {
                "batter": 1,
                "extras": 0,
                "total": 1
              }
            },
            {
              "batter": "Haider Ali",
              "bowler": "L Gregory",
              "non_striker": "Kamran Akmal",
              "runs": {
                "batter": 1,
                "extras": 0,
                "total": 1
              }
            },
            {
              "batter": "Kamran Akmal",
              "bowler": "L Gregory",
              "non_striker": "Haider Ali",
              "runs": {
                "batter": 1,
                "extras": 0,
                "total": 1
              }
            },
            {
              "batter": "Haider Ali",
              "bowler": "L Gregory",
              "non_striker": "Kamran Akmal",
              "runs": {
                "batter": 2,
                "extras": 0,
                "total": 2
              }
            },
            {
              "batter": "Haider Ali",
              "bowler": "L Gregory",
              "non_striker": "Kamran Akmal",
              "runs": {
                "batter": 1,
                "extras": 0,
                "total": 1
              }
            },
            {
              "batter": "Kamran Akmal",
              "bowler": "L Gregory",
              "non_striker": "Haider Ali",
              "runs": {
                "batter": 4,
                "extras": 0,
                "total": 4
              }
            }
          ]
        },
        {
          "over": 8,
          "deliveries": [
            {
              "batter": "Haider Ali",
              "bowler": "Imad Wasim",
              "non_striker": "Kamran Akmal",
              "runs": {
                "batter": 2,
                "extras": 0,
                "total": 2
              }
            },
            {
              "batter": "Haider Ali",
              "bowler": "Imad Wasim",
              "non_striker": "Kamran Akmal",
              "runs": {
                "batter": 1,
                "extras": 0,
                "total": 1
              }
            },
            {
              "batter": "Kamran Akmal",
              "bowler": "Imad Wasim",
              "non_striker": "Haider Ali",
              "runs": {
                "batter": 1,
                "extras": 0,
                "total": 1
              }
            },
            {
              "batter": "Haider Ali",
              "bowler": "Imad Wasim",
              "non_striker": "Kamran Akmal",
              "runs": {
                "batter": 1,
                "extras": 0,
                "total": 1
              }
            },
            {
              "batter": "Kamran Akmal",
              "bowler": "Imad Wasim",
              "non_striker": "Haider Ali",
              "runs": {
                "batter": 1,
                "extras": 0,
                "total": 1
              }
            },
            {
              "batter": "Haider Ali",
              "bowler": "Imad Wasim",
              "non_striker": "Kamran Akmal",
              "runs": {
                "batter": 0,
                "extras": 0,
                "total": 0
              }
            }
          ]
        },
        {
          "over": 9,
          "deliveries": [
            {
              "batter": "Kamran Akmal",
              "bowler": "Umaid Asif",
              "non_striker": "Haider Ali",
              "runs": {
                "batter": 0,
                "extras": 0,
                "total": 0
              }
            },
            {
              "batter": "Kamran Akmal",
              "bowler": "Umaid Asif",
              "extras": {
                "wides": 1
              },
              "non_striker": "Haider Ali",
              "runs": {
                "batter": 0,
                "extras": 1,
                "total": 1
              }
            },
            {
              "batter": "Kamran Akmal",
              "bowler": "Umaid Asif",
              "non_striker": "Haider Ali",
              "runs": {
                "batter": 0,
                "extras": 0,
                "total": 0
              },
              "wickets": [
                {
                  "player_out": "Kamran Akmal",
                  "fielders": [
                    {
                      "name": "Mohammad Nabi"
                    }
                  ],
                  "kind": "caught"
                }
              ]
            },
            {
              "batter": "Haider Ali",
              "bowler": "Umaid Asif",
              "non_striker": "Shoaib Malik",
              "runs": {
                "batter": 2,
                "extras": 0,
                "total": 2
              }
            },
            {
              "batter": "Haider Ali",
              "bowler": "Umaid Asif",
              "non_striker": "Shoaib Malik",
              "runs": {
                "batter": 1,
                "extras": 0,
                "total": 1
              }
            },
            {
              "batter": "Shoaib Malik",
              "bowler": "Umaid Asif",
              "non_striker": "Haider Ali",
              "runs": {
                "batter": 1,
                "extras": 0,
                "total": 1
              }
            },
            {
              "batter": "Haider Ali",
              "bowler": "Umaid Asif",
              "non_striker": "Shoaib Malik",
              "runs": {
                "batter": 0,
                "extras": 0,
                "total": 0
              }
            }
          ]
        },
        {
          "over": 10,
          "deliveries": [
            {
              "batter": "Shoaib Malik",
              "bowler": "Imad Wasim",
              "non_striker": "Haider Ali",
              "runs": {
                "batter": 1,
                "extras": 0,
                "total": 1
              }
            },
            {
              "batter": "Haider Ali",
              "bowler": "Imad Wasim",
              "non_striker": "Shoaib Malik",
              "runs": {
                "batter": 1,
                "extras": 0,
                "total": 1
              }
            },
            {
              "batter": "Shoaib Malik",
              "bowler": "Imad Wasim",
              "non_striker": "Haider Ali",
              "runs": {
                "batter": 6,
                "extras": 0,
                "total": 6
              }
            },
            {
              "batter": "Shoaib Malik",
              "bowler": "Imad Wasim",
              "non_striker": "Haider Ali",
              "runs": {
                "batter": 1,
                "extras": 0,
                "total": 1
              }
            },
            {
              "batter": "Haider Ali",
              "bowler": "Imad Wasim",
              "non_striker": "Shoaib Malik",
              "runs": {
                "batter": 1,
                "extras": 0,
                "total": 1
              }
            },
            {
              "batter": "Shoaib Malik",
              "bowler": "Imad Wasim",
              "non_striker": "Haider Ali",
              "runs": {
                "batter": 6,
                "extras": 0,
                "total": 6
              }
            }
          ]
        },
        {
          "over": 11,
          "deliveries": [
            {
              "batter": "Haider Ali",
              "bowler": "Mohammad Nabi",
              "non_striker": "Shoaib Malik",
              "runs": {
                "batter": 1,
                "extras": 0,
                "total": 1
              }
            },
            {
              "batter": "Shoaib Malik",
              "bowler": "Mohammad Nabi",
              "non_striker": "Haider Ali",
              "runs": {
                "batter": 1,
                "extras": 0,
                "total": 1
              }
            },
            {
              "batter": "Haider Ali",
              "bowler": "Mohammad Nabi",
              "extras": {
                "byes": 4
              },
              "non_striker": "Shoaib Malik",
              "runs": {
                "batter": 0,
                "extras": 4,
                "total": 4
              }
            },
            {
              "batter": "Haider Ali",
              "bowler": "Mohammad Nabi",
              "non_striker": "Shoaib Malik",
              "runs": {
                "batter": 1,
                "extras": 0,
                "total": 1
              }
            },
            {
              "batter": "Shoaib Malik",
              "bowler": "Mohammad Nabi",
              "non_striker": "Haider Ali",
              "runs": {
                "batter": 1,
                "extras": 0,
                "total": 1
              }
            },
            {
              "batter": "Haider Ali",
              "bowler": "Mohammad Nabi",
              "non_striker": "Shoaib Malik",
              "runs": {
                "batter": 0,
                "extras": 0,
                "total": 0
              }
            }
          ]
        },
        {
          "over": 12,
          "deliveries": [
            {
              "batter": "Shoaib Malik",
              "bowler": "Aamer Yamin",
              "non_striker": "Haider Ali",
              "runs": {
                "batter": 1,
                "extras": 0,
                "total": 1
              }
            },
            {
              "batter": "Haider Ali",
              "bowler": "Aamer Yamin",
              "non_striker": "Shoaib Malik",
              "runs": {
                "batter": 0,
                "extras": 0,
                "total": 0
              },
              "wickets": [
                {
                  "player_out": "Haider Ali",
                  "fielders": [
                    {
                      "name": "L Gregory"
                    }
                  ],
                  "kind": "caught"
                }
              ]
            },
            {
              "batter": "Shoaib Malik",
              "bowler": "Aamer Yamin",
              "non_striker": "BCJ Cutting",
              "runs": {
                "batter": 1,
                "extras": 0,
                "total": 1
              }
            },
            {
              "batter": "BCJ Cutting",
              "bowler": "Aamer Yamin",
              "non_striker": "Shoaib Malik",
              "runs": {
                "batter": 0,
                "extras": 0,
                "total": 0
              }
            },
            {
              "batter": "BCJ Cutting",
              "bowler": "Aamer Yamin",
              "non_striker": "Shoaib Malik",
              "runs": {
                "batter": 0,
                "extras": 0,
                "total": 0
              }
            },
            {
              "batter": "BCJ Cutting",
              "bowler": "Aamer Yamin",
              "non_striker": "Shoaib Malik",
              "runs": {
                "batter": 1,
                "extras": 0,
                "total": 1
              }
            }
          ]
        },
        {
          "over": 13,
          "deliveries": [
            {
              "batter": "BCJ Cutting",
              "bowler": "Mohammad Nabi",
              "non_striker": "Shoaib Malik",
              "runs": {
                "batter": 1,
                "extras": 0,
                "total": 1
              }
            },
            {
              "batter": "Shoaib Malik",
              "bowler": "Mohammad Nabi",
              "non_striker": "BCJ Cutting",
              "runs": {
                "batter": 1,
                "extras": 0,
                "total": 1
              }
            },
            {
              "batter": "BCJ Cutting",
              "bowler": "Mohammad Nabi",
              "non_striker": "Shoaib Malik",
              "runs": {
                "batter": 1,
                "extras": 0,
                "total": 1
              }
            },
            {
              "batter": "Shoaib Malik",
              "bowler": "Mohammad Nabi",
              "non_striker": "BCJ Cutting",
              "runs": {
                "batter": 1,
                "extras": 0,
                "total": 1
              }
            },
            {
              "batter": "BCJ Cutting",
              "bowler": "Mohammad Nabi",
              "non_striker": "Shoaib Malik",
              "runs": {
                "batter": 0,
                "extras": 0,
                "total": 0
              }
            },
            {
              "batter": "BCJ Cutting",
              "bowler": "Mohammad Nabi",
              "non_striker": "Shoaib Malik",
              "runs": {
                "batter": 1,
                "extras": 0,
                "total": 1
              }
            }
          ]
        },
        {
          "over": 14,
          "deliveries": [
            {
              "batter": "BCJ Cutting",
              "bowler": "Aamer Yamin",
              "non_striker": "Shoaib Malik",
              "runs": {
                "batter": 1,
                "extras": 0,
                "total": 1
              }
            },
            {
              "batter": "Shoaib Malik",
              "bowler": "Aamer Yamin",
              "non_striker": "BCJ Cutting",
              "runs": {
                "batter": 4,
                "extras": 0,
                "total": 4
              }
            },
            {
              "batter": "Shoaib Malik",
              "bowler": "Aamer Yamin",
              "non_striker": "BCJ Cutting",
              "runs": {
                "batter": 1,
                "extras": 0,
                "total": 1
              }
            },
            {
              "batter": "BCJ Cutting",
              "bowler": "Aamer Yamin",
              "extras": {
                "wides": 1
              },
              "non_striker": "Shoaib Malik",
              "runs": {
                "batter": 0,
                "extras": 1,
                "total": 1
              }
            },
            {
              "batter": "BCJ Cutting",
              "bowler": "Aamer Yamin",
              "non_striker": "Shoaib Malik",
              "runs": {
                "batter": 1,
                "extras": 0,
                "total": 1
              }
            },
            {
              "batter": "Shoaib Malik",
              "bowler": "Aamer Yamin",
              "non_striker": "BCJ Cutting",
              "runs": {
                "batter": 1,
                "extras": 0,
                "total": 1
              }
            },
            {
              "batter": "BCJ Cutting",
              "bowler": "Aamer Yamin",
              "non_striker": "Shoaib Malik",
              "runs": {
                "batter": 1,
                "extras": 0,
                "total": 1
              }
            }
          ]
        },
        {
          "over": 15,
          "deliveries": [
            {
              "batter": "BCJ Cutting",
              "bowler": "Mohammad Nabi",
              "non_striker": "Shoaib Malik",
              "runs": {
                "batter": 0,
                "extras": 0,
                "total": 0
              }
            },
            {
              "batter": "BCJ Cutting",
              "bowler": "Mohammad Nabi",
              "non_striker": "Shoaib Malik",
              "runs": {
                "batter": 2,
                "extras": 0,
                "total": 2
              }
            },
            {
              "batter": "BCJ Cutting",
              "bowler": "Mohammad Nabi",
              "non_striker": "Shoaib Malik",
              "runs": {
                "batter": 0,
                "extras": 0,
                "total": 0
              }
            },
            {
              "batter": "BCJ Cutting",
              "bowler": "Mohammad Nabi",
              "non_striker": "Shoaib Malik",
              "runs": {
                "batter": 2,
                "extras": 0,
                "total": 2
              }
            },
            {
              "batter": "BCJ Cutting",
              "bowler": "Mohammad Nabi",
              "non_striker": "Shoaib Malik",
              "runs": {
                "batter": 1,
                "extras": 0,
                "total": 1
              }
            },
            {
              "batter": "Shoaib Malik",
              "bowler": "Mohammad Nabi",
              "non_striker": "BCJ Cutting",
              "runs": {
                "batter": 1,
                "extras": 0,
                "total": 1
              }
            }
          ]
        },
        {
          "over": 16,
          "deliveries": [
            {
              "batter": "Shoaib Malik",
              "bowler": "Mohammad Imran",
              "non_striker": "BCJ Cutting",
              "runs": {
                "batter": 4,
                "extras": 0,
                "total": 4
              }
            },
            {
              "batter": "Shoaib Malik",
              "bowler": "Mohammad Imran",
              "non_striker": "BCJ Cutting",
              "runs": {
                "batter": 2,
                "extras": 0,
                "total": 2
              }
            },
            {
              "batter": "Shoaib Malik",
              "bowler": "Mohammad Imran",
              "non_striker": "BCJ Cutting",
              "runs": {
                "batter": 1,
                "extras": 0,
                "total": 1
              }
            },
            {
              "batter": "BCJ Cutting",
              "bowler": "Mohammad Imran",
              "non_striker": "Shoaib Malik",
              "runs": {
                "batter": 1,
                "extras": 0,
                "total": 1
              }
            },
            {
              "batter": "Shoaib Malik",
              "bowler": "Mohammad Imran",
              "non_striker": "BCJ Cutting",
              "runs": {
                "batter": 4,
                "extras": 0,
                "total": 4
              }
            },
            {
              "batter": "Shoaib Malik",
              "bowler": "Mohammad Imran",
              "non_striker": "BCJ Cutting",
              "runs": {
                "batter": 2,
                "extras": 0,
                "total": 2
              }
            }
          ]
        },
        {
          "over": 17,
          "deliveries": [
            {
              "batter": "BCJ Cutting",
              "bowler": "Umaid Asif",
              "non_striker": "Shoaib Malik",
              "runs": {
                "batter": 1,
                "extras": 0,
                "total": 1
              }
            },
            {
              "batter": "Shoaib Malik",
              "bowler": "Umaid Asif",
              "non_striker": "BCJ Cutting",
              "runs": {
                "batter": 1,
                "extras": 0,
                "total": 1
              }
            },
            {
              "batter": "BCJ Cutting",
              "bowler": "Umaid Asif",
              "non_striker": "Shoaib Malik",
              "runs": {
                "batter": 1,
                "extras": 0,
                "total": 1
              }
            },
            {
              "batter": "Shoaib Malik",
              "bowler": "Umaid Asif",
              "non_striker": "BCJ Cutting",
              "runs": {
                "batter": 4,
                "extras": 0,
                "total": 4
              }
            },
            {
              "batter": "Shoaib Malik",
              "bowler": "Umaid Asif",
              "non_striker": "BCJ Cutting",
              "runs": {
                "batter": 1,
                "extras": 0,
                "total": 1
              }
            },
            {
              "batter": "BCJ Cutting",
              "bowler": "Umaid Asif",
              "non_striker": "Shoaib Malik",
              "runs": {
                "batter": 2,
                "extras": 0,
                "total": 2
              }
            }
          ]
        },
        {
          "over": 18,
          "deliveries": [
            {
              "batter": "Shoaib Malik",
              "bowler": "Mohammad Imran",
              "non_striker": "BCJ Cutting",
              "runs": {
                "batter": 0,
                "extras": 0,
                "total": 0
              }
            },
            {
              "batter": "Shoaib Malik",
              "bowler": "Mohammad Imran",
              "non_striker": "BCJ Cutting",
              "runs": {
                "batter": 4,
                "extras": 0,
                "total": 4
              }
            },
            {
              "batter": "Shoaib Malik",
              "bowler": "Mohammad Imran",
              "extras": {
                "legbyes": 1
              },
              "non_striker": "BCJ Cutting",
              "review": {
                "by": "Karachi Kings",
                "umpire": "Aleem Dar",
                "batter": "Shoaib Malik",
                "decision": "struck down"
              },
              "runs": {
                "batter": 0,
                "extras": 1,
                "total": 1
              }
            },
            {
              "batter": "BCJ Cutting",
              "bowler": "Mohammad Imran",
              "non_striker": "Shoaib Malik",
              "runs": {
                "batter": 6,
                "extras": 0,
                "total": 6
              }
            },
            {
              "batter": "BCJ Cutting",
              "bowler": "Mohammad Imran",
              "non_striker": "Shoaib Malik",
              "runs": {
                "batter": 1,
                "extras": 0,
                "total": 1
              }
            },
            {
              "batter": "Shoaib Malik",
              "bowler": "Mohammad Imran",
              "non_striker": "BCJ Cutting",
              "runs": {
                "batter": 0,
                "extras": 0,
                "total": 0
              }
            }
          ]
        },
        {
          "over": 19,
          "deliveries": [
            {
              "batter": "BCJ Cutting",
              "bowler": "Umaid Asif",
              "non_striker": "Shoaib Malik",
              "runs": {
                "batter": 0,
                "extras": 0,
                "total": 0
              },
              "wickets": [
                {
                  "player_out": "BCJ Cutting",
                  "fielders": [
                    {
                      "name": "Sharjeel Khan"
                    }
                  ],
                  "kind": "caught"
                }
              ]
            },
            {
              "batter": "SE Rutherford",
              "bowler": "Umaid Asif",
              "extras": {
                "legbyes": 1
              },
              "non_striker": "Shoaib Malik",
              "runs": {
                "batter": 0,
                "extras": 1,
                "total": 1
              }
            },
            {
              "batter": "Shoaib Malik",
              "bowler": "Umaid Asif",
              "non_striker": "SE Rutherford",
              "runs": {
                "batter": 1,
                "extras": 0,
                "total": 1
              }
            },
            {
              "batter": "SE Rutherford",
              "bowler": "Umaid Asif",
              "non_striker": "Shoaib Malik",
              "runs": {
                "batter": 6,
                "extras": 0,
                "total": 6
              }
            },
            {
              "batter": "SE Rutherford",
              "bowler": "Umaid Asif",
              "non_striker": "Shoaib Malik",
              "runs": {
                "batter": 2,
                "extras": 0,
                "total": 2
              }
            },
            {
              "batter": "SE Rutherford",
              "bowler": "Umaid Asif",
              "non_striker": "Shoaib Malik",
              "runs": {
                "batter": 1,
                "extras": 0,
                "total": 1
              }
            }
          ]
        }
      ],
      "powerplays": [
        {
          "from": 0.1,
          "to": 5.6,
          "type": "mandatory"
        }
      ]
    },
    {
      "team": "Karachi Kings",
      "overs": [
        {
          "over": 0,
          "deliveries": [
            {
              "batter": "Babar Azam",
              "bowler": "Shoaib Malik",
              "non_striker": "Sharjeel Khan",
              "runs": {
                "batter": 0,
                "extras": 0,
                "total": 0
              }
            },
            {
              "batter": "Babar Azam",
              "bowler": "Shoaib Malik",
              "extras": {
                "wides": 1
              },
              "non_striker": "Sharjeel Khan",
              "runs": {
                "batter": 0,
                "extras": 1,
                "total": 1
              }
            },
            {
              "batter": "Babar Azam",
              "bowler": "Shoaib Malik",
              "non_striker": "Sharjeel Khan",
              "runs": {
                "batter": 1,
                "extras": 0,
                "total": 1
              }
            },
            {
              "batter": "Sharjeel Khan",
              "bowler": "Shoaib Malik",
              "non_striker": "Babar Azam",
              "runs": {
                "batter": 0,
                "extras": 0,
                "total": 0
              },
              "wickets": [
                {
                  "player_out": "Sharjeel Khan",
                  "fielders": [
                    {
                      "name": "Haider Ali"
                    }
                  ],
                  "kind": "caught"
                }
              ]
            },
            {
              "batter": "Sahibzada Farhan",
              "bowler": "Shoaib Malik",
              "non_striker": "Babar Azam",
              "runs": {
                "batter": 0,
                "extras": 0,
                "total": 0
              }
            },
            {
              "batter": "Sahibzada Farhan",
              "bowler": "Shoaib Malik",
              "non_striker": "Babar Azam",
              "runs": {
                "batter": 0,
                "extras": 0,
                "total": 0
              }
            },
            {
              "batter": "Sahibzada Farhan",
              "bowler": "Shoaib Malik",
              "non_striker": "Babar Azam",
              "runs": {
                "batter": 0,
                "extras": 0,
                "total": 0
              }
            }
          ]
        },
        {
          "over": 1,
          "deliveries": [
            {
              "batter": "Babar Azam",
              "bowler": "Mohammad Umar",
              "non_striker": "Sahibzada Farhan",
              "runs": {
                "batter": 0,
                "extras": 0,
                "total": 0
              }
            },
            {
              "batter": "Babar Azam",
              "bowler": "Mohammad Umar",
              "non_striker": "Sahibzada Farhan",
              "runs": {
                "batter": 0,
                "extras": 0,
                "total": 0
              }
            },
            {
              "batter": "Babar Azam",
              "bowler": "Mohammad Umar",
              "non_striker": "Sahibzada Farhan",
              "runs": {
                "batter": 1,
                "extras": 0,
                "total": 1
              }
            },
            {
              "batter": "Sahibzada Farhan",
              "bowler": "Mohammad Umar",
              "non_striker": "Babar Azam",
              "runs": {
                "batter": 0,
                "extras": 0,
                "total": 0
              },
              "wickets": [
                {
                  "player_out": "Sahibzada Farhan",
                  "fielders": [
                    {
                      "name": "BCJ Cutting"
                    }
                  ],
                  "kind": "caught"
                }
              ]
            },
            {
              "batter": "IA Cockbain",
              "bowler": "Mohammad Umar",
              "non_striker": "Babar Azam",
              "runs": {
                "batter": 4,
                "extras": 0,
                "total": 4
              }
            },
            {
              "batter": "IA Cockbain",
              "bowler": "Mohammad Umar",
              "non_striker": "Babar Azam",
              "runs": {
                "batter": 2,
                "extras": 0,
                "total": 2
              }
            }
          ]
        },
        {
          "over": 2,
          "deliveries": [
            {
              "batter": "Babar Azam",
              "bowler": "Salman Irshad",
              "non_striker": "IA Cockbain",
              "runs": {
                "batter": 0,
                "extras": 0,
                "total": 0
              }
            },
            {
              "batter": "Babar Azam",
              "bowler": "Salman Irshad",
              "non_striker": "IA Cockbain",
              "runs": {
                "batter": 0,
                "extras": 0,
                "total": 0
              }
            },
            {
              "batter": "Babar Azam",
              "bowler": "Salman Irshad",
              "non_striker": "IA Cockbain",
              "runs": {
                "batter": 0,
                "extras": 0,
                "total": 0
              }
            },
            {
              "batter": "Babar Azam",
              "bowler": "Salman Irshad",
              "non_striker": "IA Cockbain",
              "runs": {
                "batter": 1,
                "extras": 0,
                "total": 1
              }
            },
            {
              "batter": "IA Cockbain",
              "bowler": "Salman Irshad",
              "non_striker": "Babar Azam",
              "runs": {
                "batter": 1,
                "extras": 0,
                "total": 1
              }
            },
            {
              "batter": "Babar Azam",
              "bowler": "Salman Irshad",
              "non_striker": "IA Cockbain",
              "runs": {
                "batter": 1,
                "extras": 0,
                "total": 1
              }
            }
          ]
        },
        {
          "over": 3,
          "deliveries": [
            {
              "batter": "Babar Azam",
              "bowler": "Mohammad Umar",
              "non_striker": "IA Cockbain",
              "runs": {
                "batter": 0,
                "extras": 0,
                "total": 0
              }
            },
            {
              "batter": "Babar Azam",
              "bowler": "Mohammad Umar",
              "non_striker": "IA Cockbain",
              "runs": {
                "batter": 0,
                "extras": 0,
                "total": 0
              }
            },
            {
              "batter": "Babar Azam",
              "bowler": "Mohammad Umar",
              "non_striker": "IA Cockbain",
              "runs": {
                "batter": 4,
                "extras": 0,
                "total": 4
              }
            },
            {
              "batter": "Babar Azam",
              "bowler": "Mohammad Umar",
              "non_striker": "IA Cockbain",
              "runs": {
                "batter": 1,
                "extras": 0,
                "total": 1
              }
            },
            {
              "batter": "IA Cockbain",
              "bowler": "Mohammad Umar",
              "non_striker": "Babar Azam",
              "runs": {
                "batter": 0,
                "extras": 0,
                "total": 0
              }
            },
            {
              "batter": "IA Cockbain",
              "bowler": "Mohammad Umar",
              "non_striker": "Babar Azam",
              "runs": {
                "batter": 0,
                "extras": 0,
                "total": 0
              }
            }
          ]
        },
        {
          "over": 4,
          "deliveries": [
            {
              "batter": "Babar Azam",
              "bowler": "Salman Irshad",
              "non_striker": "IA Cockbain",
              "runs": {
                "batter": 4,
                "extras": 0,
                "total": 4
              }
            },
            {
              "batter": "Babar Azam",
              "bowler": "Salman Irshad",
              "non_striker": "IA Cockbain",
              "runs": {
                "batter": 0,
                "extras": 0,
                "total": 0
              }
            },
            {
              "batter": "Babar Azam",
              "bowler": "Salman Irshad",
              "non_striker": "IA Cockbain",
              "runs": {
                "batter": 4,
                "extras": 0,
                "total": 4
              }
            },
            {
              "batter": "Babar Azam",
              "bowler": "Salman Irshad",
              "non_striker": "IA Cockbain",
              "runs": {
                "batter": 1,
                "extras": 0,
                "total": 1
              }
            },
            {
              "batter": "IA Cockbain",
              "bowler": "Salman Irshad",
              "non_striker": "Babar Azam",
              "runs": {
                "batter": 4,
                "extras": 0,
                "total": 4
              }
            },
            {
              "batter": "IA Cockbain",
              "bowler": "Salman Irshad",
              "non_striker": "Babar Azam",
              "runs": {
                "batter": 0,
                "extras": 0,
                "total": 0
              }
            }
          ]
        },
        {
          "over": 5,
          "deliveries": [
            {
              "batter": "Babar Azam",
              "bowler": "Wahab Riaz",
              "non_striker": "IA Cockbain",
              "runs": {
                "batter": 0,
                "extras": 0,
                "total": 0
              }
            },
            {
              "batter": "Babar Azam",
              "bowler": "Wahab Riaz",
              "non_striker": "IA Cockbain",
              "runs": {
                "batter": 0,
                "extras": 0,
                "total": 0
              }
            },
            {
              "batter": "Babar Azam",
              "bowler": "Wahab Riaz",
              "non_striker": "IA Cockbain",
              "runs": {
                "batter": 4,
                "extras": 0,
                "total": 4
              }
            },
            {
              "batter": "Babar Azam",
              "bowler": "Wahab Riaz",
              "non_striker": "IA Cockbain",
              "runs": {
                "batter": 4,
                "extras": 0,
                "total": 4
              }
            },
            {
              "batter": "Babar Azam",
              "bowler": "Wahab Riaz",
              "non_striker": "IA Cockbain",
              "runs": {
                "batter": 1,
                "extras": 0,
                "total": 1
              }
            },
            {
              "batter": "IA Cockbain",
              "bowler": "Wahab Riaz",
              "non_striker": "Babar Azam",
              "runs": {
                "batter": 4,
                "extras": 0,
                "total": 4
              }
            }
          ]
        },
        {
          "over": 6,
          "deliveries": [
            {
              "batter": "Babar Azam",
              "bowler": "Hussain Talat",
              "non_striker": "IA Cockbain",
              "runs": {
                "batter": 2,
                "extras": 0,
                "total": 2
              }
            },
            {
              "batter": "Babar Azam",
              "bowler": "Hussain Talat",
              "non_striker": "IA Cockbain",
              "runs": {
                "batter": 1,
                "extras": 0,
                "total": 1
              }
            },
            {
              "batter": "IA Cockbain",
              "bowler": "Hussain Talat",
              "non_striker": "Babar Azam",
              "runs": {
                "batter": 1,
                "extras": 0,
                "total": 1
              }
            },
            {
              "batter": "Babar Azam",
              "bowler": "Hussain Talat",
              "non_striker": "IA Cockbain",
              "runs": {
                "batter": 1,
                "extras": 0,
                "total": 1
              }
            },
            {
              "batter": "IA Cockbain",
              "bowler": "Hussain Talat",
              "non_striker": "Babar Azam",
              "runs": {
                "batter": 4,
                "extras": 0,
                "total": 4
              }
            },
            {
              "batter": "IA Cockbain",
              "bowler": "Hussain Talat",
              "non_striker": "Babar Azam",
              "runs": {
                "batter": 1,
                "extras": 0,
                "total": 1
              }
            }
          ]
        },
        {
          "over": 7,
          "deliveries": [
            {
              "batter": "IA Cockbain",
              "bowler": "Usman Qadir",
              "non_striker": "Babar Azam",
              "runs": {
                "batter": 1,
                "extras": 0,
                "total": 1
              }
            },
            {
              "batter": "Babar Azam",
              "bowler": "Usman Qadir",
              "non_striker": "IA Cockbain",
              "runs": {
                "batter": 1,
                "extras": 0,
                "total": 1
              }
            },
            {
              "batter": "IA Cockbain",
              "bowler": "Usman Qadir",
              "non_striker": "Babar Azam",
              "runs": {
                "batter": 1,
                "extras": 0,
                "total": 1
              }
            },
            {
              "batter": "Babar Azam",
              "bowler": "Usman Qadir",
              "non_striker": "IA Cockbain",
              "runs": {
                "batter": 4,
                "extras": 0,
                "total": 4
              }
            },
            {
              "batter": "Babar Azam",
              "bowler": "Usman Qadir",
              "non_striker": "IA Cockbain",
              "runs": {
                "batter": 0,
                "extras": 0,
                "total": 0
              }
            },
            {
              "batter": "Babar Azam",
              "bowler": "Usman Qadir",
              "non_striker": "IA Cockbain",
              "runs": {
                "batter": 1,
                "extras": 0,
                "total": 1
              }
            }
          ]
        },
        {
          "over": 8,
          "deliveries": [
            {
              "batter": "Babar Azam",
              "bowler": "Mohammad Umar",
              "non_striker": "IA Cockbain",
              "runs": {
                "batter": 0,
                "extras": 0,
                "total": 0
              }
            },
            {
              "batter": "Babar Azam",
              "bowler": "Mohammad Umar",
              "non_striker": "IA Cockbain",
              "runs": {
                "batter": 1,
                "extras": 0,
                "total": 1
              }
            },
            {
              "batter": "IA Cockbain",
              "bowler": "Mohammad Umar",
              "non_striker": "Babar Azam",
              "runs": {
                "batter": 4,
                "extras": 0,
                "total": 4
              }
            },
            {
              "batter": "IA Cockbain",
              "bowler": "Mohammad Umar",
              "non_striker": "Babar Azam",
              "runs": {
                "batter": 1,
                "extras": 0,
                "total": 1
              }
            },
            {
              "batter": "Babar Azam",
              "bowler": "Mohammad Umar",
              "non_striker": "IA Cockbain",
              "runs": {
                "batter": 1,
                "extras": 0,
                "total": 1
              }
            },
            {
              "batter": "IA Cockbain",
              "bowler": "Mohammad Umar",
              "non_striker": "Babar Azam",
              "runs": {
                "batter": 0,
                "extras": 0,
                "total": 0
              }
            }
          ]
        },
        {
          "over": 9,
          "deliveries": [
            {
              "batter": "Babar Azam",
              "bowler": "Usman Qadir",
              "non_striker": "IA Cockbain",
              "runs": {
                "batter": 4,
                "extras": 0,
                "total": 4
              }
            },
            {
              "batter": "Babar Azam",
              "bowler": "Usman Qadir",
              "non_striker": "IA Cockbain",
              "runs": {
                "batter": 1,
                "extras": 0,
                "total": 1
              }
            },
            {
              "batter": "IA Cockbain",
              "bowler": "Usman Qadir",
              "non_striker": "Babar Azam",
              "runs": {
                "batter": 2,
                "extras": 0,
                "total": 2
              }
            },
            {
              "batter": "IA Cockbain",
              "bowler": "Usman Qadir",
              "non_striker": "Babar Azam",
              "runs": {
                "batter": 1,
                "extras": 0,
                "total": 1
              }
            },
            {
              "batter": "Babar Azam",
              "bowler": "Usman Qadir",
              "non_striker": "IA Cockbain",
              "runs": {
                "batter": 1,
                "extras": 0,
                "total": 1
              }
            },
            {
              "batter": "IA Cockbain",
              "bowler": "Usman Qadir",
              "non_striker": "Babar Azam",
              "runs": {
                "batter": 0,
                "extras": 0,
                "total": 0
              },
              "wickets": [
                {
                  "player_out": "IA Cockbain",
                  "fielders": [
                    {
                      "name": "Shoaib Malik"
                    }
                  ],
                  "kind": "caught"
                }
              ]
            }
          ]
        },
        {
          "over": 10,
          "deliveries": [
            {
              "batter": "Babar Azam",
              "bowler": "Hussain Talat",
              "non_striker": "Mohammad Nabi",
              "runs": {
                "batter": 1,
                "extras": 0,
                "total": 1
              }
            },
            {
              "batter": "Mohammad Nabi",
              "bowler": "Hussain Talat",
              "non_striker": "Babar Azam",
              "runs": {
                "batter": 1,
                "extras": 0,
                "total": 1
              }
            },
            {
              "batter": "Babar Azam",
              "bowler": "Hussain Talat",
              "non_striker": "Mohammad Nabi",
              "runs": {
                "batter": 1,
                "extras": 0,
                "total": 1
              }
            },
            {
              "batter": "Mohammad Nabi",
              "bowler": "Hussain Talat",
              "non_striker": "Babar Azam",
              "runs": {
                "batter": 0,
                "extras": 0,
                "total": 0
              }
            },
            {
              "batter": "Mohammad Nabi",
              "bowler": "Hussain Talat",
              "non_striker": "Babar Azam",
              "runs": {
                "batter": 1,
                "extras": 0,
                "total": 1
              }
            },
            {
              "batter": "Babar Azam",
              "bowler": "Hussain Talat",
              "non_striker": "Mohammad Nabi",
              "runs": {
                "batter": 2,
                "extras": 0,
                "total": 2
              }
            }
          ]
        },
        {
          "over": 11,
          "deliveries": [
            {
              "batter": "Mohammad Nabi",
              "bowler": "Wahab Riaz",
              "non_striker": "Babar Azam",
              "runs": {
                "batter": 1,
                "extras": 0,
                "total": 1
              }
            },
            {
              "batter": "Babar Azam",
              "bowler": "Wahab Riaz",
              "non_striker": "Mohammad Nabi",
              "runs": {
                "batter": 1,
                "extras": 0,
                "total": 1
              }
            },
            {
              "batter": "Mohammad Nabi",
              "bowler": "Wahab Riaz",
              "non_striker": "Babar Azam",
              "runs": {
                "batter": 0,
                "extras": 0,
                "total": 0
              }
            },
            {
              "batter": "Mohammad Nabi",
              "bowler": "Wahab Riaz",
              "non_striker": "Babar Azam",
              "runs": {
                "batter": 1,
                "extras": 0,
                "total": 1
              }
            },
            {
              "batter": "Babar Azam",
              "bowler": "Wahab Riaz",
              "non_striker": "Mohammad Nabi",
              "runs": {
                "batter": 1,
                "extras": 0,
                "total": 1
              }
            },
            {
              "batter": "Mohammad Nabi",
              "bowler": "Wahab Riaz",
              "non_striker": "Babar Azam",
              "runs": {
                "batter": 1,
                "extras": 0,
                "total": 1
              }
            }
          ]
        },
        {
          "over": 12,
          "deliveries": [
            {
              "batter": "Mohammad Nabi",
              "bowler": "Hussain Talat",
              "non_striker": "Babar Azam",
              "runs": {
                "batter": 1,
                "extras": 0,
                "total": 1
              }
            },
            {
              "batter": "Babar Azam",
              "bowler": "Hussain Talat",
              "non_striker": "Mohammad Nabi",
              "runs": {
                "batter": 1,
                "extras": 0,
                "total": 1
              }
            },
            {
              "batter": "Mohammad Nabi",
              "bowler": "Hussain Talat",
              "extras": {
                "wides": 1
              },
              "non_striker": "Babar Azam",
              "runs": {
                "batter": 0,
                "extras": 1,
                "total": 1
              }
            },
            {
              "batter": "Mohammad Nabi",
              "bowler": "Hussain Talat",
              "non_striker": "Babar Azam",
              "runs": {
                "batter": 4,
                "extras": 0,
                "total": 4
              }
            },
            {
              "batter": "Mohammad Nabi",
              "bowler": "Hussain Talat",
              "non_striker": "Babar Azam",
              "runs": {
                "batter": 0,
                "extras": 0,
                "total": 0
              },
              "wickets": [
                {
                  "player_out": "Mohammad Nabi",
                  "fielders": [
                    {
                      "name": "Shoaib Malik"
                    }
                  ],
                  "kind": "caught"
                }
              ]
            },
            {
              "batter": "Babar Azam",
              "bowler": "Hussain Talat",
              "non_striker": "Aamer Yamin",
              "runs": {
                "batter": 1,
                "extras": 0,
                "total": 1
              }
            },
            {
              "batter": "Aamer Yamin",
              "bowler": "Hussain Talat",
              "non_striker": "Babar Azam",
              "runs": {
                "batter": 1,
                "extras": 0,
                "total": 1
              }
            }
          ]
        },
        {
          "over": 13,
          "deliveries": [
            {
              "batter": "Aamer Yamin",
              "bowler": "Usman Qadir",
              "non_striker": "Babar Azam",
              "runs": {
                "batter": 0,
                "extras": 0,
                "total": 0
              }
            },
            {
              "batter": "Aamer Yamin",
              "bowler": "Usman Qadir",
              "non_striker": "Babar Azam",
              "runs": {
                "batter": 0,
                "extras": 0,
                "total": 0
              }
            },
            {
              "batter": "Aamer Yamin",
              "bowler": "Usman Qadir",
              "non_striker": "Babar Azam",
              "runs": {
                "batter": 6,
                "extras": 0,
                "total": 6
              }
            },
            {
              "batter": "Aamer Yamin",
              "bowler": "Usman Qadir",
              "non_striker": "Babar Azam",
              "runs": {
                "batter": 0,
                "extras": 0,
                "total": 0
              }
            },
            {
              "batter": "Aamer Yamin",
              "bowler": "Usman Qadir",
              "non_striker": "Babar Azam",
              "runs": {
                "batter": 0,
                "extras": 0,
                "total": 0
              }
            },
            {
              "batter": "Aamer Yamin",
              "bowler": "Usman Qadir",
              "non_striker": "Babar Azam",
              "runs": {
                "batter": 6,
                "extras": 0,
                "total": 6
              }
            }
          ]
        },
        {
          "over": 14,
          "deliveries": [
            {
              "batter": "Babar Azam",
              "bowler": "Salman Irshad",
              "non_striker": "Aamer Yamin",
              "runs": {
                "batter": 0,
                "extras": 0,
                "total": 0
              }
            },
            {
              "batter": "Babar Azam",
              "bowler": "Salman Irshad",
              "non_striker": "Aamer Yamin",
              "runs": {
                "batter": 0,
                "extras": 0,
                "total": 0
              }
            },
            {
              "batter": "Babar Azam",
              "bowler": "Salman Irshad",
              "non_striker": "Aamer Yamin",
              "runs": {
                "batter": 1,
                "extras": 0,
                "total": 1
              }
            },
            {
              "batter": "Aamer Yamin",
              "bowler": "Salman Irshad",
              "non_striker": "Babar Azam",
              "runs": {
                "batter": 0,
                "extras": 0,
                "total": 0
              }
            },
            {
              "batter": "Aamer Yamin",
              "bowler": "Salman Irshad",
              "non_striker": "Babar Azam",
              "runs": {
                "batter": 1,
                "extras": 0,
                "total": 1
              }
            },
            {
              "batter": "Babar Azam",
              "bowler": "Salman Irshad",
              "non_striker": "Aamer Yamin",
              "runs": {
                "batter": 0,
                "extras": 0,
                "total": 0
              }
            }
          ]
        },
        {
          "over": 15,
          "deliveries": [
            {
              "batter": "Aamer Yamin",
              "bowler": "Wahab Riaz",
              "non_striker": "Babar Azam",
              "runs": {
                "batter": 1,
                "extras": 0,
                "total": 1
              }
            },
            {
              "batter": "Babar Azam",
              "bowler": "Wahab Riaz",
              "non_striker": "Aamer Yamin",
              "runs": {
                "batter": 4,
                "extras": 0,
                "total": 4
              }
            },
            {
              "batter": "Babar Azam",
              "bowler": "Wahab Riaz",
              "non_striker": "Aamer Yamin",
              "runs": {
                "batter": 2,
                "extras": 0,
                "total": 2
              }
            },
            {
              "batter": "Babar Azam",
              "bowler": "Wahab Riaz",
              "non_striker": "Aamer Yamin",
              "runs": {
                "batter": 1,
                "extras": 0,
                "total": 1
              }
            },
            {
              "batter": "Aamer Yamin",
              "bowler": "Wahab Riaz",
              "extras": {
                "wides": 1
              },
              "non_striker": "Babar Azam",
              "runs": {
                "batter": 0,
                "extras": 1,
                "total": 1
              }
            },
            {
              "batter": "Aamer Yamin",
              "bowler": "Wahab Riaz",
              "non_striker": "Babar Azam",
              "runs": {
                "batter": 1,
                "extras": 0,
                "total": 1
              }
            },
            {
              "batter": "Babar Azam",
              "bowler": "Wahab Riaz",
              "non_striker": "Aamer Yamin",
              "runs": {
                "batter": 1,
                "extras": 0,
                "total": 1
              }
            }
          ]
        },
        {
          "over": 16,
          "deliveries": [
            {
              "batter": "Babar Azam",
              "bowler": "Salman Irshad",
              "non_striker": "Aamer Yamin",
              "runs": {
                "batter": 0,
                "extras": 0,
                "total": 0
              }
            },
            {
              "batter": "Babar Azam",
              "bowler": "Salman Irshad",
              "non_striker": "Aamer Yamin",
              "runs": {
                "batter": 1,
                "extras": 0,
                "total": 1
              }
            },
            {
              "batter": "Aamer Yamin",
              "bowler": "Salman Irshad",
              "non_striker": "Babar Azam",
              "runs": {
                "batter": 1,
                "extras": 0,
                "total": 1
              }
            },
            {
              "batter": "Babar Azam",
              "bowler": "Salman Irshad",
              "non_striker": "Aamer Yamin",
              "runs": {
                "batter": 1,
                "extras": 0,
                "total": 1
              }
            },
            {
              "batter": "Aamer Yamin",
              "bowler": "Salman Irshad",
              "non_striker": "Babar Azam",
              "runs": {
                "batter": 2,
                "extras": 0,
                "total": 2
              }
            },
            {
              "batter": "Aamer Yamin",
              "bowler": "Salman Irshad",
              "non_striker": "Babar Azam",
              "runs": {
                "batter": 1,
                "extras": 0,
                "total": 1
              }
            }
          ]
        },
        {
          "over": 17,
          "deliveries": [
            {
              "batter": "Aamer Yamin",
              "bowler": "Mohammad Umar",
              "non_striker": "Babar Azam",
              "runs": {
                "batter": 0,
                "extras": 0,
                "total": 0
              },
              "wickets": [
                {
                  "player_out": "Aamer Yamin",
                  "kind": "bowled"
                }
              ]
            },
            {
              "batter": "Imad Wasim",
              "bowler": "Mohammad Umar",
              "non_striker": "Babar Azam",
              "runs": {
                "batter": 0,
                "extras": 0,
                "total": 0
              }
            },
            {
              "batter": "Imad Wasim",
              "bowler": "Mohammad Umar",
              "non_striker": "Babar Azam",
              "runs": {
                "batter": 0,
                "extras": 0,
                "total": 0
              },
              "wickets": [
                {
                  "player_out": "Imad Wasim",
                  "fielders": [
                    {
                      "name": "Wahab Riaz"
                    }
                  ],
                  "kind": "caught"
                }
              ]
            },
            {
              "batter": "L Gregory",
              "bowler": "Mohammad Umar",
              "non_striker": "Babar Azam",
              "runs": {
                "batter": 1,
                "extras": 0,
                "total": 1
              }
            },
            {
              "batter": "Babar Azam",
              "bowler": "Mohammad Umar",
              "non_striker": "L Gregory",
              "runs": {
                "batter": 1,
                "extras": 0,
                "total": 1
              }
            },
            {
              "batter": "L Gregory",
              "bowler": "Mohammad Umar",
              "non_striker": "Babar Azam",
              "runs": {
                "batter": 1,
                "extras": 0,
                "total": 1
              }
            }
          ]
        },
        {
          "over": 18,
          "deliveries": [
            {
              "batter": "L Gregory",
              "bowler": "Wahab Riaz",
              "non_striker": "Babar Azam",
              "runs": {
                "batter": 1,
                "extras": 0,
                "total": 1
              }
            },
            {
              "batter": "Babar Azam",
              "bowler": "Wahab Riaz",
              "non_striker": "L Gregory",
              "runs": {
                "batter": 1,
                "extras": 0,
                "total": 1
              }
            },
            {
              "batter": "L Gregory",
              "bowler": "Wahab Riaz",
              "non_striker": "Babar Azam",
              "runs": {
                "batter": 1,
                "extras": 0,
                "total": 1
              }
            },
            {
              "batter": "Babar Azam",
              "bowler": "Wahab Riaz",
              "non_striker": "L Gregory",
              "runs": {
                "batter": 4,
                "extras": 0,
                "total": 4
              }
            },
            {
              "batter": "Babar Azam",
              "bowler": "Wahab Riaz",
              "non_striker": "L Gregory",
              "runs": {
                "batter": 6,
                "extras": 0,
                "total": 6
              }
            },
            {
              "batter": "Babar Azam",
              "bowler": "Wahab Riaz",
              "non_striker": "L Gregory",
              "runs": {
                "batter": 1,
                "extras": 0,
                "total": 1
              }
            }
          ]
        },
        {
          "over": 19,
          "deliveries": [
            {
              "batter": "Babar Azam",
              "bowler": "Hussain Talat",
              "non_striker": "L Gregory",
              "runs": {
                "batter": 1,
                "extras": 0,
                "total": 1
              }
            },
            {
              "batter": "L Gregory",
              "bowler": "Hussain Talat",
              "extras": {
                "wides": 1
              },
              "non_striker": "Babar Azam",
              "runs": {
                "batter": 0,
                "extras": 1,
                "total": 1
              }
            },
            {
              "batter": "L Gregory",
              "bowler": "Hussain Talat",
              "non_striker": "Babar Azam",
              "runs": {
                "batter": 4,
                "extras": 0,
                "total": 4
              }
            },
            {
              "batter": "L Gregory",
              "bowler": "Hussain Talat",
              "extras": {
                "byes": 1
              },
              "non_striker": "Babar Azam",
              "runs": {
                "batter": 0,
                "extras": 1,
                "total": 1
              }
            },
            {
              "batter": "Babar Azam",
              "bowler": "Hussain Talat",
              "non_striker": "L Gregory",
              "runs": {
                "batter": 4,
                "extras": 0,
                "total": 4
              }
            },
            {
              "batter": "Babar Azam",
              "bowler": "Hussain Talat",
              "non_striker": "L Gregory",
              "runs": {
                "batter": 4,
                "extras": 0,
                "total": 4
              }
            },
            {
              "batter": "Babar Azam",
              "bowler": "Hussain Talat",
              "non_striker": "L Gregory",
              "runs": {
                "batter": 4,
                "extras": 0,
                "total": 4
              }
            }
          ]
        }
      ],
      "powerplays": [
        {
          "from": 0.1,
          "to": 5.6,
          "type": "mandatory"
        }
      ],
      "target": {
        "overs": 20,
        "runs": 174
      }
    }
  ]
}