{
  "meta": {
    "data_version": "1.1.0",
    "created": "2022-02-14",
    "revision": 1
  },
  "info": {
    "balls_per_over": 6,
    "city": "Lahore",
    "dates": [
      "2022-02-11"
    ],
    "event": {
      "name": "Pakistan Super League",
      "match_number": 17
    },
    "gender": "male",
    "match_type": "T20",
    "officials": {
      "match_referees": [
        "RS Mahanama"
      ],
      "reserve_umpires": [
        "Nasir Hussain"
      ],
      "tv_umpires": [
        "Faisal Afridi"
      ],
      "umpires": [
        "Aleem Dar",
        "MA Gough"
      ]
    },
    "outcome": {
      "winner": "Lahore Qalandars",
      "by": {
        "runs": 52
      }
    },
    "overs": 20,
    "player_of_match": [
      "Fakhar Zaman"
    ],
    "players": {
      "Lahore Qalandars": [
        "Fakhar Zaman",
        "Abdullah Shafique",
        "Kamran Ghulam",
        "Mohammad Hafeez",
        "PD Salt",
        "Rashid Khan",
        "HC Brook",
        "D Wiese",
        "Shaheen Shah Afridi",
        "Haris Rauf",
        "Zaman Khan"
      ],
      "Multan Sultans": [
        "Shan Masood",
        "Mohammad Rizwan",
        "Sohaib Maqsood",
        "RR Rossouw",
        "TH David",
        "Khushdil Shah",
        "Anwar Ali",
        "Abbas Afridi",
        "Imran Tahir",
        "B Muzarabani",
        "Shahnawaz Dhani"
      ]
    },
    "registry": {
      "people": {
        "Abbas Afridi": "2cec2a92",
        "Abdullah Shafique": "fc2fffb5",
        "Aleem Dar": "f02778d1",
        "Anwar Ali": "eb2d5fe7",
        "B Muzarabani": "449f4e3c",
        "D Wiese": "aa8d28ae",
        "Faisal Afridi": "ed0bc503",
        "Fakhar Zaman": "1777c020",
        "HC Brook": "4ae1755b",
        "Haris Rauf": "24bb1c2f",
        "Imran Tahir": "acee4cc4",
        "Kamran Ghulam": "35f4cf7e",
        "Khushdil Shah": "fce581b5",
        "MA Gough": "76752ac8",
        "Mohammad Hafeez": "9ab63e7b",
        "Mohammad Rizwan": "2f26ac1a",
        "Nasir Hussain": "5b2fe85b",
        "PD Salt": "3d284ca3",
        "RR Rossouw": "cad00a4d",
        "RS Mahanama": "57910393",
        "Rashid Khan": "5f547c8b",
        "Shaheen Shah Afridi": "45a7e761",
        "Shahnawaz Dhani": "7ccbb09f",
        "Shan Masood": "6843a783",
        "Sohaib Maqsood": "b98b5e1c",
        "TH David": "f1f99156",
        "Zaman Khan": "28392e11"
      }
    },
    "season": "2021/22",
    "team_type": "club",
    "teams": [
      "Lahore Qalandars",
      "Multan Sultans"
    ],
    "toss": {
      "decision": "field",
      "winner": "Multan Sultans"
    },
    "venue": "Gaddafi Stadium, Lahore"
  },
  "innings": [
    {
      "team": "Lahore Qalandars",
      "overs": [
        {
          "over": 0,
          "deliveries": [
            {
              "batter": "Fakhar Zaman",
              "bowler": "Anwar Ali",
              "non_striker": "Abdullah Shafique",
              "runs": {
                "batter": 0,
                "extras": 0,
                "total": 0
              }
            },
            {
              "batter": "Fakhar Zaman",
              "bowler": "Anwar Ali",
              "non_striker": "Abdullah Shafique",
              "runs": {
                "batter": 1,
                "extras": 0,
                "total": 1
              }
            },
            {
              "batter": "Abdullah Shafique",
              "bowler": "Anwar Ali",
              "non_striker": "Fakhar Zaman",
              "runs": {
                "batter": 0,
                "extras": 0,
                "total": 0
              }
            },
            {
              "batter": "Abdullah Shafique",
              "bowler": "Anwar Ali",
              "non_striker": "Fakhar Zaman",
              "runs": {
                "batter": 4,
                "extras": 0,
                "total": 4
              }
            },
            {
              "batter": "Abdullah Shafique",
              "bowler": "Anwar Ali",
              "non_striker": "Fakhar Zaman",
              "runs": {
                "batter": 0,
                "extras": 0,
                "total": 0
              },
              "wickets": [
                {
                  "player_out": "Abdullah Shafique",
                  "kind": "lbw"
                }
              ]
            },
            {
              "batter": "Kamran Ghulam",
              "bowler": "Anwar Ali",
              "non_striker": "Fakhar Zaman",
              "runs": {
                "batter": 0,
                "extras": 0,
                "total": 0
              }
            }
          ]
        },
        {
          "over": 1,
          "deliveries": [
            {
              "batter": "Fakhar Zaman",
              "bowler": "B Muzarabani",
              "extras": {
                "legbyes": 1
              },
              "non_striker": "Kamran Ghulam",
              "runs": {
                "batter": 0,
                "extras": 1,
                "total": 1
              }
            },
            {
              "batter": "Kamran Ghulam",
              "bowler": "B Muzarabani",
              "non_striker": "Fakhar Zaman",
              "runs": {
                "batter": 0,
                "extras": 0,
                "total": 0
              }
            },
            {
              "batter": "Kamran Ghulam",
              "bowler": "B Muzarabani",
              "non_striker": "Fakhar Zaman",
              "runs": {
                "batter": 1,
                "extras": 0,
                "total": 1
              }
            },
            {
              "batter": "Fakhar Zaman",
              "bowler": "B Muzarabani",
              "non_striker": "Kamran Ghulam",
              "runs": {
                "batter": 0,
                "extras": 0,
                "total": 0
              }
            },
            {
              "batter": "Fakhar Zaman",
              "bowler": "B Muzarabani",
              "non_striker": "Kamran Ghulam",
              "runs": {
                "batter": 4,
                "extras": 0,
                "total": 4
              }
            },
            {
              "batter": "Fakhar Zaman",
              "bowler": "B Muzarabani",
              "non_striker": "Kamran Ghulam",
              "runs": {
                "batter": 4,
                "extras": 0,
                "total": 4
              }
            }
          ]
        },
        {
          "over": 2,
          "deliveries": [
            {
              "batter": "Kamran Ghulam",
              "bowler": "Anwar Ali",
              "non_striker": "Fakhar Zaman",
              "runs": {
                "batter": 0,
                "extras": 0,
                "total": 0
              }
            },
            {
              "batter": "Kamran Ghulam",
              "bowler": "Anwar Ali",
              "non_striker": "Fakhar Zaman",
              "runs": {
                "batter": 1,
                "extras": 0,
                "total": 1
              }
            },
            {
              "batter": "Fakhar Zaman",
              "bowler": "Anwar Ali",
              "non_striker": "Kamran Ghulam",
              "runs": {
                "batter": 4,
                "extras": 0,
                "non_boundary": true,
                "total": 4
              }
            },
            {
              "batter": "Fakhar Zaman",
              "bowler": "Anwar Ali",
              "non_striker": "Kamran Ghulam",
              "runs": {
                "batter": 1,
                "extras": 0,
                "total": 1
              }
            },
            {
              "batter": "Kamran Ghulam",
              "bowler": "Anwar Ali",
              "non_striker": "Fakhar Zaman",
              "runs": {
                "batter": 0,
                "extras": 0,
                "total": 0
              }
            },
            {
              "batter": "Kamran Ghulam",
              "bowler": "Anwar Ali",
              "non_striker": "Fakhar Zaman",
              "runs": {
                "batter": 0,
                "extras": 0,
                "total": 0
              }
            }
          ]
        },
        {
          "over": 3,
          "deliveries": [
            {
              "batter": "Fakhar Zaman",
              "bowler": "Shahnawaz Dhani",
              "non_striker": "Kamran Ghulam",
              "runs": {
                "batter": 0,
                "extras": 0,
                "total": 0
              }
            },
            {
              "batter": "Fakhar Zaman",
              "bowler": "Shahnawaz Dhani",
              "non_striker": "Kamran Ghulam",
              "runs": {
                "batter": 4,
                "extras": 0,
                "total": 4
              }
            },
            {
              "batter": "Fakhar Zaman",
              "bowler": "Shahnawaz Dhani",
              "non_striker": "Kamran Ghulam",
              "runs": {
                "batter": 1,
                "extras": 0,
                "total": 1
              }
            },
            {
              "batter": "Kamran Ghulam",
              "bowler": "Shahnawaz Dhani",
              "non_striker": "Fakhar Zaman",
              "runs": {
                "batter": 4,
                "extras": 0,
                "total": 4
              }
            },
            {
              "batter": "Kamran Ghulam",
              "bowler": "Shahnawaz Dhani",
              "non_striker": "Fakhar Zaman",
              "runs": {
                "batter": 0,
                "extras": 0,
                "total": 0
              }
            },
            {
              "batter": "Kamran Ghulam",
              "bowler": "Shahnawaz Dhani",
              "extras": {
                "wides": 1
              },
              "non_striker": "Fakhar Zaman",
              "runs": {
                "batter": 0,
                "extras": 1,
                "total": 1
              }
            },
            {
              "batter": "Kamran Ghulam",
              "bowler": "Shahnawaz Dhani",
              "non_striker": "Fakhar Zaman",
              "runs": {
                "batter": 4,
                "extras": 0,
                "total": 4
              }
            }
          ]
        },
        {
          "over": 4,
          "deliveries": [
            {
              "batter": "Fakhar Zaman",
              "bowler": "B Muzarabani",
              "non_striker": "Kamran Ghulam",
              "runs": {
                "batter": 1,
                "extras": 0,
                "total": 1
              }
            },
            {
              "batter": "Kamran Ghulam",
              "bowler": "B Muzarabani",
              "non_striker": "Fakhar Zaman",
              "runs": {
                "batter": 4,
                "extras": 0,
                "total": 4
              }
            },
            {
              "batter": "Kamran Ghulam",
              "bowler": "B Muzarabani",
              "non_striker": "Fakhar Zaman",
              "runs": {
                "batter": 1,
                "extras": 0,
                "total": 1
              }
            },
            {
              "batter": "Fakhar Zaman",
              "bowler": "B Muzarabani",
              "non_striker": "Kamran Ghulam",
              "runs": {
                "batter": 2,
                "extras": 0,
                "total": 2
              }
            },
            {
              "batter": "Fakhar Zaman",
              "bowler": "B Muzarabani",
              "non_striker": "Kamran Ghulam",
              "runs": {
                "batter": 1,
                "extras": 0,
                "total": 1
              }
            },
            {
              "batter": "Kamran Ghulam",
              "bowler": "B Muzarabani",
              "non_striker": "Fakhar Zaman",
              "runs": {
                "batter": 1,
                "extras": 0,
                "total": 1
              }
            }
          ]
        },
        {
          "over": 5,
          "deliveries": [
            {
              "batter": "Kamran Ghulam",
              "bowler": "Abbas Afridi",
              "non_striker": "Fakhar Zaman",
              "runs": {
                "batter": 1,
                "extras": 0,
                "total": 1
              }
            },
            {
              "batter": "Fakhar Zaman",
              "bowler": "Abbas Afridi",
              "non_striker": "Kamran Ghulam",
              "runs": {
                "batter": 0,
                "extras": 0,
                "total": 0
              }
            },
            {
              "batter": "Fakhar Zaman",
              "bowler": "Abbas Afridi",
              "non_striker": "Kamran Ghulam",
              "runs": {
                "batter": 4,
                "extras": 0,
                "total": 4
              }
            },
            {
              "batter": "Fakhar Zaman",
              "bowler": "Abbas Afridi",
              "non_striker": "Kamran Ghulam",
              "runs": {
                "batter": 4,
                "extras": 0,
                "total": 4
              }
            },
            {
              "batter": "Fakhar Zaman",
              "bowler": "Abbas Afridi",
              "non_striker": "Kamran Ghulam",
              "runs": {
                "batter": 1,
                "extras": 0,
                "total": 1
              }
            },
            {
              "batter": "Kamran Ghulam",
              "bowler": "Abbas Afridi",
              "non_striker": "Fakhar Zaman",
              "runs": {
                "batter": 1,
                "extras": 0,
                "total": 1
              }
            }
          ]
        },
        {
          "over": 6,
          "deliveries": [
            {
              "batter": "Kamran Ghulam",
              "bowler": "Khushdil Shah",
              "non_striker": "Fakhar Zaman",
              "runs": {
                "batter": 0,
                "extras": 0,
                "total": 0
              }
            },
            {
              "batter": "Kamran Ghulam",
              "bowler": "Khushdil Shah",
              "non_striker": "Fakhar Zaman",
              "runs": {
                "batter": 0,
                "extras": 0,
                "total": 0
              }
            },
            {
              "batter": "Kamran Ghulam",
              "bowler": "Khushdil Shah",
              "non_striker": "Fakhar Zaman",
              "runs": {
                "batter": 1,
                "extras": 0,
                "total": 1
              }
            },
            {
              "batter": "Fakhar Zaman",
              "bowler": "Khushdil Shah",
              "non_striker": "Kamran Ghulam",
              "runs": {
                "batter": 1,
                "extras": 0,
                "total": 1
              }
            },
            {
              "batter": "Kamran Ghulam",
              "bowler": "Khushdil Shah",
              "non_striker": "Fakhar Zaman",
              "runs": {
                "batter": 1,
                "extras": 0,
                "total": 1
              }
            },
            {
              "batter": "Fakhar Zaman",
              "bowler": "Khushdil Shah",
              "non_striker": "Kamran Ghulam",
              "runs": {
                "batter": 0,
                "extras": 0,
                "total": 0
              }
            }
          ]
        },
        {
          "over": 7,
          "deliveries": [
            {
              "batter": "Kamran Ghulam",
              "bowler": "Imran Tahir",
              "non_striker": "Fakhar Zaman",
              "runs": {
                "batter": 0,
                "extras": 0,
                "total": 0
              }
            },
            {
              "batter": "Kamran Ghulam",
              "bowler": "Imran Tahir",
              "non_striker": "Fakhar Zaman",
              "runs": {
                "batter": 1,
                "extras": 0,
                "total": 1
              }
            },
            {
              "batter": "Fakhar Zaman",
              "bowler": "Imran Tahir",
              "non_striker": "Kamran Ghulam",
              "runs": {
                "batter": 1,
                "extras": 0,
                "total": 1
              }
            },
            {
              "batter": "Kamran Ghulam",
              "bowler": "Imran Tahir",
              "non_striker": "Fakhar Zaman",
              "runs": {
                "batter": 0,
                "extras": 0,
                "total": 0
              }
            },
            {
              "batter": "Kamran Ghulam",
              "bowler": "Imran Tahir",
              "non_striker": "Fakhar Zaman",
              "runs": {
                "batter": 0,
                "extras": 0,
                "total": 0
              }
            },
            {
              "batter": "Kamran Ghulam",
              "bowler": "Imran Tahir",
              "non_striker": "Fakhar Zaman",
              "runs": {
                "batter": 1,
                "extras": 0,
                "total": 1
              }
            }
          ]
        },
        {
          "over": 8,
          "deliveries": [
            {
              "batter": "Kamran Ghulam",
              "bowler": "Khushdil Shah",
              "extras": {
                "wides": 1
              },
              "non_striker": "Fakhar Zaman",
              "runs": {
                "batter": 0,
                "extras": 1,
                "total": 1
              }
            },
            {
              "batter": "Kamran Ghulam",
              "bowler": "Khushdil Shah",
              "extras": {
                "wides": 1
              },
              "non_striker": "Fakhar Zaman",
              "runs": {
                "batter": 0,
                "extras": 1,
                "total": 1
              }
            },
            {
              "batter": "Kamran Ghulam",
              "bowler": "Khushdil Shah",
              "non_striker": "Fakhar Zaman",
              "runs": {
                "batter": 1,
                "extras": 0,
                "total": 1
              }
            },
            {
              "batter": "Fakhar Zaman",
              "bowler": "Khushdil Shah",
              "non_striker": "Kamran Ghulam",
              "runs": {
                "batter": 1,
                "extras": 0,
                "total": 1
              }
            },
            {
              "batter": "Kamran Ghulam",
              "bowler": "Khushdil Shah",
              "non_striker": "Fakhar Zaman",
              "runs": {
                "batter": 4,
                "extras": 0,
                "total": 4
              }
            },
            {
              "batter": "Kamran Ghulam",
              "bowler": "Khushdil Shah",
              "non_striker": "Fakhar Zaman",
              "runs": {
                "batter": 0,
                "extras": 0,
                "total": 0
              }
            },
            {
              "batter": "Kamran Ghulam",
              "bowler": "Khushdil Shah",
              "non_striker": "Fakhar Zaman",
              "runs": {
                "batter": 0,
                "extras": 0,
                "total": 0
              }
            },
            {
              "batter": "Kamran Ghulam",
              "bowler": "Khushdil Shah",
              "non_striker": "Fakhar Zaman",
              "runs": {
                "batter": 4,
                "extras": 0,
                "total": 4
              }
            }
          ]
        },
        {
          "over": 9,
          "deliveries": [
            {
              "batter": "Fakhar Zaman",
              "bowler": "Imran Tahir",
              "non_striker": "Kamran Ghulam",
              "runs": {
                "batter": 1,
                "extras": 0,
                "total": 1
              }
            },
            {
              "batter": "Kamran Ghulam",
              "bowler": "Imran Tahir",
              "non_striker": "Fakhar Zaman",
              "runs": {
                "batter": 1,
                "extras": 0,
                "total": 1
              }
            },
            {
              "batter": "Fakhar Zaman",
              "bowler": "Imran Tahir",
              "non_striker": "Kamran Ghulam",
              "runs": {
                "batter": 1,
                "extras": 0,
                "total": 1
              }
            },
            {
              "batter": "Kamran Ghulam",
              "bowler": "Imran Tahir",
              "non_striker": "Fakhar Zaman",
              "runs": {
                "batter": 0,
                "extras": 0,
                "total": 0
              }
            },
            {
              "batter": "Kamran Ghulam",
              "bowler": "Imran Tahir",
              "non_striker": "Fakhar Zaman",
              "runs": {
                "batter": 1,
                "extras": 0,
                "total": 1
              }
            },
            {
              "batter": "Fakhar Zaman",
              "bowler": "Imran Tahir",
              "non_striker": "Kamran Ghulam",
              "runs": {
                "batter": 2,
                "extras": 0,
                "total": 2
              }
            }
          ]
        },
        {
          "over": 10,
          "deliveries": [
            {
              "batter": "Kamran Ghulam",
              "bowler": "Shahnawaz Dhani",
              "non_striker": "Fakhar Zaman",
              "runs": {
                "batter": 4,
                "extras": 0,
                "total": 4
              }
            },
            {
              "batter": "Kamran Ghulam",
              "bowler": "Shahnawaz Dhani",
              "non_striker": "Fakhar Zaman",
              "runs": {
                "batter": 2,
                "extras": 0,
                "total": 2
              }
            },
            {
              "batter": "Kamran Ghulam",
              "bowler": "Shahnawaz Dhani",
              "non_striker": "Fakhar Zaman",
              "runs": {
                "batter": 0,
                "extras": 0,
                "total": 0
              }
            },
            {
              "batter": "Kamran Ghulam",
              "bowler": "Shahnawaz Dhani",
              "non_striker": "Fakhar Zaman",
              "runs": {
                "batter": 1,
                "extras": 0,
                "total": 1
              }
            },
            {
              "batter": "Fakhar Zaman",
              "bowler": "Shahnawaz Dhani",
              "non_striker": "Kamran Ghulam",
              "runs": {
                "batter": 1,
                "extras": 0,
                "total": 1
              }
            },
            {
              "batter": "Kamran Ghulam",
              "bowler": "Shahnawaz Dhani",
              "non_striker": "Fakhar Zaman",
              "runs": {
                "batter": 2,
                "extras": 0,
                "total": 2
              }
            }
          ]
        },
        {
          "over": 11,
          "deliveries": [
            {
              "batter": "Fakhar Zaman",
              "bowler": "Abbas Afridi",
              "non_striker": "Kamran Ghulam",
              "runs": {
                "batter": 1,
                "extras": 0,
                "total": 1
              }
            },
            {
              "batter": "Kamran Ghulam",
              "bowler": "Abbas Afridi",
              "non_striker": "Fakhar Zaman",
              "runs": {
                "batter": 0,
                "extras": 0,
                "total": 0
              },
              "wickets": [
                {
                  "player_out": "Kamran Ghulam",
                  "fielders": [
                    {
                      "name": "Shahnawaz Dhani"
                    }
                  ],
                  "kind": "caught"
                }
              ]
            },
            {
              "batter": "Fakhar Zaman",
              "bowler": "Abbas Afridi",
              "non_striker": "Mohammad Hafeez",
              "runs": {
                "batter": 1,
                "extras": 0,
                "total": 1
              }
            },
            {
              "batter": "Mohammad Hafeez",
              "bowler": "Abbas Afridi",
              "non_striker": "Fakhar Zaman",
              "runs": {
                "batter": 0,
                "extras": 0,
                "total": 0
              }
            },
            {
              "batter": "Mohammad Hafeez",
              "bowler": "Abbas Afridi",
              "non_striker": "Fakhar Zaman",
              "runs": {
                "batter": 0,
                "extras": 0,
                "total": 0
              }
            },
            {
              "batter": "Mohammad Hafeez",
              "bowler": "Abbas Afridi",
              "non_striker": "Fakhar Zaman",
              "runs": {
                "batter": 0,
                "extras": 0,
                "total": 0
              }
            }
          ]
        },
        {
          "over": 12,
          "deliveries": [
            {
              "batter": "Fakhar Zaman",
              "bowler": "Imran Tahir",
              "non_striker": "Mohammad Hafeez",
              "runs": {
                "batter": 6,
                "extras": 0,
                "total": 6
              }
            },
            {
              "batter": "Fakhar Zaman",
              "bowler": "Imran Tahir",
              "non_striker": "Mohammad Hafeez",
              "runs": {
                "batter": 1,
                "extras": 0,
                "total": 1
              }
            },
            {
              "batter": "Mohammad Hafeez",
              "bowler": "Imran Tahir",
              "non_striker": "Fakhar Zaman",
              "runs": {
                "batter": 1,
                "extras": 0,
                "total": 1
              }
            },
            {
              "batter": "Fakhar Zaman",
              "bowler": "Imran Tahir",
              "non_striker": "Mohammad Hafeez",
              "runs": {
                "batter": 1,
                "extras": 0,
                "total": 1
              }
            },
            {
              "batter": "Mohammad Hafeez",
              "bowler": "Imran Tahir",
              "non_striker": "Fakhar Zaman",
              "runs": {
                "batter": 0,
                "extras": 0,
                "total": 0
              }
            },
            {
              "batter": "Mohammad Hafeez",
              "bowler": "Imran Tahir",
              "non_striker": "Fakhar Zaman",
              "runs": {
                "batter": 1,
                "extras": 0,
                "total": 1
              }
            }
          ]
        },
        {
          "over": 13,
          "deliveries": [
            {
              "batter": "Mohammad Hafeez",
              "bowler": "Abbas Afridi",
              "non_striker": "Fakhar Zaman",
              "runs": {
                "batter": 0,
                "extras": 0,
                "total": 0
              }
            },
            {
              "batter": "Mohammad Hafeez",
              "bowler": "Abbas Afridi",
              "non_striker": "Fakhar Zaman",
              "runs": {
                "batter": 1,
                "extras": 0,
                "total": 1
              }
            },
            {
              "batter": "Fakhar Zaman",
              "bowler": "Abbas Afridi",
              "non_striker": "Mohammad Hafeez",
              "runs": {
                "batter": 1,
                "extras": 0,
                "total": 1
              }
            },
            {
              "batter": "Mohammad Hafeez",
              "bowler": "Abbas Afridi",
              "non_striker": "Fakhar Zaman",
              "runs": {
                "batter": 1,
                "extras": 0,
                "total": 1
              }
            },
            {
              "batter": "Fakhar Zaman",
              "bowler": "Abbas Afridi",
              "extras": {
                "legbyes": 1
              },
              "non_striker": "Mohammad Hafeez",
              "runs": {
                "batter": 0,
                "extras": 1,
                "total": 1
              }
            },
            {
              "batter": "Mohammad Hafeez",
              "bowler": "Abbas Afridi",
              "non_striker": "Fakhar Zaman",
              "runs": {
                "batter": 1,
                "extras": 0,
                "total": 1
              }
            }
          ]
        },
        {
          "over": 14,
          "deliveries": [
            {
              "batter": "Mohammad Hafeez",
              "bowler": "Imran Tahir",
              "non_striker": "Fakhar Zaman",
              "runs": {
                "batter": 1,
                "extras": 0,
                "total": 1
              }
            },
            {
              "batter": "Fakhar Zaman",
              "bowler": "Imran Tahir",
              "non_striker": "Mohammad Hafeez",
              "runs": {
                "batter": 2,
                "extras": 0,
                "total": 2
              }
            },
            {
              "batter": "Fakhar Zaman",
              "bowler": "Imran Tahir",
              "non_striker": "Mohammad Hafeez",
              "runs": {
                "batter": 6,
                "extras": 0,
                "total": 6
              }
            },
            {
              "batter": "Fakhar Zaman",
              "bowler": "Imran Tahir",
              "non_striker": "Mohammad Hafeez",
              "runs": {
                "batter": 1,
                "extras": 0,
                "total": 1
              }
            },
            {
              "batter": "Mohammad Hafeez",
              "bowler": "Imran Tahir",
              "non_striker": "Fakhar Zaman",
              "runs": {
                "batter": 1,
                "extras": 0,
                "total": 1
              }
            },
            {
              "batter": "Fakhar Zaman",
              "bowler": "Imran Tahir",
              "non_striker": "Mohammad Hafeez",
              "runs": {
                "batter": 0,
                "extras": 0,
                "total": 0
              },
              "wickets": [
                {
                  "player_out": "Fakhar Zaman",
                  "fielders": [
                    {
                      "name": "Shahnawaz Dhani"
                    }
                  ],
                  "kind": "caught"
                }
              ]
            }
          ]
        },
        {
          "over": 15,
          "deliveries": [
            {
              "batter": "PD Salt",
              "bowler": "Khushdil Shah",
              "non_striker": "Mohammad Hafeez",
              "runs": {
                "batter": 1,
                "extras": 0,
                "total": 1
              }
            },
            {
              "batter": "Mohammad Hafeez",
              "bowler": "Khushdil Shah",
              "non_striker": "PD Salt",
              "runs": {
                "batter": 1,
                "extras": 0,
                "total": 1
              }
            },
            {
              "batter": "PD Salt",
              "bowler": "Khushdil Shah",
              "non_striker": "Mohammad Hafeez",
              "runs": {
                "batter": 4,
                "extras": 0,
                "total": 4
              }
            },
            {
              "batter": "PD Salt",
              "bowler": "Khushdil Shah",
              "non_striker": "Mohammad Hafeez",
              "runs": {
                "batter": 1,
                "extras": 0,
                "total": 1
              }
            },
            {
              "batter": "Mohammad Hafeez",
              "bowler": "Khushdil Shah",
              "non_striker": "PD Salt",
              "runs": {
                "batter": 1,
                "extras": 0,
                "total": 1
              }
            },
            {
              "batter": "PD Salt",
              "bowler": "Khushdil Shah",
              "non_striker": "Mohammad Hafeez",
              "runs": {
                "batter": 4,
                "extras": 0,
                "total": 4
              }
            }
          ]
        },
        {
          "over": 16,
          "deliveries": [
            {
              "batter": "Mohammad Hafeez",
              "bowler": "B Muzarabani",
              "non_striker": "PD Salt",
              "runs": {
                "batter": 1,
                "extras": 0,
                "total": 1
              }
            },
            {
              "batter": "PD Salt",
              "bowler": "B Muzarabani",
              "non_striker": "Mohammad Hafeez",
              "runs": {
                "batter": 1,
                "extras": 0,
                "total": 1
              }
            },
            {
              "batter": "Mohammad Hafeez",
              "bowler": "B Muzarabani",
              "non_striker": "PD Salt",
              "runs": {
                "batter": 4,
                "extras": 0,
                "total": 4
              }
            },
            {
              "batter": "Mohammad Hafeez",
              "bowler": "B Muzarabani",
              "non_striker": "PD Salt",
              "runs": {
                "batter": 2,
                "extras": 0,
                "total": 2
              }
            },
            {
              "batter": "Mohammad Hafeez",
              "bowler": "B Muzarabani",
              "non_striker": "PD Salt",
              "runs": {
                "batter": 2,
                "extras": 0,
                "total": 2
              }
            },
            {
              "batter": "Mohammad Hafeez",
              "bowler": "B Muzarabani",
              "non_striker": "PD Salt",
              "runs": {
                "batter": 1,
                "extras": 0,
                "total": 1
              }
            }
          ]
        },
        {
          "over": 17,
          "deliveries": [
            {
              "batter": "Mohammad Hafeez",
              "bowler": "Abbas Afridi",
              "non_striker": "PD Salt",
              "runs": {
                "batter": 2,
                "extras": 0,
                "total": 2
              }
            },
            {
              "batter": "Mohammad Hafeez",
              "bowler": "Abbas Afridi",
              "non_striker": "PD Salt",
              "runs": {
                "batter": 1,
                "extras": 0,
                "total": 1
              }
            },
            {
              "batter": "PD Salt",
              "bowler": "Abbas Afridi",
              "non_striker": "Mohammad Hafeez",
              "runs": {
                "batter": 0,
                "extras": 0,
                "total": 0
              }
            },
            {
              "batter": "PD Salt",
              "bowler": "Abbas Afridi",
              "non_striker": "Mohammad Hafeez",
              "runs": {
                "batter": 1,
                "extras": 0,
                "total": 1
              }
            },
            {
              "batter": "Mohammad Hafeez",
              "bowler": "Abbas Afridi",
              "non_striker": "PD Salt",
              "runs": {
                "batter": 6,
                "extras": 0,
                "total": 6
              }
            },
            {
              "batter": "Mohammad Hafeez",
              "bowler": "Abbas Afridi",
              "non_striker": "PD Salt",
              "runs": {
                "batter": 6,
                "extras": 0,
                "total": 6
              }
            }
          ]
        },
        {
          "over": 18,
          "deliveries": [
            {
              "batter": "PD Salt",
              "bowler": "B Muzarabani",
              "non_striker": "Mohammad Hafeez",
              "runs": {
                "batter": 6,
                "extras": 0,
                "total": 6
              }
            },
            {
              "batter": "PD Salt",
              "bowler": "B Muzarabani",
              "non_striker": "Mohammad Hafeez",
              "runs": {
                "batter": 2,
                "extras": 0,
                "total": 2
              }
            },
            {
              "batter": "PD Salt",
              "bowler": "B Muzarabani",
              "non_striker": "Mohammad Hafeez",
              "runs": {
                "batter": 1,
                "extras": 0,
                "total": 1
              }
            },
            {
              "batter": "Mohammad Hafeez",
              "bowler": "B Muzarabani",
              "non_striker": "PD Salt",
              "runs": {
                "batter": 6,
                "extras": 0,
                "total": 6
              }
            },
            {
              "batter": "Mohammad Hafeez",
              "bowler": "B Muzarabani",
              "non_striker": "PD Salt",
              "runs": {
                "batter": 1,
                "extras": 0,
                "total": 1
              }
            },
            {
              "batter": "PD Salt",
              "bowler": "B Muzarabani",
              "non_striker": "Mohammad Hafeez",
              "runs": {
                "batter": 2,
                "extras": 0,
                "total": 2
              }
            }
          ]
        },
        {
          "over": 19,
          "deliveries": [
            {
              "batter": "Mohammad Hafeez",
              "bowler": "Shahnawaz Dhani",
              "extras": {
                "noballs": 1
              },
              "non_striker": "PD Salt",
              "runs": {
                "batter": 0,
                "extras": 1,
                "total": 1
              }
            },
            {
              "batter": "Mohammad Hafeez",
              "bowler": "Shahnawaz Dhani",
              "non_striker": "PD Salt",
              "runs": {
                "batter": 0,
                "extras": 0,
                "total": 0
              }
            },
            {
              "batter": "Mohammad Hafeez",
              "bowler": "Shahnawaz Dhani",
              "non_striker": "PD Salt",
              "runs": {
                "batter": 2,
                "extras": 0,
                "total": 2
              }
            },
            {
              "batter": "Mohammad Hafeez",
              "bowler": "Shahnawaz Dhani",
              "non_striker": "PD Salt",
              "runs": {
                "batter": 0,
                "extras": 0,
                "total": 0
              },
              "wickets": [
                {
                  "player_out": "Mohammad Hafeez",
                  "fielders": [
                    {
                      "name": "Anwar Ali"
                    }
                  ],
                  "kind": "caught"
                }
              ]
            },
            {
              "batter": "PD Salt",
              "bowler": "Shahnawaz Dhani",
              "non_striker": "Rashid Khan",
              "runs": {
                "batter": 1,
                "extras": 0,
                "total": 1
              }
            },
            {
              "batter": "Rashid Khan",
              "bowler": "Shahnawaz Dhani",
              "non_striker": "PD Salt",
              "runs": {
                "batter": 1,
                "extras": 0,
                "total": 1
              }
            },
            {
              "batter": "PD Salt",
              "bowler": "Shahnawaz Dhani",
              "non_striker": "Rashid Khan",
              "runs": {
                "batter": 2,
                "extras": 0,
                "total": 2
              }
            }
          ]
        }
      ],
      "powerplays": [
        {
          "from": 0.1,
          "to": 5.6,
          "type": "mandatory"
        }
      ]
    },
    {
      "team": "Multan Sultans",
      "overs": [
        {
          "over": 0,
          "deliveries": [
            {
              "batter": "Shan Masood",
              "bowler": "Shaheen Shah Afridi",
              "non_striker": "Mohammad Rizwan",
              "runs": {
                "batter": 1,
                "extras": 0,
                "total": 1
              }
            },
            {
              "batter": "Mohammad Rizwan",
              "bowler": "Shaheen Shah Afridi",
              "non_striker": "Shan Masood",
              "runs": {
                "batter": 1,
                "extras": 0,
                "total": 1
              }
            },
            {
              "batter": "Shan Masood",
              "bowler": "Shaheen Shah Afridi",
              "non_striker": "Mohammad Rizwan",
              "runs": {
                "batter": 0,
                "extras": 0,
                "total": 0
              }
            },
            {
              "batter": "Shan Masood",
              "bowler": "Shaheen Shah Afridi",
              "non_striker": "Mohammad Rizwan",
              "runs": {
                "batter": 1,
                "extras": 0,
                "total": 1
              }
            },
            {
              "batter": "Mohammad Rizwan",
              "bowler": "Shaheen Shah Afridi",
              "non_striker": "Shan Masood",
              "runs": {
                "batter": 0,
                "extras": 0,
                "total": 0
              }
            },
            {
              "batter": "Mohammad Rizwan",
              "bowler": "Shaheen Shah Afridi",
              "non_striker": "Shan Masood",
              "runs": {
                "batter": 0,
                "extras": 0,
                "total": 0
              }
            }
          ]
        },
        {
          "over": 1,
          "deliveries": [
            {
              "batter": "Shan Masood",
              "bowler": "Haris Rauf",
              "non_striker": "Mohammad Rizwan",
              "runs": {
                "batter": 1,
                "extras": 0,
                "total": 1
              }
            },
            {
              "batter": "Mohammad Rizwan",
              "bowler": "Haris Rauf",
              "non_striker": "Shan Masood",
              "runs": {
                "batter": 2,
                "extras": 0,
                "total": 2
              }
            },
            {
              "batter": "Mohammad Rizwan",
              "bowler": "Haris Rauf",
              "non_striker": "Shan Masood",
              "runs": {
                "batter": 0,
                "extras": 0,
                "total": 0
              }
            },
            {
              "batter": "Mohammad Rizwan",
              "bowler": "Haris Rauf",
              "non_striker": "Shan Masood",
              "runs": {
                "batter": 0,
                "extras": 0,
                "total": 0
              }
            },
            {
              "batter": "Mohammad Rizwan",
              "bowler": "Haris Rauf",
              "non_striker": "Shan Masood",
              "runs": {
                "batter": 0,
                "extras": 0,
                "total": 0
              }
            },
            {
              "batter": "Mohammad Rizwan",
              "bowler": "Haris Rauf",
              "non_striker": "Shan Masood",
              "runs": {
                "batter": 1,
                "extras": 0,
                "total": 1
              }
            }
          ]
        },
        {
          "over": 2,
          "deliveries": [
            {
              "batter": "Mohammad Rizwan",
              "bowler": "Shaheen Shah Afridi",
              "non_striker": "Shan Masood",
              "runs": {
                "batter": 0,
                "extras": 0,
                "total": 0
              }
            },
            {
              "batter": "Mohammad Rizwan",
              "bowler": "Shaheen Shah Afridi",
              "non_striker": "Shan Masood",
              "runs": {
                "batter": 1,
                "extras": 0,
                "total": 1
              }
            },
            {
              "batter": "Shan Masood",
              "bowler": "Shaheen Shah Afridi",
              "non_striker": "Mohammad Rizwan",
              "runs": {
                "batter": 1,
                "extras": 0,
                "total": 1
              }
            },
            {
              "batter": "Mohammad Rizwan",
              "bowler": "Shaheen Shah Afridi",
              "non_striker": "Shan Masood",
              "runs": {
                "batter": 1,
                "extras": 0,
                "total": 1
              }
            },
            {
              "batter": "Shan Masood",
              "bowler": "Shaheen Shah Afridi",
              "non_striker": "Mohammad Rizwan",
              "runs": {
                "batter": 4,
                "extras": 0,
                "total": 4
              }
            },
            {
              "batter": "Shan Masood",
              "bowler": "Shaheen Shah Afridi",
              "non_striker": "Mohammad Rizwan",
              "runs": {
                "batter": 0,
                "extras": 0,
                "total": 0
              },
              "wickets": [
                {
                  "player_out": "Shan Masood",
                  "fielders": [
                    {
                      "name": "Abdullah Shafique"
                    }
                  ],
                  "kind": "caught"
                }
              ]
            }
          ]
        },
        {
          "over": 3,
          "deliveries": [
            {
              "batter": "Mohammad Rizwan",
              "bowler": "Zaman Khan",
              "non_striker": "Sohaib Maqsood",
              "runs": {
                "batter": 1,
                "extras": 0,
                "total": 1
              }
            },
            {
              "batter": "Sohaib Maqsood",
              "bowler": "Zaman Khan",
              "extras": {
                "wides": 1
              },
              "non_striker": "Mohammad Rizwan",
              "runs": {
                "batter": 0,
                "extras": 1,
                "total": 1
              }
            },
            {
              "batter": "Sohaib Maqsood",
              "bowler": "Zaman Khan",
              "non_striker": "Mohammad Rizwan",
              "runs": {
                "batter": 0,
                "extras": 0,
                "total": 0
              }
            },
            {
              "batter": "Sohaib Maqsood",
              "bowler": "Zaman Khan",
              "non_striker": "Mohammad Rizwan",
              "runs": {
                "batter": 4,
                "extras": 0,
                "total": 4
              }
            },
            {
              "batter": "Sohaib Maqsood",
              "bowler": "Zaman Khan",
              "non_striker": "Mohammad Rizwan",
              "runs": {
                "batter": 0,
                "extras": 0,
                "total": 0
              }
            },
            {
              "batter": "Sohaib Maqsood",
              "bowler": "Zaman Khan",
              "non_striker": "Mohammad Rizwan",
              "runs": {
                "batter": 0,
                "extras": 0,
                "total": 0
              }
            },
            {
              "batter": "Sohaib Maqsood",
              "bowler": "Zaman Khan",
              "non_striker": "Mohammad Rizwan",
              "runs": {
                "batter": 4,
                "extras": 0,
                "total": 4
              }
            }
          ]
        },
        {
          "over": 4,
          "deliveries": [
            {
              "batter": "Mohammad Rizwan",
              "bowler": "Rashid Khan",
              "non_striker": "Sohaib Maqsood",
              "runs": {
                "batter": 4,
                "extras": 0,
                "total": 4
              }
            },
            {
              "batter": "Mohammad Rizwan",
              "bowler": "Rashid Khan",
              "non_striker": "Sohaib Maqsood",
              "runs": {
                "batter": 0,
                "extras": 0,
                "total": 0
              }
            },
            {
              "batter": "Mohammad Rizwan",
              "bowler": "Rashid Khan",
              "non_striker": "Sohaib Maqsood",
              "runs": {
                "batter": 1,
                "extras": 0,
                "total": 1
              }
            },
            {
              "batter": "Sohaib Maqsood",
              "bowler": "Rashid Khan",
              "non_striker": "Mohammad Rizwan",
              "runs": {
                "batter": 0,
                "extras": 0,
                "total": 0
              }
            },
            {
              "batter": "Sohaib Maqsood",
              "bowler": "Rashid Khan",
              "non_striker": "Mohammad Rizwan",
              "runs": {
                "batter": 1,
                "extras": 0,
                "total": 1
              }
            },
            {
              "batter": "Mohammad Rizwan",
              "bowler": "Rashid Khan",
              "non_striker": "Sohaib Maqsood",
              "runs": {
                "batter": 1,
                "extras": 0,
                "total": 1
              }
            }
          ]
        },
        {
          "over": 5,
          "deliveries": [
            {
              "batter": "Mohammad Rizwan",
              "bowler": "D Wiese",
              "non_striker": "Sohaib Maqsood",
              "runs": {
                "batter": 0,
                "extras": 0,
                "total": 0
              }
            },
            {
              "batter": "Mohammad Rizwan",
              "bowler": "D Wiese",
              "non_striker": "Sohaib Maqsood",
              "runs": {
                "batter": 1,
                "extras": 0,
                "total": 1
              }
            },
            {
              "batter": "Sohaib Maqsood",
              "bowler": "D Wiese",
              "non_striker": "Mohammad Rizwan",
              "runs": {
                "batter": 1,
                "extras": 0,
                "total": 1
              }
            },
            {
              "batter": "Mohammad Rizwan",
              "bowler": "D Wiese",
              "non_striker": "Sohaib Maqsood",
              "runs": {
                "batter": 1,
                "extras": 0,
                "total": 1
              }
            },
            {
              "batter": "Sohaib Maqsood",
              "bowler": "D Wiese",
              "non_striker": "Mohammad Rizwan",
              "runs": {
                "batter": 4,
                "extras": 0,
                "total": 4
              }
            },
            {
              "batter": "Sohaib Maqsood",
              "bowler": "D Wiese",
              "non_striker": "Mohammad Rizwan",
              "runs": {
                "batter": 0,
                "extras": 0,
                "total": 0
              }
            }
          ]
        },
        {
          "over": 6,
          "deliveries": [
            {
              "batter": "Mohammad Rizwan",
              "bowler": "Rashid Khan",
              "non_striker": "Sohaib Maqsood",
              "runs": {
                "batter": 1,
                "extras": 0,
                "total": 1
              }
            },
            {
              "batter": "Sohaib Maqsood",
              "bowler": "Rashid Khan",
              "non_striker": "Mohammad Rizwan",
              "runs": {
                "batter": 0,
                "extras": 0,
                "total": 0
              }
            },
            {
              "batter": "Sohaib Maqsood",
              "bowler": "Rashid Khan",
              "non_striker": "Mohammad Rizwan",
              "runs": {
                "batter": 1,
                "extras": 0,
                "total": 1
              }
            },
            {
              "batter": "Mohammad Rizwan",
              "bowler": "Rashid Khan",
              "non_striker": "Sohaib Maqsood",
              "runs": {
                "batter": 1,
                "extras": 0,
                "total": 1
              }
            },
            {
              "batter": "Sohaib Maqsood",
              "bowler": "Rashid Khan",
              "non_striker": "Mohammad Rizwan",
              "runs": {
                "batter": 1,
                "extras": 0,
                "total": 1
              }
            },
            {
              "batter": "Mohammad Rizwan",
              "bowler": "Rashid Khan",
              "non_striker": "Sohaib Maqsood",
              "runs": {
                "batter": 0,
                "extras": 0,
                "total": 0
              }
            }
          ]
        },
        {
          "over": 7,
          "deliveries": [
            {
              "batter": "Sohaib Maqsood",
              "bowler": "D Wiese",
              "non_striker": "Mohammad Rizwan",
              "runs": {
                "batter": 0,
                "extras": 0,
                "total": 0
              }
            },
            {
              "batter": "Sohaib Maqsood",
              "bowler": "D Wiese",
              "extras": {
                "wides": 1
              },
              "non_striker": "Mohammad Rizwan",
              "runs": {
                "batter": 0,
                "extras": 1,
                "total": 1
              }
            },
            {
              "batter": "Sohaib Maqsood",
              "bowler": "D Wiese",
              "non_striker": "Mohammad Rizwan",
              "runs": {
                "batter": 1,
                "extras": 0,
                "total": 1
              }
            },
            {
              "batter": "Mohammad Rizwan",
              "bowler": "D Wiese",
              "non_striker": "Sohaib Maqsood",
              "runs": {
                "batter": 1,
                "extras": 0,
                "total": 1
              }
            },
            {
              "batter": "Sohaib Maqsood",
              "bowler": "D Wiese",
              "non_striker": "Mohammad Rizwan",
              "runs": {
                "batter": 1,
                "extras": 0,
                "total": 1
              }
            },
            {
              "batter": "Mohammad Rizwan",
              "bowler": "D Wiese",
              "non_striker": "Sohaib Maqsood",
              "runs": {
                "batter": 1,
                "extras": 0,
                "total": 1
              }
            },
            {
              "batter": "Sohaib Maqsood",
              "bowler": "D Wiese",
              "non_striker": "Mohammad Rizwan",
              "runs": {
                "batter": 4,
                "extras": 0,
                "total": 4
              }
            }
          ]
        },
        {
          "over": 8,
          "deliveries": [
            {
              "batter": "Mohammad Rizwan",
              "bowler": "Rashid Khan",
              "non_striker": "Sohaib Maqsood",
              "review": {
                "by": "Lahore Qalandars",
                "umpire": "MA Gough",
                "batter": "Mohammad Rizwan",
                "decision": "struck down"
              },
              "runs": {
                "batter": 0,
                "extras": 0,
                "total": 0
              }
            },
            {
              "batter": "Mohammad Rizwan",
              "bowler": "Rashid Khan",
              "non_striker": "Sohaib Maqsood",
              "runs": {
                "batter": 1,
                "extras": 0,
                "total": 1
              }
            },
            {
              "batter": "Sohaib Maqsood",
              "bowler": "Rashid Khan",
              "non_striker": "Mohammad Rizwan",
              "runs": {
                "batter": 1,
                "extras": 0,
                "total": 1
              }
            },
            {
              "batter": "Mohammad Rizwan",
              "bowler": "Rashid Khan",
              "extras": {
                "wides": 5
              },
              "non_striker": "Sohaib Maqsood",
              "runs": {
                "batter": 0,
                "extras": 5,
                "total": 5
              }
            },
            {
              "batter": "Mohammad Rizwan",
              "bowler": "Rashid Khan",
              "non_striker": "Sohaib Maqsood",
              "runs": {
                "batter": 0,
                "extras": 0,
                "total": 0
              },
              "wickets": [
                {
                  "player_out": "Mohammad Rizwan",
                  "kind": "bowled"
                }
              ]
            },
            {
              "batter": "RR Rossouw",
              "bowler": "Rashid Khan",
              "non_striker": "Sohaib Maqsood",
              "review": {
                "by": "Multan Sultans",
                "umpire": "MA Gough",
                "batter": "RR Rossouw",
                "decision": "struck down",
                "umpires_call": true
              },
              "runs": {
                "batter": 0,
                "extras": 0,
                "total": 0
              },
              "wickets": [
                {
                  "player_out": "RR Rossouw",
                  "kind": "lbw"
                }
              ]
            },
            {
              "batter": "TH David",
              "bowler": "Rashid Khan",
              "non_striker": "Sohaib Maqsood",
              "runs": {
                "batter": 0,
                "extras": 0,
                "total": 0
              }
            }
          ]
        },
        {
          "over": 9,
          "deliveries": [
            {
              "batter": "Sohaib Maqsood",
              "bowler": "D Wiese",
              "non_striker": "TH David",
              "runs": {
                "batter": 0,
                "extras": 0,
                "total": 0
              }
            },
            {
              "batter": "Sohaib Maqsood",
              "bowler": "D Wiese",
              "non_striker": "TH David",
              "runs": {
                "batter": 1,
                "extras": 0,
                "total": 1
              }
            },
            {
              "batter": "TH David",
              "bowler": "D Wiese",
              "non_striker": "Sohaib Maqsood",
              "runs": {
                "batter": 1,
                "extras": 0,
                "total": 1
              }
            },
            {
              "batter": "Sohaib Maqsood",
              "bowler": "D Wiese",
              "non_striker": "TH David",
              "runs": {
                "batter": 1,
                "extras": 0,
                "total": 1
              }
            },
            {
              "batter": "TH David",
              "bowler": "D Wiese",
              "non_striker": "Sohaib Maqsood",
              "runs": {
                "batter": 0,
                "extras": 0,
                "total": 0
              }
            },
            {
              "batter": "TH David",
              "bowler": "D Wiese",
              "non_striker": "Sohaib Maqsood",
              "runs": {
                "batter": 2,
                "extras": 0,
                "total": 2
              }
            }
          ]
        },
        {
          "over": 10,
          "deliveries": [
            {
              "batter": "Sohaib Maqsood",
              "bowler": "Rashid Khan",
              "non_striker": "TH David",
              "runs": {
                "batter": 1,
                "extras": 0,
                "total": 1
              }
            },
            {
              "batter": "TH David",
              "bowler": "Rashid Khan",
              "non_striker": "Sohaib Maqsood",
              "runs": {
                "batter": 4,
                "extras": 0,
                "total": 4
              }
            },
            {
              "batter": "TH David",
              "bowler": "Rashid Khan",
              "non_striker": "Sohaib Maqsood",
              "runs": {
                "batter": 6,
                "extras": 0,
                "total": 6
              }
            },
            {
              "batter": "TH David",
              "bowler": "Rashid Khan",
              "non_striker": "Sohaib Maqsood",
              "runs": {
                "batter": 1,
                "extras": 0,
                "total": 1
              }
            },
            {
              "batter": "Sohaib Maqsood",
              "bowler": "Rashid Khan",
              "non_striker": "TH David",
              "runs": {
                "batter": 2,
                "extras": 0,
                "total": 2
              }
            },
            {
              "batter": "Sohaib Maqsood",
              "bowler": "Rashid Khan",
              "non_striker": "TH David",
              "runs": {
                "batter": 1,
                "extras": 0,
                "total": 1
              }
            }
          ]
        },
        {
          "over": 11,
          "deliveries": [
            {
              "batter": "Sohaib Maqsood",
              "bowler": "Haris Rauf",
              "non_striker": "TH David",
              "runs": {
                "batter": 0,
                "extras": 0,
                "total": 0
              }
            },
            {
              "batter": "Sohaib Maqsood",
              "bowler": "Haris Rauf",
              "non_striker": "TH David",
              "runs": {
                "batter": 0,
                "extras": 0,
                "total": 0
              },
              "wickets": [
                {
                  "player_out": "Sohaib Maqsood",
                  "fielders": [
                    {
                      "name": "Zaman Khan"
                    }
                  ],
                  "kind": "caught"
                }
              ]
            },
            {
              "batter": "TH David",
              "bowler": "Haris Rauf",
              "non_striker": "Khushdil Shah",
              "runs": {
                "batter": 4,
                "extras": 0,
                "total": 4
              }
            },
            {
              "batter": "TH David",
              "bowler": "Haris Rauf",
              "non_striker": "Khushdil Shah",
              "runs": {
                "batter": 1,
                "extras": 0,
                "total": 1
              }
            },
            {
              "batter": "Khushdil Shah",
              "bowler": "Haris Rauf",
              "non_striker": "TH David",
              "runs": {
                "batter": 1,
                "extras": 0,
                "total": 1
              }
            },
            {
              "batter": "TH David",
              "bowler": "Haris Rauf",
              "non_striker": "Khushdil Shah",
              "runs": {
                "batter": 1,
                "extras": 0,
                "total": 1
              }
            }
          ]
        },
        {
          "over": 12,
          "deliveries": [
            {
              "batter": "TH David",
              "bowler": "Zaman Khan",
              "non_striker": "Khushdil Shah",
              "runs": {
                "batter": 4,
                "extras": 0,
                "total": 4
              }
            },
            {
              "batter": "TH David",
              "bowler": "Zaman Khan",
              "non_striker": "Khushdil Shah",
              "runs": {
                "batter": 0,
                "extras": 0,
                "total": 0
              },
              "wickets": [
                {
                  "player_out": "TH David",
                  "fielders": [
                    {
                      "name": "Fakhar Zaman"
                    }
                  ],
                  "kind": "caught"
                }
              ]
            },
            {
              "batter": "Khushdil Shah",
              "bowler": "Zaman Khan",
              "non_striker": "Anwar Ali",
              "runs": {
                "batter": 0,
                "extras": 0,
                "total": 0
              }
            },
            {
              "batter": "Khushdil Shah",
              "bowler": "Zaman Khan",
              "non_striker": "Anwar Ali",
              "runs": {
                "batter": 1,
                "extras": 0,
                "total": 1
              }
            },
            {
              "batter": "Anwar Ali",
              "bowler": "Zaman Khan",
              "non_striker": "Khushdil Shah",
              "runs": {
                "batter": 0,
                "extras": 0,
                "total": 0
              }
            },
            {
              "batter": "Anwar Ali",
              "bowler": "Zaman Khan",
              "non_striker": "Khushdil Shah",
              "runs": {
                "batter": 1,
                "extras": 0,
                "total": 1
              }
            }
          ]
        },
        {
          "over": 13,
          "deliveries": [
            {
              "batter": "Anwar Ali",
              "bowler": "D Wiese",
              "non_striker": "Khushdil Shah",
              "runs": {
                "batter": 1,
                "extras": 0,
                "total": 1
              }
            },
            {
              "batter": "Khushdil Shah",
              "bowler": "D Wiese",
              "non_striker": "Anwar Ali",
              "runs": {
                "batter": 0,
                "extras": 0,
                "total": 0
              }
            },
            {
              "batter": "Khushdil Shah",
              "bowler": "D Wiese",
              "non_striker": "Anwar Ali",
              "runs": {
                "batter": 2,
                "extras": 0,
                "total": 2
              }
            },
            {
              "batter": "Khushdil Shah",
              "bowler": "D Wiese",
              "non_striker": "Anwar Ali",
              "runs": {
                "batter": 1,
                "extras": 0,
                "total": 1
              }
            },
            {
              "batter": "Anwar Ali",
              "bowler": "D Wiese",
              "non_striker": "Khushdil Shah",
              "runs": {
                "batter": 0,
                "extras": 0,
                "total": 0
              }
            },
            {
              "batter": "Anwar Ali",
              "bowler": "D Wiese",
              "non_striker": "Khushdil Shah",
              "runs": {
                "batter": 1,
                "extras": 0,
                "total": 1
              }
            }
          ]
        },
        {
          "over": 14,
          "deliveries": [
            {
              "batter": "Anwar Ali",
              "bowler": "Zaman Khan",
              "non_striker": "Khushdil Shah",
              "runs": {
                "batter": 0,
                "extras": 0,
                "total": 0
              }
            },
            {
              "batter": "Anwar Ali",
              "bowler": "Zaman Khan",
              "non_striker": "Khushdil Shah",
              "runs": {
                "batter": 1,
                "extras": 0,
                "total": 1
              }
            },
            {
              "batter": "Khushdil Shah",
              "bowler": "Zaman Khan",
              "non_striker": "Anwar Ali",
              "runs": {
                "batter": 1,
                "extras": 0,
                "total": 1
              }
            },
            {
              "batter": "Anwar Ali",
              "bowler": "Zaman Khan",
              "non_striker": "Khushdil Shah",
              "runs": {
                "batter": 1,
                "extras": 0,
                "total": 1
              }
            },
            {
              "batter": "Khushdil Shah",
              "bowler": "Zaman Khan",
              "non_striker": "Anwar Ali",
              "runs": {
                "batter": 1,
                "extras": 0,
                "total": 1
              }
            },
            {
              "batter": "Anwar Ali",
              "bowler": "Zaman Khan",
              "non_striker": "Khushdil Shah",
              "runs": {
                "batter": 0,
                "extras": 0,
                "total": 0
              },
              "wickets": [
                {
                  "player_out": "Anwar Ali",
                  "fielders": [
                    {
                      "name": "Fakhar Zaman"
                    }
                  ],
                  "kind": "caught"
                }
              ]
            }
          ]
        },
        {
          "over": 15,
          "deliveries": [
            {
              "batter": "Khushdil Shah",
              "bowler": "Shaheen Shah Afridi",
              "non_striker": "Abbas Afridi",
              "runs": {
                "batter": 6,
                "extras": 0,
                "total": 6
              }
            },
            {
              "batter": "Khushdil Shah",
              "bowler": "Shaheen Shah Afridi",
              "non_striker": "Abbas Afridi",
              "runs": {
                "batter": 0,
                "extras": 0,
                "total": 0
              }
            },
            {
              "batter": "Khushdil Shah",
              "bowler": "Shaheen Shah Afridi",
              "non_striker": "Abbas Afridi",
              "runs": {
                "batter": 1,
                "extras": 0,
                "total": 1
              }
            },
            {
              "batter": "Abbas Afridi",
              "bowler": "Shaheen Shah Afridi",
              "non_striker": "Khushdil Shah",
              "runs": {
                "batter": 1,
                "extras": 0,
                "total": 1
              }
            },
            {
              "batter": "Khushdil Shah",
              "bowler": "Shaheen Shah Afridi",
              "non_striker": "Abbas Afridi",
              "runs": {
                "batter": 1,
                "extras": 0,
                "total": 1
              },
              "wickets": [
                {
                  "player_out": "Abbas Afridi",
                  "fielders": [
                    {
                      "name": "D Wiese"
                    },
                    {
                      "name": "Shaheen Shah Afridi"
                    }
                  ],
                  "kind": "run out"
                }
              ]
            },
            {
              "batter": "Khushdil Shah",
              "bowler": "Shaheen Shah Afridi",
              "non_striker": "Imran Tahir",
              "runs": {
                "batter": 1,
                "extras": 0,
                "total": 1
              }
            }
          ]
        },
        {
          "over": 16,
          "deliveries": [
            {
              "batter": "Khushdil Shah",
              "bowler": "Haris Rauf",
              "non_striker": "Imran Tahir",
              "runs": {
                "batter": 6,
                "extras": 0,
                "total": 6
              }
            },
            {
              "batter": "Khushdil Shah",
              "bowler": "Haris Rauf",
              "non_striker": "Imran Tahir",
              "runs": {
                "batter": 0,
                "extras": 0,
                "total": 0
              }
            },
            {
              "batter": "Khushdil Shah",
              "bowler": "Haris Rauf",
              "non_striker": "Imran Tahir",
              "runs": {
                "batter": 0,
                "extras": 0,
                "total": 0
              },
              "wickets": [
                {
                  "player_out": "Khushdil Shah",
                  "fielders": [
                    {
                      "name": "Abdullah Shafique"
                    }
                  ],
                  "kind": "caught"
                }
              ]
            },
            {
              "batter": "Imran Tahir",
              "bowler": "Haris Rauf",
              "non_striker": "B Muzarabani",
              "runs": {
                "batter": 0,
                "extras": 0,
                "total": 0
              }
            },
            {
              "batter": "Imran Tahir",
              "bowler": "Haris Rauf",
              "non_striker": "B Muzarabani",
              "runs": {
                "batter": 1,
                "extras": 0,
                "total": 1
              }
            },
            {
              "batter": "B Muzarabani",
              "bowler": "Haris Rauf",
              "non_striker": "Imran Tahir",
              "runs": {
                "batter": 0,
                "extras": 0,
                "total": 0
              }
            }
          ]
        },
        {
          "over": 17,
          "deliveries": [
            {
              "batter": "Imran Tahir",
              "bowler": "Shaheen Shah Afridi",
              "non_striker": "B Muzarabani",
              "runs": {
                "batter": 0,
                "extras": 0,
                "total": 0
              }
            },
            {
              "batter": "Imran Tahir",
              "bowler": "Shaheen Shah Afridi",
              "non_striker": "B Muzarabani",
              "runs": {
                "batter": 1,
                "extras": 0,
                "total": 1
              }
            },
            {
              "batter": "B Muzarabani",
              "bowler": "Shaheen Shah Afridi",
              "non_striker": "Imran Tahir",
              "runs": {
                "batter": 0,
                "extras": 0,
                "total": 0
              },
              "wickets": [
                {
                  "player_out": "B Muzarabani",
                  "kind": "bowled"
                }
              ]
            },
            {
              "batter": "Shahnawaz Dhani",
              "bowler": "Shaheen Shah Afridi",
              "extras": {
                "legbyes": 4
              },
              "non_striker": "Imran Tahir",
              "runs": {
                "batter": 0,
                "extras": 4,
                "total": 4
              }
            },
            {
              "batter": "Shahnawaz Dhani",
              "bowler": "Shaheen Shah Afridi",
              "non_striker": "Imran Tahir",
              "runs": {
                "batter": 4,
                "extras": 0,
                "total": 4
              }
            },
            {
              "batter": "Shahnawaz Dhani",
              "bowler": "Shaheen Shah Afridi",
              "extras": {
                "noballs": 1
              },
              "non_striker": "Imran Tahir",
              "runs": {
                "batter": 0,
                "extras": 1,
                "total": 1
              }
            },
            {
              "batter": "Shahnawaz Dhani",
              "bowler": "Shaheen Shah Afridi",
              "non_striker": "Imran Tahir",
              "runs": {
                "batter": 0,
                "extras": 0,
                "total": 0
              }
            }
          ]
        },
        {
          "over": 18,
          "deliveries": [
            {
              "batter": "Imran Tahir",
              "bowler": "Haris Rauf",
              "non_striker": "Shahnawaz Dhani",
              "runs": {
                "batter": 1,
                "extras": 0,
                "total": 1
              }
            },
            {
              "batter": "Shahnawaz Dhani",
              "bowler": "Haris Rauf",
              "non_striker": "Imran Tahir",
              "runs": {
                "batter": 0,
                "extras": 0,
                "total": 0
              }
            },
            {
              "batter": "Shahnawaz Dhani",
              "bowler": "Haris Rauf",
              "non_striker": "Imran Tahir",
              "runs": {
                "batter": 0,
                "extras": 0,
                "total": 0
              }
            },
            {
              "batter": "Shahnawaz Dhani",
              "bowler": "Haris Rauf",
              "non_striker": "Imran Tahir",
              "runs": {
                "batter": 1,
                "extras": 0,
                "total": 1
              }
            },
            {
              "batter": "Imran Tahir",
              "bowler": "Haris Rauf",
              "non_striker": "Shahnawaz Dhani",
              "runs": {
                "batter": 0,
                "extras": 0,
                "total": 0
              }
            },
            {
              "batter": "Imran Tahir",
              "bowler": "Haris Rauf",
              "non_striker": "Shahnawaz Dhani",
              "runs": {
                "batter": 0,
                "extras": 0,
                "total": 0
              }
            }
          ]
        },
        {
          "over": 19,
          "deliveries": [
            {
              "batter": "Shahnawaz Dhani",
              "bowler": "Zaman Khan",
              "non_striker": "Imran Tahir",
              "runs": {
                "batter": 1,
                "extras": 0,
                "total": 1
              }
            },
            {
              "batter": "Imran Tahir",
              "bowler": "Zaman Khan",
              "non_striker": "Shahnawaz Dhani",
              "runs": {
                "batter": 0,
                "extras": 0,
                "total": 0
              }
            },
            {
              "batter": "Imran Tahir",
              "bowler": "Zaman Khan",
              "non_striker": "Shahnawaz Dhani",
              "runs": {
                "batter": 0,
                "extras": 0,
                "total": 0
              },
              "wickets": [
                {
                  "player_out": "Imran Tahir",
                  "fielders": [
                    {
                      "name": "HC Brook"
                    }
                  ],
                  "kind": "caught"
                }
              ]
            }
          ]
        }
      ],
      "powerplays": [
        {
          "from": 0.1,
          "to": 5.6,
          "type": "mandatory"
        }
      ],
      "target": {
        "overs": 20,
        "runs": 183
      }
    }
  ]
}