{
  "meta": {
    "data_version": "1.1.0",
    "created": "2022-02-02",
    "revision": 2
  },
  "info": {
    "balls_per_over": 6,
    "city": "Karachi",
    "dates": [
      "2022-02-01"
    ],
    "event": {
      "name": "Pakistan Super League",
      "match_number": 8
    },
    "gender": "male",
    "match_type": "T20",
    "officials": {
      "match_referees": [
        "Iftikhar Ahmed"
      ],
      "reserve_umpires": [
        "Imran Javed"
      ],
      "tv_umpires": [
        "Ahsan Raza"
      ],
      "umpires": [
        "MA Gough",
        "Shozab Raza"
      ]
    },
    "outcome": {
      "winner": "Multan Sultans",
      "by": {
        "runs": 20
      }
    },
    "overs": 20,
    "player_of_match": [
      "TH David"
    ],
    "players": {
      "Multan Sultans": [
        "Shan Masood",
        "Mohammad Rizwan",
        "Sohaib Maqsood",
        "RR Rossouw",
        "TH David",
        "Khushdil Shah",
        "DJ Willey",
        "Anwar Ali",
        "Abbas Afridi",
        "Imran Tahir",
        "Rumman Raees"
      ],
      "Islamabad United": [
        "PR Stirling",
        "AD Hales",
        "Rahmanullah Gurbaz",
        "Shadab Khan",
        "Faheem Ashraf",
        "Azam Khan",
        "Asif Ali",
        "Mubasir Khan",
        "Hasan Ali",
        "Mohammad Wasim",
        "M de Lange"
      ]
    },
    "registry": {
      "people": {
        "AD Hales": "92aeac25",
        "Aamer Azmat": "935678ee",
        "Abbas Afridi": "2cec2a92",
        "Ahsan Raza": "e0e5b209",
        "Anwar Ali": "eb2d5fe7",
        "Asif Ali": "0a4736eb",
        "Azam Khan": "ee8f1a6d",
        "DJ Willey": "7f048519",
        "Faheem Ashraf": "bd4ea627",
        "Hasan Ali": "2911de16",
        "Iftikhar Ahmed": "973d561e",
        "Imran Javed": "9a1405c8",
        "Imran Tahir": "acee4cc4",
        "Khushdil Shah": "fce581b5",
        "M de Lange": "d4eef961",
        "MA Gough": "76752ac8",
        "Mohammad Rizwan": "2f26ac1a",
        "Mohammad Wasim": "9e9af5f2",
        "Mubasir Khan": "7264b765",
        "PR Stirling": "cf494ffe",
        "RR Rossouw": "cad00a4d",
        "Rahmanullah Gurbaz": "0bacade8",
        "Rumman Raees": "1c790f4f",
        "Shadab Khan": "9de62878",
        "Shan Masood": "6843a783",
        "Shozab Raza": "153c67dc",
        "Sohaib Maqsood": "b98b5e1c",
        "TH David": "f1f99156"
      }
    },
    "season": "2021/22",
    "team_type": "club",
    "teams": [
      "Multan Sultans",
      "Islamabad United"
    ],
    "toss": {
      "decision": "field",
      "winner": "Islamabad United"
    },
    "venue": "National Stadium, Karachi"
  },
  "innings": [
    {
      "team": "Multan Sultans",
      "overs": [
        {
          "over": 0,
          "deliveries": [
            {
              "batter": "Shan Masood",
              "bowler": "Hasan Ali",
              "non_striker": "Mohammad Rizwan",
              "runs": {
                "batter": 4,
                "extras": 0,
                "total": 4
              }
            },
            {
              "batter": "Shan Masood",
              "bowler": "Hasan Ali",
              "non_striker": "Mohammad Rizwan",
              "runs": {
                "batter": 1,
                "extras": 0,
                "total": 1
              }
            },
            {
              "batter": "Mohammad Rizwan",
              "bowler": "Hasan Ali",
              "non_striker": "Shan Masood",
              "runs": {
                "batter": 0,
                "extras": 0,
                "total": 0
              }
            },
            {
              "batter": "Mohammad Rizwan",
              "bowler": "Hasan Ali",
              "non_striker": "Shan Masood",
              "runs": {
                "batter": 1,
                "extras": 0,
                "total": 1
              }
            },
            {
              "batter": "Shan Masood",
              "bowler": "Hasan Ali",
              "non_striker": "Mohammad Rizwan",
              "runs": {
                "batter": 0,
                "extras": 0,
                "total": 0
              }
            },
            {
              "batter": "Shan Masood",
              "bowler": "Hasan Ali",
              "non_striker": "Mohammad Rizwan",
              "runs": {
                "batter": 0,
                "extras": 0,
                "total": 0
              }
            }
          ]
        },
        {
          "over": 1,
          "deliveries": [
            {
              "batter": "Mohammad Rizwan",
              "bowler": "Faheem Ashraf",
              "non_striker": "Shan Masood",
              "runs": {
                "batter": 1,
                "extras": 0,
                "total": 1
              }
            },
            {
              "batter": "Shan Masood",
              "bowler": "Faheem Ashraf",
              "non_striker": "Mohammad Rizwan",
              "runs": {
                "batter": 4,
                "extras": 0,
                "total": 4
              }
            },
            {
              "batter": "Shan Masood",
              "bowler": "Faheem Ashraf",
              "non_striker": "Mohammad Rizwan",
              "runs": {
                "batter": 0,
                "extras": 0,
                "total": 0
              }
            },
            {
              "batter": "Shan Masood",
              "bowler": "Faheem Ashraf",
              "non_striker": "Mohammad Rizwan",
              "runs": {
                "batter": 0,
                "extras": 0,
                "total": 0
              }
            },
            {
              "batter": "Shan Masood",
              "bowler": "Faheem Ashraf",
              "non_striker": "Mohammad Rizwan",
              "runs": {
                "batter": 0,
                "extras": 0,
                "total": 0
              }
            },
            {
              "batter": "Shan Masood",
              "bowler": "Faheem Ashraf",
              "non_striker": "Mohammad Rizwan",
              "runs": {
                "batter": 0,
                "extras": 0,
                "total": 0
              }
            }
          ]
        },
        {
          "over": 2,
          "deliveries": [
            {
              "batter": "Mohammad Rizwan",
              "bowler": "Mohammad Wasim",
              "non_striker": "Shan Masood",
              "runs": {
                "batter": 1,
                "extras": 0,
                "total": 1
              }
            },
            {
              "batter": "Shan Masood",
              "bowler": "Mohammad Wasim",
              "non_striker": "Mohammad Rizwan",
              "runs": {
                "batter": 0,
                "extras": 0,
                "total": 0
              }
            },
            {
              "batter": "Shan Masood",
              "bowler": "Mohammad Wasim",
              "non_striker": "Mohammad Rizwan",
              "runs": {
                "batter": 0,
                "extras": 0,
                "total": 0
              }
            },
            {
              "batter": "Shan Masood",
              "bowler": "Mohammad Wasim",
              "non_striker": "Mohammad Rizwan",
              "runs": {
                "batter": 1,
                "extras": 0,
                "total": 1
              }
            },
            {
              "batter": "Mohammad Rizwan",
              "bowler": "Mohammad Wasim",
              "non_striker": "Shan Masood",
              "runs": {
                "batter": 1,
                "extras": 0,
                "total": 1
              }
            },
            {
              "batter": "Shan Masood",
              "bowler": "Mohammad Wasim",
              "non_striker": "Mohammad Rizwan",
              "runs": {
                "batter": 4,
                "extras": 0,
                "total": 4
              }
            }
          ]
        },
        {
          "over": 3,
          "deliveries": [
            {
              "batter": "Mohammad Rizwan",
              "bowler": "Faheem Ashraf",
              "non_striker": "Shan Masood",
              "runs": {
                "batter": 0,
                "extras": 0,
                "total": 0
              }
            },
            {
              "batter": "Mohammad Rizwan",
              "bowler": "Faheem Ashraf",
              "non_striker": "Shan Masood",
              "runs": {
                "batter": 0,
                "extras": 0,
                "total": 0
              }
            },
            {
              "batter": "Mohammad Rizwan",
              "bowler": "Faheem Ashraf",
              "non_striker": "Shan Masood",
              "runs": {
                "batter": 4,
                "extras": 0,
                "total": 4
              }
            },
            {
              "batter": "Mohammad Rizwan",
              "bowler": "Faheem Ashraf",
              "non_striker": "Shan Masood",
              "runs": {
                "batter": 4,
                "extras": 0,
                "total": 4
              }
            },
            {
              "batter": "Mohammad Rizwan",
              "bowler": "Faheem Ashraf",
              "non_striker": "Shan Masood",
              "runs": {
                "batter": 0,
                "extras": 0,
                "total": 0
              }
            },
            {
              "batter": "Mohammad Rizwan",
              "bowler": "Faheem Ashraf",
              "non_striker": "Shan Masood",
              "runs": {
                "batter": 0,
                "extras": 0,
                "total": 0
              }
            }
          ]
        },
        {
          "over": 4,
          "deliveries": [
            {
              "batter": "Shan Masood",
              "bowler": "Mohammad Wasim",
              "non_striker": "Mohammad Rizwan",
              "runs": {
                "batter": 4,
                "extras": 0,
                "total": 4
              }
            },
            {
              "batter": "Shan Masood",
              "bowler": "Mohammad Wasim",
              "non_striker": "Mohammad Rizwan",
              "runs": {
                "batter": 0,
                "extras": 0,
                "total": 0
              }
            },
            {
              "batter": "Shan Masood",
              "bowler": "Mohammad Wasim",
              "non_striker": "Mohammad Rizwan",
              "runs": {
                "batter": 0,
                "extras": 0,
                "total": 0
              }
            },
            {
              "batter": "Shan Masood",
              "bowler": "Mohammad Wasim",
              "non_striker": "Mohammad Rizwan",
              "runs": {
                "batter": 0,
                "extras": 0,
                "total": 0
              }
            },
            {
              "batter": "Shan Masood",
              "bowler": "Mohammad Wasim",
              "non_striker": "Mohammad Rizwan",
              "runs": {
                "batter": 0,
                "extras": 0,
                "total": 0
              },
              "wickets": [
                {
                  "player_out": "Mohammad Rizwan",
                  "fielders": [
                    {
                      "name": "Mohammad Wasim"
                    }
                  ],
                  "kind": "run out"
                }
              ]
            },
            {
              "batter": "Shan Masood",
              "bowler": "Mohammad Wasim",
              "non_striker": "Sohaib Maqsood",
              "runs": {
                "batter": 0,
                "extras": 0,
                "total": 0
              }
            }
          ]
        },
        {
          "over": 5,
          "deliveries": [
            {
              "batter": "Sohaib Maqsood",
              "bowler": "Faheem Ashraf",
              "non_striker": "Shan Masood",
              "runs": {
                "batter": 0,
                "extras": 0,
                "total": 0
              }
            },
            {
              "batter": "Sohaib Maqsood",
              "bowler": "Faheem Ashraf",
              "extras": {
                "wides": 1
              },
              "non_striker": "Shan Masood",
              "runs": {
                "batter": 0,
                "extras": 1,
                "total": 1
              }
            },
            {
              "batter": "Sohaib Maqsood",
              "bowler": "Faheem Ashraf",
              "non_striker": "Shan Masood",
              "runs": {
                "batter": 1,
                "extras": 0,
                "total": 1
              }
            },
            {
              "batter": "Shan Masood",
              "bowler": "Faheem Ashraf",
              "non_striker": "Sohaib Maqsood",
              "runs": {
                "batter": 4,
                "extras": 0,
                "total": 4
              }
            },
            {
              "batter": "Shan Masood",
              "bowler": "Faheem Ashraf",
              "non_striker": "Sohaib Maqsood",
              "runs": {
                "batter": 6,
                "extras": 0,
                "total": 6
              }
            },
            {
              "batter": "Shan Masood",
              "bowler": "Faheem Ashraf",
              "non_striker": "Sohaib Maqsood",
              "runs": {
                "batter": 1,
                "extras": 0,
                "total": 1
              }
            },
            {
              "batter": "Sohaib Maqsood",
              "bowler": "Faheem Ashraf",
              "non_striker": "Shan Masood",
              "runs": {
                "batter": 0,
                "extras": 0,
                "total": 0
              }
            }
          ]
        },
        {
          "over": 6,
          "deliveries": [
            {
              "batter": "Shan Masood",
              "bowler": "M de Lange",
              "non_striker": "Sohaib Maqsood",
              "runs": {
                "batter": 1,
                "extras": 0,
                "total": 1
              }
            },
            {
              "batter": "Sohaib Maqsood",
              "bowler": "M de Lange",
              "non_striker": "Shan Masood",
              "runs": {
                "batter": 1,
                "extras": 0,
                "total": 1
              }
            },
            {
              "batter": "Shan Masood",
              "bowler": "M de Lange",
              "non_striker": "Sohaib Maqsood",
              "runs": {
                "batter": 1,
                "extras": 0,
                "total": 1
              }
            },
            {
              "batter": "Sohaib Maqsood",
              "bowler": "M de Lange",
              "non_striker": "Shan Masood",
              "runs": {
                "batter": 4,
                "extras": 0,
                "total": 4
              }
            },
            {
              "batter": "Sohaib Maqsood",
              "bowler": "M de Lange",
              "non_striker": "Shan Masood",
              "runs": {
                "batter": 1,
                "extras": 0,
                "total": 1
              }
            },
            {
              "batter": "Shan Masood",
              "bowler": "M de Lange",
              "non_striker": "Sohaib Maqsood",
              "runs": {
                "batter": 1,
                "extras": 0,
                "total": 1
              }
            }
          ]
        },
        {
          "over": 7,
          "deliveries": [
            {
              "batter": "Shan Masood",
              "bowler": "Shadab Khan",
              "non_striker": "Sohaib Maqsood",
              "runs": {
                "batter": 1,
                "extras": 0,
                "total": 1
              }
            },
            {
              "batter": "Sohaib Maqsood",
              "bowler": "Shadab Khan",
              "non_striker": "Shan Masood",
              "runs": {
                "batter": 1,
                "extras": 0,
                "total": 1
              }
            },
            {
              "batter": "Shan Masood",
              "bowler": "Shadab Khan",
              "non_striker": "Sohaib Maqsood",
              "runs": {
                "batter": 0,
                "extras": 0,
                "total": 0
              }
            },
            {
              "batter": "Shan Masood",
              "bowler": "Shadab Khan",
              "non_striker": "Sohaib Maqsood",
              "runs": {
                "batter": 6,
                "extras": 0,
                "total": 6
              }
            },
            {
              "batter": "Shan Masood",
              "bowler": "Shadab Khan",
              "non_striker": "Sohaib Maqsood",
              "runs": {
                "batter": 2,
                "extras": 0,
                "total": 2
              }
            },
            {
              "batter": "Shan Masood",
              "bowler": "Shadab Khan",
              "non_striker": "Sohaib Maqsood",
              "runs": {
                "batter": 2,
                "extras": 0,
                "total": 2
              }
            }
          ]
        },
        {
          "over": 8,
          "deliveries": [
            {
              "batter": "Sohaib Maqsood",
              "bowler": "M de Lange",
              "extras": {
                "legbyes": 1
              },
              "non_striker": "Shan Masood",
              "review": {
                "by": "Islamabad United",
                "umpire": "MA Gough",
                "batter": "Shan Masood",
                "decision": "struck down",
                "umpires_call": true
              },
              "runs": {
                "batter": 0,
                "extras": 1,
                "total": 1
              }
            },
            {
              "batter": "Shan Masood",
              "bowler": "M de Lange",
              "non_striker": "Sohaib Maqsood",
              "runs": {
                "batter": 0,
                "extras": 0,
                "total": 0
              },
              "wickets": [
                {
                  "player_out": "Shan Masood",
                  "kind": "lbw"
                }
              ]
            },
            {
              "batter": "RR Rossouw",
              "bowler": "M de Lange",
              "non_striker": "Sohaib Maqsood",
              "runs": {
                "batter": 1,
                "extras": 0,
                "total": 1
              }
            },
            {
              "batter": "Sohaib Maqsood",
              "bowler": "M de Lange",
              "non_striker": "RR Rossouw",
              "runs": {
                "batter": 1,
                "extras": 0,
                "total": 1
              }
            },
            {
              "batter": "RR Rossouw",
              "bowler": "M de Lange",
              "non_striker": "Sohaib Maqsood",
              "runs": {
                "batter": 1,
                "extras": 0,
                "total": 1
              }
            },
            {
              "batter": "Sohaib Maqsood",
              "bowler": "M de Lange",
              "non_striker": "RR Rossouw",
              "runs": {
                "batter": 4,
                "extras": 0,
                "total": 4
              }
            }
          ]
        },
        {
          "over": 9,
          "deliveries": [
            {
              "batter": "RR Rossouw",
              "bowler": "Shadab Khan",
              "non_striker": "Sohaib Maqsood",
              "runs": {
                "batter": 0,
                "extras": 0,
                "total": 0
              }
            },
            {
              "batter": "RR Rossouw",
              "bowler": "Shadab Khan",
              "non_striker": "Sohaib Maqsood",
              "runs": {
                "batter": 0,
                "extras": 0,
                "total": 0
              }
            },
            {
              "batter": "RR Rossouw",
              "bowler": "Shadab Khan",
              "non_striker": "Sohaib Maqsood",
              "runs": {
                "batter": 0,
                "extras": 0,
                "total": 0
              }
            },
            {
              "batter": "RR Rossouw",
              "bowler": "Shadab Khan",
              "non_striker": "Sohaib Maqsood",
              "runs": {
                "batter": 0,
                "extras": 0,
                "total": 0
              }
            },
            {
              "batter": "RR Rossouw",
              "bowler": "Shadab Khan",
              "non_striker": "Sohaib Maqsood",
              "runs": {
                "batter": 1,
                "extras": 0,
                "total": 1
              }
            },
            {
              "batter": "Sohaib Maqsood",
              "bowler": "Shadab Khan",
              "non_striker": "RR Rossouw",
              "runs": {
                "batter": 0,
                "extras": 0,
                "total": 0
              }
            }
          ]
        },
        {
          "over": 10,
          "deliveries": [
            {
              "batter": "RR Rossouw",
              "bowler": "Hasan Ali",
              "non_striker": "Sohaib Maqsood",
              "runs": {
                "batter": 4,
                "extras": 0,
                "total": 4
              }
            },
            {
              "batter": "RR Rossouw",
              "bowler": "Hasan Ali",
              "non_striker": "Sohaib Maqsood",
              "runs": {
                "batter": 1,
                "extras": 0,
                "total": 1
              },
              "wickets": [
                {
                  "player_out": "Sohaib Maqsood",
                  "fielders": [
                    {
                      "name": "Azam Khan"
                    },
                    {
                      "name": "Asif Ali"
                    }
                  ],
                  "kind": "run out"
                }
              ]
            },
            {
              "batter": "TH David",
              "bowler": "Hasan Ali",
              "non_striker": "RR Rossouw",
              "runs": {
                "batter": 1,
                "extras": 0,
                "total": 1
              }
            },
            {
              "batter": "RR Rossouw",
              "bowler": "Hasan Ali",
              "non_striker": "TH David",
              "runs": {
                "batter": 4,
                "extras": 0,
                "total": 4
              }
            },
            {
              "batter": "RR Rossouw",
              "bowler": "Hasan Ali",
              "non_striker": "TH David",
              "runs": {
                "batter": 0,
                "extras": 0,
                "total": 0
              }
            },
            {
              "batter": "RR Rossouw",
              "bowler": "Hasan Ali",
              "non_striker": "TH David",
              "runs": {
                "batter": 1,
                "extras": 0,
                "total": 1
              }
            }
          ]
        },
        {
          "over": 11,
          "deliveries": [
            {
              "batter": "RR Rossouw",
              "bowler": "Shadab Khan",
              "non_striker": "TH David",
              "runs": {
                "batter": 1,
                "extras": 0,
                "total": 1
              }
            },
            {
              "batter": "TH David",
              "bowler": "Shadab Khan",
              "non_striker": "RR Rossouw",
              "runs": {
                "batter": 4,
                "extras": 0,
                "total": 4
              }
            },
            {
              "batter": "TH David",
              "bowler": "Shadab Khan",
              "non_striker": "RR Rossouw",
              "runs": {
                "batter": 2,
                "extras": 0,
                "total": 2
              }
            },
            {
              "batter": "TH David",
              "bowler": "Shadab Khan",
              "non_striker": "RR Rossouw",
              "runs": {
                "batter": 1,
                "extras": 0,
                "total": 1
              }
            },
            {
              "batter": "RR Rossouw",
              "bowler": "Shadab Khan",
              "non_striker": "TH David",
              "runs": {
                "batter": 0,
                "extras": 0,
                "total": 0
              }
            },
            {
              "batter": "RR Rossouw",
              "bowler": "Shadab Khan",
              "non_striker": "TH David",
              "runs": {
                "batter": 0,
                "extras": 0,
                "total": 0
              }
            }
          ]
        },
        {
          "over": 12,
          "deliveries": [
            {
              "batter": "TH David",
              "bowler": "M de Lange",
              "non_striker": "RR Rossouw",
              "runs": {
                "batter": 0,
                "extras": 0,
                "total": 0
              }
            },
            {
              "batter": "TH David",
              "bowler": "M de Lange",
              "non_striker": "RR Rossouw",
              "runs": {
                "batter": 0,
                "extras": 0,
                "total": 0
              }
            },
            {
              "batter": "TH David",
              "bowler": "M de Lange",
              "non_striker": "RR Rossouw",
              "runs": {
                "batter": 6,
                "extras": 0,
                "total": 6
              }
            },
            {
              "batter": "TH David",
              "bowler": "M de Lange",
              "non_striker": "RR Rossouw",
              "runs": {
                "batter": 0,
                "extras": 0,
                "total": 0
              }
            },
            {
              "batter": "TH David",
              "bowler": "M de Lange",
              "non_striker": "RR Rossouw",
              "runs": {
                "batter": 1,
                "extras": 0,
                "total": 1
              }
            },
            {
              "batter": "RR Rossouw",
              "bowler": "M de Lange",
              "non_striker": "TH David",
              "runs": {
                "batter": 2,
                "extras": 0,
                "total": 2
              }
            }
          ]
        },
        {
          "over": 13,
          "deliveries": [
            {
              "batter": "TH David",
              "bowler": "Shadab Khan",
              "non_striker": "RR Rossouw",
              "runs": {
                "batter": 0,
                "extras": 0,
                "total": 0
              }
            },
            {
              "batter": "TH David",
              "bowler": "Shadab Khan",
              "non_striker": "RR Rossouw",
              "runs": {
                "batter": 6,
                "extras": 0,
                "total": 6
              }
            },
            {
              "batter": "TH David",
              "bowler": "Shadab Khan",
              "non_striker": "RR Rossouw",
              "runs": {
                "batter": 1,
                "extras": 0,
                "total": 1
              }
            },
            {
              "batter": "RR Rossouw",
              "bowler": "Shadab Khan",
              "extras": {
                "byes": 1
              },
              "non_striker": "TH David",
              "runs": {
                "batter": 0,
                "extras": 1,
                "total": 1
              }
            },
            {
              "batter": "TH David",
              "bowler": "Shadab Khan",
              "non_striker": "RR Rossouw",
              "runs": {
                "batter": 1,
                "extras": 0,
                "total": 1
              }
            },
            {
              "batter": "RR Rossouw",
              "bowler": "Shadab Khan",
              "non_striker": "TH David",
              "runs": {
                "batter": 0,
                "extras": 0,
                "total": 0
              }
            }
          ]
        },
        {
          "over": 14,
          "deliveries": [
            {
              "batter": "TH David",
              "bowler": "Mohammad Wasim",
              "non_striker": "RR Rossouw",
              "runs": {
                "batter": 4,
                "extras": 0,
                "total": 4
              }
            },
            {
              "batter": "TH David",
              "bowler": "Mohammad Wasim",
              "non_striker": "RR Rossouw",
              "runs": {
                "batter": 0,
                "extras": 0,
                "total": 0
              }
            },
            {
              "batter": "TH David",
              "bowler": "Mohammad Wasim",
              "non_striker": "RR Rossouw",
              "runs": {
                "batter": 4,
                "extras": 0,
                "total": 4
              }
            },
            {
              "batter": "TH David",
              "bowler": "Mohammad Wasim",
              "non_striker": "RR Rossouw",
              "runs": {
                "batter": 1,
                "extras": 0,
                "total": 1
              }
            },
            {
              "batter": "RR Rossouw",
              "bowler": "Mohammad Wasim",
              "non_striker": "TH David",
              "runs": {
                "batter": 1,
                "extras": 0,
                "total": 1
              }
            },
            {
              "batter": "TH David",
              "bowler": "Mohammad Wasim",
              "non_striker": "RR Rossouw",
              "runs": {
                "batter": 4,
                "extras": 0,
                "total": 4
              }
            }
          ]
        },
        {
          "over": 15,
          "deliveries": [
            {
              "batter": "RR Rossouw",
              "bowler": "Faheem Ashraf",
              "non_striker": "TH David",
              "runs": {
                "batter": 0,
                "extras": 0,
                "total": 0
              }
            },
            {
              "batter": "RR Rossouw",
              "bowler": "Faheem Ashraf",
              "non_striker": "TH David",
              "runs": {
                "batter": 6,
                "extras": 0,
                "total": 6
              }
            },
            {
              "batter": "RR Rossouw",
              "bowler": "Faheem Ashraf",
              "non_striker": "TH David",
              "runs": {
                "batter": 4,
                "extras": 0,
                "total": 4
              }
            },
            {
              "batter": "RR Rossouw",
              "bowler": "Faheem Ashraf",
              "non_striker": "TH David",
              "runs": {
                "batter": 4,
                "extras": 0,
                "total": 4
              }
            },
            {
              "batter": "RR Rossouw",
              "bowler": "Faheem Ashraf",
              "non_striker": "TH David",
              "runs": {
                "batter": 1,
                "extras": 0,
                "total": 1
              }
            },
            {
              "batter": "TH David",
              "bowler": "Faheem Ashraf",
              "non_striker": "RR Rossouw",
              "runs": {
                "batter": 6,
                "extras": 0,
                "total": 6
              }
            }
          ]
        },
        {
          "over": 16,
          "deliveries": [
            {
              "batter": "RR Rossouw",
              "bowler": "Hasan Ali",
              "non_striker": "TH David",
              "runs": {
                "batter": 1,
                "extras": 0,
                "total": 1
              }
            },
            {
              "batter": "TH David",
              "bowler": "Hasan Ali",
              "non_striker": "RR Rossouw",
              "runs": {
                "batter": 0,
                "extras": 0,
                "total": 0
              }
            },
            {
              "batter": "TH David",
              "bowler": "Hasan Ali",
              "non_striker": "RR Rossouw",
              "runs": {
                "batter": 6,
                "extras": 0,
                "total": 6
              }
            },
            {
              "batter": "TH David",
              "bowler": "Hasan Ali",
              "non_striker": "RR Rossouw",
              "runs": {
                "batter": 1,
                "extras": 0,
                "total": 1
              }
            },
            {
              "batter": "RR Rossouw",
              "bowler": "Hasan Ali",
              "non_striker": "TH David",
              "runs": {
                "batter": 0,
                "extras": 0,
                "total": 0
              }
            },
            {
              "batter": "RR Rossouw",
              "bowler": "Hasan Ali",
              "non_striker": "TH David",
              "runs": {
                "batter": 6,
                "extras": 0,
                "total": 6
              }
            }
          ]
        },
        {
          "over": 17,
          "deliveries": [
            {
              "batter": "TH David",
              "bowler": "M de Lange",
              "non_striker": "RR Rossouw",
              "runs": {
                "batter": 6,
                "extras": 0,
                "total": 6
              }
            },
            {
              "batter": "TH David",
              "bowler": "M de Lange",
              "non_striker": "RR Rossouw",
              "runs": {
                "batter": 6,
                "extras": 0,
                "total": 6
              }
            },
            {
              "batter": "TH David",
              "bowler": "M de Lange",
              "non_striker": "RR Rossouw",
              "runs": {
                "batter": 4,
                "extras": 0,
                "total": 4
              }
            },
            {
              "batter": "TH David",
              "bowler": "M de Lange",
              "non_striker": "RR Rossouw",
              "runs": {
                "batter": 1,
                "extras": 0,
                "total": 1
              }
            },
            {
              "batter": "RR Rossouw",
              "bowler": "M de Lange",
              "non_striker": "TH David",
              "runs": {
                "batter": 6,
                "extras": 0,
                "total": 6
              }
            },
            {
              "batter": "RR Rossouw",
              "bowler": "M de Lange",
              "non_striker": "TH David",
              "runs": {
                "batter": 0,
                "extras": 0,
                "total": 0
              }
            }
          ]
        },
        {
          "over": 18,
          "deliveries": [
            {
              "batter": "TH David",
              "bowler": "Mohammad Wasim",
              "non_striker": "RR Rossouw",
              "runs": {
                "batter": 1,
                "extras": 0,
                "total": 1
              }
            },
            {
              "batter": "RR Rossouw",
              "bowler": "Mohammad Wasim",
              "non_striker": "TH David",
              "runs": {
                "batter": 1,
                "extras": 0,
                "total": 1
              }
            },
            {
              "batter": "TH David",
              "bowler": "Mohammad Wasim",
              "non_striker": "RR Rossouw",
              "runs": {
                "batter": 4,
                "extras": 0,
                "total": 4
              }
            },
            {
              "batter": "TH David",
              "bowler": "Mohammad Wasim",
              "non_striker": "RR Rossouw",
              "review": {
                "by": "Multan Sultans",
                "umpire": "MA Gough",
                "batter": "TH David",
                "decision": "struck down"
              },
              "runs": {
                "batter": 0,
                "extras": 0,
                "total": 0
              },
              "wickets": [
                {
                  "player_out": "TH David",
                  "fielders": [
                    {
                      "name": "Azam Khan"
                    }
                  ],
                  "kind": "caught"
                }
              ]
            },
            {
              "batter": "Khushdil Shah",
              "bowler": "Mohammad Wasim",
              "non_striker": "RR Rossouw",
              "runs": {
                "batter": 4,
                "extras": 0,
                "total": 4
              }
            },
            {
              "batter": "Khushdil Shah",
              "bowler": "Mohammad Wasim",
              "non_striker": "RR Rossouw",
              "runs": {
                "batter": 4,
                "extras": 0,
                "total": 4
              }
            }
          ]
        },
        {
          "over": 19,
          "deliveries": [
            {
              "batter": "RR Rossouw",
              "bowler": "Hasan Ali",
              "non_striker": "Khushdil Shah",
              "runs": {
                "batter": 6,
                "extras": 0,
                "total": 6
              }
            },
            {
              "batter": "RR Rossouw",
              "bowler": "Hasan Ali",
              "non_striker": "Khushdil Shah",
              "runs": {
                "batter": 1,
                "extras": 0,
                "total": 1
              }
            },
            {
              "batter": "Khushdil Shah",
              "bowler": "Hasan Ali",
              "non_striker": "RR Rossouw",
              "runs": {
                "batter": 0,
                "extras": 0,
                "total": 0
              },
              "wickets": [
                {
                  "player_out": "Khushdil Shah",
                  "fielders": [
                    {
                      "name": "Shadab Khan"
                    }
                  ],
                  "kind": "caught"
                }
              ]
            },
            {
              "batter": "RR Rossouw",
              "bowler": "Hasan Ali",
              "non_striker": "DJ Willey",
              "runs": {
                "batter": 6,
                "extras": 0,
                "total": 6
              }
            },
            {
              "batter": "RR Rossouw",
              "bowler": "Hasan Ali",
              "non_striker": "DJ Willey",
              "runs": {
                "batter": 2,
                "extras": 0,
                "total": 2
              }
            },
            {
              "batter": "RR Rossouw",
              "bowler": "Hasan Ali",
              "non_striker": "DJ Willey",
              "runs": {
                "batter": 6,
                "extras": 0,
                "total": 6
              }
            }
          ]
        }
      ],
      "powerplays": [
        {
          "from": 0.1,
          "to": 5.7,
          "type": "mandatory"
        }
      ]
    },
    {
      "team": "Islamabad United",
      "overs": [
        {
          "over": 0,
          "deliveries": [
            {
              "batter": "PR Stirling",
              "bowler": "Rumman Raees",
              "non_striker": "AD Hales",
              "runs": {
                "batter": 1,
                "extras": 0,
                "total": 1
              }
            },
            {
              "batter": "AD Hales",
              "bowler": "Rumman Raees",
              "extras": {
                "wides": 1
              },
              "non_striker": "PR Stirling",
              "runs": {
                "batter": 0,
                "extras": 1,
                "total": 1
              }
            },
            {
              "batter": "AD Hales",
              "bowler": "Rumman Raees",
              "non_striker": "PR Stirling",
              "runs": {
                "batter": 1,
                "extras": 0,
                "total": 1
              }
            },
            {
              "batter": "PR Stirling",
              "bowler": "Rumman Raees",
              "non_striker": "AD Hales",
              "runs": {
                "batter": 1,
                "extras": 0,
                "total": 1
              }
            },
            {
              "batter": "AD Hales",
              "bowler": "Rumman Raees",
              "non_striker": "PR Stirling",
              "runs": {
                "batter": 1,
                "extras": 0,
                "total": 1
              }
            },
            {
              "batter": "PR Stirling",
              "bowler": "Rumman Raees",
              "non_striker": "AD Hales",
              "runs": {
                "batter": 4,
                "extras": 0,
                "total": 4
              }
            },
            {
              "batter": "PR Stirling",
              "bowler": "Rumman Raees",
              "non_striker": "AD Hales",
              "runs": {
                "batter": 1,
                "extras": 0,
                "total": 1
              }
            }
          ]
        },
        {
          "over": 1,
          "deliveries": [
            {
              "batter": "PR Stirling",
              "bowler": "DJ Willey",
              "non_striker": "AD Hales",
              "runs": {
                "batter": 0,
                "extras": 0,
                "total": 0
              }
            },
            {
              "batter": "PR Stirling",
              "bowler": "DJ Willey",
              "non_striker": "AD Hales",
              "runs": {
                "batter": 4,
                "extras": 0,
                "total": 4
              }
            },
            {
              "batter": "PR Stirling",
              "bowler": "DJ Willey",
              "non_striker": "AD Hales",
              "runs": {
                "batter": 4,
                "extras": 0,
                "total": 4
              }
            },
            {
              "batter": "PR Stirling",
              "bowler": "DJ Willey",
              "non_striker": "AD Hales",
              "runs": {
                "batter": 0,
                "extras": 0,
                "total": 0
              }
            },
            {
              "batter": "PR Stirling",
              "bowler": "DJ Willey",
              "non_striker": "AD Hales",
              "runs": {
                "batter": 4,
                "extras": 0,
                "total": 4
              }
            },
            {
              "batter": "PR Stirling",
              "bowler": "DJ Willey",
              "non_striker": "AD Hales",
              "runs": {
                "batter": 0,
                "extras": 0,
                "total": 0
              },
              "wickets": [
                {
                  "player_out": "PR Stirling",
                  "fielders": [
                    {
                      "name": "Anwar Ali"
                    }
                  ],
                  "kind": "caught"
                }
              ]
            }
          ]
        },
        {
          "over": 2,
          "deliveries": [
            {
              "batter": "AD Hales",
              "bowler": "Abbas Afridi",
              "non_striker": "Rahmanullah Gurbaz",
              "runs": {
                "batter": 1,
                "extras": 0,
                "total": 1
              }
            },
            {
              "batter": "Rahmanullah Gurbaz",
              "bowler": "Abbas Afridi",
              "non_striker": "AD Hales",
              "runs": {
                "batter": 1,
                "extras": 0,
                "total": 1
              }
            },
            {
              "batter": "AD Hales",
              "bowler": "Abbas Afridi",
              "non_striker": "Rahmanullah Gurbaz",
              "runs": {
                "batter": 1,
                "extras": 0,
                "total": 1
              }
            },
            {
              "batter": "Rahmanullah Gurbaz",
              "bowler": "Abbas Afridi",
              "non_striker": "AD Hales",
              "runs": {
                "batter": 1,
                "extras": 0,
                "total": 1
              }
            },
            {
              "batter": "AD Hales",
              "bowler": "Abbas Afridi",
              "non_striker": "Rahmanullah Gurbaz",
              "runs": {
                "batter": 4,
                "extras": 0,
                "total": 4
              }
            },
            {
              "batter": "AD Hales",
              "bowler": "Abbas Afridi",
              "non_striker": "Rahmanullah Gurbaz",
              "runs": {
                "batter": 4,
                "extras": 0,
                "total": 4
              }
            }
          ]
        },
        {
          "over": 3,
          "deliveries": [
            {
              "batter": "Rahmanullah Gurbaz",
              "bowler": "Anwar Ali",
              "non_striker": "AD Hales",
              "runs": {
                "batter": 1,
                "extras": 0,
                "total": 1
              }
            },
            {
              "batter": "AD Hales",
              "bowler": "Anwar Ali",
              "non_striker": "Rahmanullah Gurbaz",
              "runs": {
                "batter": 4,
                "extras": 0,
                "total": 4
              }
            },
            {
              "batter": "AD Hales",
              "bowler": "Anwar Ali",
              "non_striker": "Rahmanullah Gurbaz",
              "runs": {
                "batter": 0,
                "extras": 0,
                "total": 0
              }
            },
            {
              "batter": "AD Hales",
              "bowler": "Anwar Ali",
              "non_striker": "Rahmanullah Gurbaz",
              "runs": {
                "batter": 1,
                "extras": 0,
                "total": 1
              }
            },
            {
              "batter": "Rahmanullah Gurbaz",
              "bowler": "Anwar Ali",
              "non_striker": "AD Hales",
              "runs": {
                "batter": 0,
                "extras": 0,
                "total": 0
              }
            },
            {
              "batter": "Rahmanullah Gurbaz",
              "bowler": "Anwar Ali",
              "non_striker": "AD Hales",
              "runs": {
                "batter": 6,
                "extras": 0,
                "total": 6
              }
            }
          ]
        },
        {
          "over": 4,
          "deliveries": [
            {
              "batter": "AD Hales",
              "bowler": "Rumman Raees",
              "non_striker": "Rahmanullah Gurbaz",
              "runs": {
                "batter": 4,
                "extras": 0,
                "total": 4
              }
            },
            {
              "batter": "AD Hales",
              "bowler": "Rumman Raees",
              "non_striker": "Rahmanullah Gurbaz",
              "runs": {
                "batter": 1,
                "extras": 0,
                "total": 1
              }
            },
            {
              "batter": "Rahmanullah Gurbaz",
              "bowler": "Rumman Raees",
              "extras": {
                "legbyes": 1
              },
              "non_striker": "AD Hales",
              "runs": {
                "batter": 0,
                "extras": 1,
                "total": 1
              }
            },
            {
              "batter": "AD Hales",
              "bowler": "Rumman Raees",
              "non_striker": "Rahmanullah Gurbaz",
              "runs": {
                "batter": 0,
                "extras": 0,
                "total": 0
              }
            },
            {
              "batter": "AD Hales",
              "bowler": "Rumman Raees",
              "non_striker": "Rahmanullah Gurbaz",
              "runs": {
                "batter": 1,
                "extras": 0,
                "total": 1
              }
            },
            {
              "batter": "Rahmanullah Gurbaz",
              "bowler": "Rumman Raees",
              "non_striker": "AD Hales",
              "runs": {
                "batter": 4,
                "extras": 0,
                "total": 4
              }
            }
          ]
        },
        {
          "over": 5,
          "deliveries": [
            {
              "batter": "AD Hales",
              "bowler": "DJ Willey",
              "non_striker": "Rahmanullah Gurbaz",
              "runs": {
                "batter": 0,
                "extras": 0,
                "total": 0
              },
              "wickets": [
                {
                  "player_out": "AD Hales",
                  "fielders": [
                    {
                      "name": "Rumman Raees"
                    }
                  ],
                  "kind": "caught"
                }
              ]
            },
            {
              "batter": "Rahmanullah Gurbaz",
              "bowler": "DJ Willey",
              "non_striker": "Shadab Khan",
              "runs": {
                "batter": 1,
                "extras": 0,
                "total": 1
              }
            },
            {
              "batter": "Shadab Khan",
              "bowler": "DJ Willey",
              "non_striker": "Rahmanullah Gurbaz",
              "runs": {
                "batter": 4,
                "extras": 0,
                "total": 4
              }
            },
            {
              "batter": "Shadab Khan",
              "bowler": "DJ Willey",
              "non_striker": "Rahmanullah Gurbaz",
              "runs": {
                "batter": 0,
                "extras": 0,
                "total": 0
              }
            },
            {
              "batter": "Shadab Khan",
              "bowler": "DJ Willey",
              "non_striker": "Rahmanullah Gurbaz",
              "runs": {
                "batter": 6,
                "extras": 0,
                "total": 6
              }
            },
            {
              "batter": "Shadab Khan",
              "bowler": "DJ Willey",
              "non_striker": "Rahmanullah Gurbaz",
              "runs": {
                "batter": 1,
                "extras": 0,
                "total": 1
              }
            }
          ]
        },
        {
          "over": 6,
          "deliveries": [
            {
              "batter": "Shadab Khan",
              "bowler": "Imran Tahir",
              "non_striker": "Rahmanullah Gurbaz",
              "runs": {
                "batter": 4,
                "extras": 0,
                "total": 4
              }
            },
            {
              "batter": "Shadab Khan",
              "bowler": "Imran Tahir",
              "non_striker": "Rahmanullah Gurbaz",
              "runs": {
                "batter": 0,
                "extras": 0,
                "total": 0
              }
            },
            {
              "batter": "Shadab Khan",
              "bowler": "Imran Tahir",
              "non_striker": "Rahmanullah Gurbaz",
              "runs": {
                "batter": 1,
                "extras": 0,
                "total": 1
              }
            },
            {
              "batter": "Rahmanullah Gurbaz",
              "bowler": "Imran Tahir",
              "non_striker": "Shadab Khan",
              "runs": {
                "batter": 0,
                "extras": 0,
                "total": 0
              }
            },
            {
              "batter": "Rahmanullah Gurbaz",
              "bowler": "Imran Tahir",
              "non_striker": "Shadab Khan",
              "runs": {
                "batter": 1,
                "extras": 0,
                "total": 1
              }
            },
            {
              "batter": "Shadab Khan",
              "bowler": "Imran Tahir",
              "non_striker": "Rahmanullah Gurbaz",
              "runs": {
                "batter": 6,
                "extras": 0,
                "total": 6
              }
            }
          ]
        },
        {
          "over": 7,
          "deliveries": [
            {
              "batter": "Rahmanullah Gurbaz",
              "bowler": "Khushdil Shah",
              "non_striker": "Shadab Khan",
              "runs": {
                "batter": 0,
                "extras": 0,
                "total": 0
              }
            },
            {
              "batter": "Rahmanullah Gurbaz",
              "bowler": "Khushdil Shah",
              "non_striker": "Shadab Khan",
              "runs": {
                "batter": 0,
                "extras": 0,
                "total": 0
              }
            },
            {
              "batter": "Rahmanullah Gurbaz",
              "bowler": "Khushdil Shah",
              "non_striker": "Shadab Khan",
              "runs": {
                "batter": 0,
                "extras": 0,
                "total": 0
              },
              "wickets": [
                {
                  "player_out": "Rahmanullah Gurbaz",
                  "fielders": [
                    {
                      "name": "DJ Willey"
                    }
                  ],
                  "kind": "caught"
                }
              ]
            },
            {
              "batter": "Shadab Khan",
              "bowler": "Khushdil Shah",
              "non_striker": "Faheem Ashraf",
              "runs": {
                "batter": 1,
                "extras": 0,
                "total": 1
              }
            },
            {
              "batter": "Faheem Ashraf",
              "bowler": "Khushdil Shah",
              "non_striker": "Shadab Khan",
              "review": {
                "by": "Islamabad United",
                "umpire": "MA Gough",
                "batter": "Faheem Ashraf",
                "decision": "struck down"
              },
              "runs": {
                "batter": 0,
                "extras": 0,
                "total": 0
              },
              "wickets": [
                {
                  "player_out": "Faheem Ashraf",
                  "kind": "lbw"
                }
              ]
            },
            {
              "batter": "Azam Khan",
              "bowler": "Khushdil Shah",
              "non_striker": "Shadab Khan",
              "runs": {
                "batter": 1,
                "extras": 0,
                "total": 1
              }
            }
          ]
        },
        {
          "over": 8,
          "deliveries": [
            {
              "batter": "Azam Khan",
              "bowler": "Imran Tahir",
              "non_striker": "Shadab Khan",
              "runs": {
                "batter": 1,
                "extras": 0,
                "total": 1
              }
            },
            {
              "batter": "Shadab Khan",
              "bowler": "Imran Tahir",
              "non_striker": "Azam Khan",
              "runs": {
                "batter": 1,
                "extras": 0,
                "total": 1
              }
            },
            {
              "batter": "Azam Khan",
              "bowler": "Imran Tahir",
              "non_striker": "Shadab Khan",
              "runs": {
                "batter": 1,
                "extras": 0,
                "total": 1
              }
            },
            {
              "batter": "Shadab Khan",
              "bowler": "Imran Tahir",
              "non_striker": "Azam Khan",
              "runs": {
                "batter": 0,
                "extras": 0,
                "total": 0
              }
            },
            {
              "batter": "Shadab Khan",
              "bowler": "Imran Tahir",
              "non_striker": "Azam Khan",
              "runs": {
                "batter": 1,
                "extras": 0,
                "total": 1
              }
            },
            {
              "batter": "Azam Khan",
              "bowler": "Imran Tahir",
              "non_striker": "Shadab Khan",
              "runs": {
                "batter": 1,
                "extras": 0,
                "total": 1
              }
            }
          ]
        },
        {
          "over": 9,
          "deliveries": [
            {
              "batter": "Azam Khan",
              "bowler": "Khushdil Shah",
              "extras": {
                "wides": 1
              },
              "non_striker": "Shadab Khan",
              "runs": {
                "batter": 0,
                "extras": 1,
                "total": 1
              }
            },
            {
              "batter": "Azam Khan",
              "bowler": "Khushdil Shah",
              "extras": {
                "wides": 1
              },
              "non_striker": "Shadab Khan",
              "runs": {
                "batter": 0,
                "extras": 1,
                "total": 1
              }
            },
            {
              "batter": "Azam Khan",
              "bowler": "Khushdil Shah",
              "non_striker": "Shadab Khan",
              "runs": {
                "batter": 0,
                "extras": 0,
                "total": 0
              }
            },
            {
              "batter": "Azam Khan",
              "bowler": "Khushdil Shah",
              "non_striker": "Shadab Khan",
              "runs": {
                "batter": 1,
                "extras": 0,
                "total": 1
              }
            },
            {
              "batter": "Shadab Khan",
              "bowler": "Khushdil Shah",
              "non_striker": "Azam Khan",
              "runs": {
                "batter": 6,
                "extras": 0,
                "total": 6
              }
            },
            {
              "batter": "Shadab Khan",
              "bowler": "Khushdil Shah",
              "non_striker": "Azam Khan",
              "runs": {
                "batter": 0,
                "extras": 0,
                "total": 0
              }
            },
            {
              "batter": "Shadab Khan",
              "bowler": "Khushdil Shah",
              "non_striker": "Azam Khan",
              "runs": {
                "batter": 1,
                "extras": 0,
                "total": 1
              }
            },
            {
              "batter": "Azam Khan",
              "bowler": "Khushdil Shah",
              "non_striker": "Shadab Khan",
              "runs": {
                "batter": 1,
                "extras": 0,
                "total": 1
              }
            }
          ]
        },
        {
          "over": 10,
          "deliveries": [
            {
              "batter": "Azam Khan",
              "bowler": "Imran Tahir",
              "non_striker": "Shadab Khan",
              "runs": {
                "batter": 1,
                "extras": 0,
                "total": 1
              }
            },
            {
              "batter": "Shadab Khan",
              "bowler": "Imran Tahir",
              "non_striker": "Azam Khan",
              "runs": {
                "batter": 0,
                "extras": 0,
                "total": 0
              }
            },
            {
              "batter": "Shadab Khan",
              "bowler": "Imran Tahir",
              "non_striker": "Azam Khan",
              "runs": {
                "batter": 0,
                "extras": 0,
                "total": 0
              }
            },
            {
              "batter": "Shadab Khan",
              "bowler": "Imran Tahir",
              "non_striker": "Azam Khan",
              "runs": {
                "batter": 6,
                "extras": 0,
                "total": 6
              }
            },
            {
              "batter": "Shadab Khan",
              "bowler": "Imran Tahir",
              "non_striker": "Azam Khan",
              "runs": {
                "batter": 1,
                "extras": 0,
                "total": 1
              }
            },
            {
              "batter": "Azam Khan",
              "bowler": "Imran Tahir",
              "non_striker": "Shadab Khan",
              "runs": {
                "batter": 0,
                "extras": 0,
                "total": 0
              }
            }
          ]
        },
        {
          "over": 11,
          "deliveries": [
            {
              "batter": "Shadab Khan",
              "bowler": "Khushdil Shah",
              "non_striker": "Azam Khan",
              "runs": {
                "batter": 1,
                "extras": 0,
                "total": 1
              }
            },
            {
              "batter": "Azam Khan",
              "bowler": "Khushdil Shah",
              "non_striker": "Shadab Khan",
              "runs": {
                "batter": 1,
                "extras": 0,
                "total": 1
              }
            },
            {
              "batter": "Shadab Khan",
              "bowler": "Khushdil Shah",
              "non_striker": "Azam Khan",
              "runs": {
                "batter": 1,
                "extras": 0,
                "total": 1
              }
            },
            {
              "batter": "Azam Khan",
              "bowler": "Khushdil Shah",
              "non_striker": "Shadab Khan",
              "runs": {
                "batter": 4,
                "extras": 0,
                "total": 4
              }
            },
            {
              "batter": "Azam Khan",
              "bowler": "Khushdil Shah",
              "non_striker": "Shadab Khan",
              "runs": {
                "batter": 0,
                "extras": 0,
                "total": 0
              },
              "wickets": [
                {
                  "player_out": "Azam Khan",
                  "fielders": [
                    {
                      "name": "Anwar Ali"
                    }
                  ],
                  "kind": "caught"
                }
              ]
            },
            {
              "batter": "Asif Ali",
              "bowler": "Khushdil Shah",
              "non_striker": "Shadab Khan",
              "runs": {
                "batter": 0,
                "extras": 0,
                "total": 0
              }
            }
          ]
        },
        {
          "over": 12,
          "deliveries": [
            {
              "batter": "Shadab Khan",
              "bowler": "Imran Tahir",
              "non_striker": "Asif Ali",
              "runs": {
                "batter": 0,
                "extras": 0,
                "total": 0
              }
            },
            {
              "batter": "Shadab Khan",
              "bowler": "Imran Tahir",
              "non_striker": "Asif Ali",
              "runs": {
                "batter": 1,
                "extras": 0,
                "total": 1
              }
            },
            {
              "batter": "Asif Ali",
              "bowler": "Imran Tahir",
              "non_striker": "Shadab Khan",
              "runs": {
                "batter": 1,
                "extras": 0,
                "total": 1
              }
            },
            {
              "batter": "Shadab Khan",
              "bowler": "Imran Tahir",
              "non_striker": "Asif Ali",
              "runs": {
                "batter": 6,
                "extras": 0,
                "total": 6
              }
            },
            {
              "batter": "Shadab Khan",
              "bowler": "Imran Tahir",
              "non_striker": "Asif Ali",
              "runs": {
                "batter": 1,
                "extras": 0,
                "total": 1
              }
            },
            {
              "batter": "Asif Ali",
              "bowler": "Imran Tahir",
              "non_striker": "Shadab Khan",
              "runs": {
                "batter": 1,
                "extras": 0,
                "total": 1
              }
            }
          ]
        },
        {
          "over": 13,
          "deliveries": [
            {
              "batter": "Asif Ali",
              "bowler": "Khushdil Shah",
              "non_striker": "Shadab Khan",
              "runs": {
                "batter": 6,
                "extras": 0,
                "total": 6
              }
            },
            {
              "batter": "Asif Ali",
              "bowler": "Khushdil Shah",
              "non_striker": "Shadab Khan",
              "runs": {
                "batter": 1,
                "extras": 0,
                "total": 1
              }
            },
            {
              "batter": "Shadab Khan",
              "bowler": "Khushdil Shah",
              "non_striker": "Asif Ali",
              "runs": {
                "batter": 1,
                "extras": 0,
                "total": 1
              }
            },
            {
              "batter": "Asif Ali",
              "bowler": "Khushdil Shah",
              "non_striker": "Shadab Khan",
              "runs": {
                "batter": 6,
                "extras": 0,
                "total": 6
              }
            },
            {
              "batter": "Asif Ali",
              "bowler": "Khushdil Shah",
              "non_striker": "Shadab Khan",
              "runs": {
                "batter": 0,
                "extras": 0,
                "total": 0
              },
              "wickets": [
                {
                  "player_out": "Asif Ali",
                  "kind": "caught and bowled"
                }
              ]
            },
            {
              "batter": "Shadab Khan",
              "bowler": "Khushdil Shah",
              "non_striker": "Mubasir Khan",
              "runs": {
                "batter": 1,
                "extras": 0,
                "total": 1
              }
            }
          ]
        },
        {
          "over": 14,
          "deliveries": [
            {
              "batter": "Shadab Khan",
              "bowler": "Rumman Raees",
              "non_striker": "Mubasir Khan",
              "runs": {
                "batter": 4,
                "extras": 0,
                "total": 4
              }
            },
            {
              "batter": "Shadab Khan",
              "bowler": "Rumman Raees",
              "non_striker": "Mubasir Khan",
              "runs": {
                "batter": 1,
                "extras": 0,
                "total": 1
              }
            },
            {
              "batter": "Mubasir Khan",
              "bowler": "Rumman Raees",
              "non_striker": "Shadab Khan",
              "runs": {
                "batter": 2,
                "extras": 0,
                "total": 2
              }
            },
            {
              "batter": "Mubasir Khan",
              "bowler": "Rumman Raees",
              "non_striker": "Shadab Khan",
              "runs": {
                "batter": 1,
                "extras": 0,
                "total": 1
              }
            },
            {
              "batter": "Shadab Khan",
              "bowler": "Rumman Raees",
              "extras": {
                "wides": 1
              },
              "non_striker": "Mubasir Khan",
              "runs": {
                "batter": 0,
                "extras": 1,
                "total": 1
              }
            },
            {
              "batter": "Shadab Khan",
              "bowler": "Rumman Raees",
              "non_striker": "Mubasir Khan",
              "runs": {
                "batter": 1,
                "extras": 0,
                "total": 1
              }
            },
            {
              "batter": "Mubasir Khan",
              "bowler": "Rumman Raees",
              "non_striker": "Shadab Khan",
              "runs": {
                "batter": 0,
                "extras": 0,
                "total": 0
              }
            }
          ]
        },
        {
          "over": 15,
          "deliveries": [
            {
              "batter": "Shadab Khan",
              "bowler": "Abbas Afridi",
              "non_striker": "Mubasir Khan",
              "runs": {
                "batter": 1,
                "extras": 0,
                "total": 1
              }
            },
            {
              "batter": "Mubasir Khan",
              "bowler": "Abbas Afridi",
              "non_striker": "Shadab Khan",
              "runs": {
                "batter": 1,
                "extras": 0,
                "total": 1
              }
            },
            {
              "batter": "Shadab Khan",
              "bowler": "Abbas Afridi",
              "non_striker": "Mubasir Khan",
              "runs": {
                "batter": 6,
                "extras": 0,
                "total": 6
              }
            },
            {
              "batter": "Shadab Khan",
              "bowler": "Abbas Afridi",
              "non_striker": "Mubasir Khan",
              "runs": {
                "batter": 0,
                "extras": 0,
                "total": 0
              }
            },
            {
              "batter": "Shadab Khan",
              "bowler": "Abbas Afridi",
              "non_striker": "Mubasir Khan",
              "runs": {
                "batter": 6,
                "extras": 0,
                "total": 6
              }
            },
            {
              "batter": "Shadab Khan",
              "bowler": "Abbas Afridi",
              "non_striker": "Mubasir Khan",
              "runs": {
                "batter": 0,
                "extras": 0,
                "total": 0
              }
            }
          ]
        },
        {
          "over": 16,
          "deliveries": [
            {
              "batter": "Mubasir Khan",
              "bowler": "DJ Willey",
              "non_striker": "Shadab Khan",
              "runs": {
                "batter": 2,
                "extras": 0,
                "total": 2
              }
            },
            {
              "batter": "Mubasir Khan",
              "bowler": "DJ Willey",
              "non_striker": "Shadab Khan",
              "runs": {
                "batter": 0,
                "extras": 0,
                "total": 0
              }
            },
            {
              "batter": "Mubasir Khan",
              "bowler": "DJ Willey",
              "extras": {
                "wides": 1
              },
              "non_striker": "Shadab Khan",
              "runs": {
                "batter": 0,
                "extras": 1,
                "total": 1
              }
            },
            {
              "batter": "Mubasir Khan",
              "bowler": "DJ Willey",
              "non_striker": "Shadab Khan",
              "runs": {
                "batter": 2,
                "extras": 0,
                "total": 2
              }
            },
            {
              "batter": "Mubasir Khan",
              "bowler": "DJ Willey",
              "non_striker": "Shadab Khan",
              "runs": {
                "batter": 1,
                "extras": 0,
                "total": 1
              }
            },
            {
              "batter": "Shadab Khan",
              "bowler": "DJ Willey",
              "non_striker": "Mubasir Khan",
              "runs": {
                "batter": 6,
                "extras": 0,
                "total": 6
              }
            },
            {
              "batter": "Shadab Khan",
              "bowler": "DJ Willey",
              "non_striker": "Mubasir Khan",
              "runs": {
                "batter": 0,
                "extras": 0,
                "total": 0
              }
            }
          ]
        },
        {
          "over": 17,
          "deliveries": [
            {
              "batter": "Mubasir Khan",
              "bowler": "Anwar Ali",
              "extras": {
                "wides": 1
              },
              "non_striker": "Shadab Khan",
              "runs": {
                "batter": 0,
                "extras": 1,
                "total": 1
              }
            },
            {
              "batter": "Mubasir Khan",
              "bowler": "Anwar Ali",
              "non_striker": "Shadab Khan",
              "runs": {
                "batter": 0,
                "extras": 0,
                "total": 0
              },
              "wickets": [
                {
                  "player_out": "Mubasir Khan",
                  "fielders": [
                    {
                      "name": "Aamer Azmat",
                      "substitute": true
                    }
                  ],
                  "kind": "caught"
                }
              ]
            },
            {
              "batter": "Shadab Khan",
              "bowler": "Anwar Ali",
              "non_striker": "Hasan Ali",
              "runs": {
                "batter": 4,
                "extras": 0,
                "total": 4
              }
            },
            {
              "batter": "Shadab Khan",
              "bowler": "Anwar Ali",
              "non_striker": "Hasan Ali",
              "runs": {
                "batter": 1,
                "extras": 0,
                "total": 1
              }
            },
            {
              "batter": "Hasan Ali",
              "bowler": "Anwar Ali",
              "non_striker": "Shadab Khan",
              "runs": {
                "batter": 2,
                "extras": 0,
                "total": 2
              }
            },
            {
              "batter": "Hasan Ali",
              "bowler": "Anwar Ali",
              "non_striker": "Shadab Khan",
              "runs": {
                "batter": 0,
                "extras": 0,
                "total": 0
              }
            },
            {
              "batter": "Hasan Ali",
              "bowler": "Anwar Ali",
              "non_striker": "Shadab Khan",
              "runs": {
                "batter": 1,
                "extras": 0,
                "total": 1
              },
              "wickets": [
                {
                  "player_out": "Hasan Ali",
                  "fielders": [
                    {
                      "name": "Mohammad Rizwan"
                    },
                    {
                      "name": "TH David"
                    }
                  ],
                  "kind": "run out"
                }
              ]
            }
          ]
        },
        {
          "over": 18,
          "deliveries": [
            {
              "batter": "Shadab Khan",
              "bowler": "Rumman Raees",
              "non_striker": "Mohammad Wasim",
              "runs": {
                "batter": 6,
                "extras": 0,
                "total": 6
              }
            },
            {
              "batter": "Shadab Khan",
              "bowler": "Rumman Raees",
              "non_striker": "Mohammad Wasim",
              "runs": {
                "batter": 4,
                "extras": 0,
                "total": 4
              }
            },
            {
              "batter": "Shadab Khan",
              "bowler": "Rumman Raees",
              "non_striker": "Mohammad Wasim",
              "runs": {
                "batter": 0,
                "extras": 0,
                "total": 0
              },
              "wickets": [
                {
                  "player_out": "Shadab Khan",
                  "fielders": [
                    {
                      "name": "TH David"
                    }
                  ],
                  "kind": "caught"
                }
              ]
            },
            {
              "batter": "Mohammad Wasim",
              "bowler": "Rumman Raees",
              "non_striker": "M de Lange",
              "runs": {
                "batter": 1,
                "extras": 0,
                "total": 1
              }
            },
            {
              "batter": "M de Lange",
              "bowler": "Rumman Raees",
              "non_striker": "Mohammad Wasim",
              "runs": {
                "batter": 0,
                "extras": 0,
                "total": 0
              }
            },
            {
              "batter": "M de Lange",
              "bowler": "Rumman Raees",
              "non_striker": "Mohammad Wasim",
              "runs": {
                "batter": 0,
                "extras": 0,
                "total": 0
              }
            }
          ]
        },
        {
          "over": 19,
          "deliveries": [
            {
              "batter": "Mohammad Wasim",
              "bowler": "DJ Willey",
              "non_striker": "M de Lange",
              "runs": {
                "batter": 0,
                "extras": 0,
                "total": 0
              }
            },
            {
              "batter": "Mohammad Wasim",
              "bowler": "DJ Willey",
              "non_striker": "M de Lange",
              "runs": {
                "batter": 2,
                "extras": 0,
                "total": 2
              }
            },
            {
              "batter": "Mohammad Wasim",
              "bowler": "DJ Willey",
              "non_striker": "M de Lange",
              "runs": {
                "batter": 0,
                "extras": 0,
                "total": 0
              }
            },
            {
              "batter": "Mohammad Wasim",
              "bowler": "DJ Willey",
              "non_striker": "M de Lange",
              "runs": {
                "batter": 0,
                "extras": 0,
                "total": 0
              },
              "wickets": [
                {
                  "player_out": "Mohammad Wasim",
                  "kind": "bowled"
                }
              ]
            }
          ]
        }
      ],
      "powerplays": [
        {
          "from": 0.1,
          "to": 5.6,
          "type": "mandatory"
        }
      ],
      "target": {
        "overs": 20,
        "runs": 218
      }
    }
  ]
}