{
  "meta": {
    "data_version": "1.1.0",
    "created": "2022-02-15",
    "revision": 2
  },
  "info": {
    "balls_per_over": 6,
    "city": "Lahore",
    "dates": [
      "2022-02-15"
    ],
    "event": {
      "name": "Pakistan Super League",
      "match_number": 22
    },
    "gender": "male",
    "match_type": "T20",
    "officials": {
      "match_referees": [
        "Ali Naqvi"
      ],
      "reserve_umpires": [
        "Waleed Yaqub"
      ],
      "tv_umpires": [
        "Asif Yaqoob"
      ],
      "umpires": [
        "MA Gough",
        "Rashid Riaz"
      ]
    },
    "outcome": {
      "winner": "Peshawar Zalmi",
      "by": {
        "runs": 24
      }
    },
    "overs": 20,
    "player_of_match": [
      "Hussain Talat"
    ],
    "players": {
      "Peshawar Zalmi": [
        "Hazratullah",
        "Mohammad Haris",
        "LS Livingstone",
        "Shoaib Malik",
        "Hussain Talat",
        "SE Rutherford",
        "BCJ Cutting",
        "Wahab Riaz",
        "Usman Qadir",
        "Mohammad Umar",
        "Salman Irshad"
      ],
      "Quetta Gladiators": [
        "JJ Roy",
        "WCF Smeed",
        "JM Vince",
        "Sarfraz Ahmed",
        "Iftikhar Ahmed",
        "Umar Akmal",
        "Sohail Tanvir",
        "Noor Ahmad",
        "Khurram Shahzad",
        "Naseem Shah",
        "Ghulam Mudassar"
      ]
    },
    "registry": {
      "people": {
        "Ali Naqvi": "3c89fc88",
        "Asif Yaqoob": "6b35790c",
        "BCJ Cutting": "2e11c706",
        "Ghulam Mudassar": "667f678b",
        "Hazratullah": "5ea51c25",
        "Hussain Talat": "bb4b445b",
        "Iftikhar Ahmed": "29e253dd",
        "JJ Roy": "d1c36f5c",
        "JM Vince": "a15618fe",
        "Khurram Shahzad": "27c5715d",
        "LS Livingstone": "50c6bc2b",
        "MA Gough": "76752ac8",
        "Mohammad Haris": "ff3f6fc1",
        "Mohammad Umar": "feb6180d",
        "Naseem Shah": "9c9af282",
        "Noor Ahmad": "efc04be7",
        "Rashid Riaz": "fb82725e",
        "SE Rutherford": "d014d5ac",
        "Salman Irshad": "30afc92b",
        "Sarfraz Ahmed": "2254ab79",
        "Shoaib Malik": "64c34cd0",
        "Sohail Tanvir": "64d43928",
        "Umar Akmal": "fd2bf2a0",
        "Usman Qadir": "33742f04",
        "WCF Smeed": "4e18e961",
        "Wahab Riaz": "b3118300",
        "Waleed Yaqub": "270416d5"
      }
    },
    "season": "2021/22",
    "team_type": "club",
    "teams": [
      "Peshawar Zalmi",
      "Quetta Gladiators"
    ],
    "toss": {
      "decision": "bat",
      "winner": "Peshawar Zalmi"
    },
    "venue": "Gaddafi Stadium, Lahore"
  },
  "innings": [
    {
      "team": "Peshawar Zalmi",
      "overs": [
        {
          "over": 0,
          "deliveries": [
            {
              "batter": "Hazratullah",
              "bowler": "Sohail Tanvir",
              "non_striker": "Mohammad Haris",
              "runs": {
                "batter": 0,
                "extras": 0,
                "total": 0
              }
            },
            {
              "batter": "Hazratullah",
              "bowler": "Sohail Tanvir",
              "non_striker": "Mohammad Haris",
              "runs": {
                "batter": 0,
                "extras": 0,
                "total": 0
              }
            },
            {
              "batter": "Hazratullah",
              "bowler": "Sohail Tanvir",
              "non_striker": "Mohammad Haris",
              "runs": {
                "batter": 1,
                "extras": 0,
                "total": 1
              }
            },
            {
              "batter": "Mohammad Haris",
              "bowler": "Sohail Tanvir",
              "non_striker": "Hazratullah",
              "runs": {
                "batter": 0,
                "extras": 0,
                "total": 0
              }
            },
            {
              "batter": "Mohammad Haris",
              "bowler": "Sohail Tanvir",
              "non_striker": "Hazratullah",
              "runs": {
                "batter": 0,
                "extras": 0,
                "total": 0
              }
            },
            {
              "batter": "Mohammad Haris",
              "bowler": "Sohail Tanvir",
              "non_striker": "Hazratullah",
              "runs": {
                "batter": 4,
                "extras": 0,
                "total": 4
              }
            }
          ]
        },
        {
          "over": 1,
          "deliveries": [
            {
              "batter": "Hazratullah",
              "bowler": "Naseem Shah",
              "non_striker": "Mohammad Haris",
              "runs": {
                "batter": 0,
                "extras": 0,
                "total": 0
              },
              "wickets": [
                {
                  "player_out": "Hazratullah",
                  "kind": "lbw"
                }
              ]
            },
            {
              "batter": "LS Livingstone",
              "bowler": "Naseem Shah",
              "extras": {
                "noballs": 1
              },
              "non_striker": "Mohammad Haris",
              "runs": {
                "batter": 0,
                "extras": 1,
                "total": 1
              }
            },
            {
              "batter": "LS Livingstone",
              "bowler": "Naseem Shah",
              "non_striker": "Mohammad Haris",
              "runs": {
                "batter": 0,
                "extras": 0,
                "total": 0
              }
            },
            {
              "batter": "LS Livingstone",
              "bowler": "Naseem Shah",
              "non_striker": "Mohammad Haris",
              "runs": {
                "batter": 0,
                "extras": 0,
                "total": 0
              },
              "wickets": [
                {
                  "player_out": "LS Livingstone",
                  "kind": "bowled"
                }
              ]
            },
            {
              "batter": "Shoaib Malik",
              "bowler": "Naseem Shah",
              "non_striker": "Mohammad Haris",
              "runs": {
                "batter": 4,
                "extras": 0,
                "total": 4
              }
            },
            {
              "batter": "Shoaib Malik",
              "bowler": "Naseem Shah",
              "non_striker": "Mohammad Haris",
              "runs": {
                "batter": 0,
                "extras": 0,
                "total": 0
              }
            },
            {
              "batter": "Shoaib Malik",
              "bowler": "Naseem Shah",
              "non_striker": "Mohammad Haris",
              "runs": {
                "batter": 1,
                "extras": 0,
                "total": 1
              }
            }
          ]
        },
        {
          "over": 2,
          "deliveries": [
            {
              "batter": "Shoaib Malik",
              "bowler": "Sohail Tanvir",
              "non_striker": "Mohammad Haris",
              "runs": {
                "batter": 4,
                "extras": 0,
                "total": 4
              }
            },
            {
              "batter": "Shoaib Malik",
              "bowler": "Sohail Tanvir",
              "non_striker": "Mohammad Haris",
              "runs": {
                "batter": 0,
                "extras": 0,
                "total": 0
              }
            },
            {
              "batter": "Shoaib Malik",
              "bowler": "Sohail Tanvir",
              "non_striker": "Mohammad Haris",
              "runs": {
                "batter": 0,
                "extras": 0,
                "total": 0
              }
            },
            {
              "batter": "Shoaib Malik",
              "bowler": "Sohail Tanvir",
              "non_striker": "Mohammad Haris",
              "runs": {
                "batter": 1,
                "extras": 0,
                "total": 1
              }
            },
            {
              "batter": "Mohammad Haris",
              "bowler": "Sohail Tanvir",
              "non_striker": "Shoaib Malik",
              "runs": {
                "batter": 0,
                "extras": 0,
                "total": 0
              }
            },
            {
              "batter": "Mohammad Haris",
              "bowler": "Sohail Tanvir",
              "non_striker": "Shoaib Malik",
              "runs": {
                "batter": 0,
                "extras": 0,
                "total": 0
              }
            }
          ]
        },
        {
          "over": 3,
          "deliveries": [
            {
              "batter": "Shoaib Malik",
              "bowler": "Naseem Shah",
              "non_striker": "Mohammad Haris",
              "runs": {
                "batter": 4,
                "extras": 0,
                "total": 4
              }
            },
            {
              "batter": "Shoaib Malik",
              "bowler": "Naseem Shah",
              "non_striker": "Mohammad Haris",
              "runs": {
                "batter": 1,
                "extras": 0,
                "total": 1
              }
            },
            {
              "batter": "Mohammad Haris",
              "bowler": "Naseem Shah",
              "non_striker": "Shoaib Malik",
              "runs": {
                "batter": 0,
                "extras": 0,
                "total": 0
              }
            },
            {
              "batter": "Mohammad Haris",
              "bowler": "Naseem Shah",
              "non_striker": "Shoaib Malik",
              "runs": {
                "batter": 4,
                "extras": 0,
                "total": 4
              }
            },
            {
              "batter": "Mohammad Haris",
              "bowler": "Naseem Shah",
              "non_striker": "Shoaib Malik",
              "runs": {
                "batter": 1,
                "extras": 0,
                "total": 1
              }
            },
            {
              "batter": "Shoaib Malik",
              "bowler": "Naseem Shah",
              "non_striker": "Mohammad Haris",
              "runs": {
                "batter": 1,
                "extras": 0,
                "total": 1
              }
            }
          ]
        },
        {
          "over": 4,
          "deliveries": [
            {
              "batter": "Shoaib Malik",
              "bowler": "Khurram Shahzad",
              "non_striker": "Mohammad Haris",
              "runs": {
                "batter": 4,
                "extras": 0,
                "total": 4
              }
            },
            {
              "batter": "Shoaib Malik",
              "bowler": "Khurram Shahzad",
              "non_striker": "Mohammad Haris",
              "runs": {
                "batter": 1,
                "extras": 0,
                "total": 1
              }
            },
            {
              "batter": "Mohammad Haris",
              "bowler": "Khurram Shahzad",
              "non_striker": "Shoaib Malik",
              "runs": {
                "batter": 4,
                "extras": 0,
                "total": 4
              }
            },
            {
              "batter": "Mohammad Haris",
              "bowler": "Khurram Shahzad",
              "non_striker": "Shoaib Malik",
              "runs": {
                "batter": 4,
                "extras": 0,
                "total": 4
              }
            },
            {
              "batter": "Mohammad Haris",
              "bowler": "Khurram Shahzad",
              "non_striker": "Shoaib Malik",
              "runs": {
                "batter": 0,
                "extras": 0,
                "total": 0
              }
            },
            {
              "batter": "Mohammad Haris",
              "bowler": "Khurram Shahzad",
              "non_striker": "Shoaib Malik",
              "runs": {
                "batter": 4,
                "extras": 0,
                "total": 4
              }
            }
          ]
        },
        {
          "over": 5,
          "deliveries": [
            {
              "batter": "Shoaib Malik",
              "bowler": "Noor Ahmad",
              "non_striker": "Mohammad Haris",
              "runs": {
                "batter": 1,
                "extras": 0,
                "total": 1
              }
            },
            {
              "batter": "Mohammad Haris",
              "bowler": "Noor Ahmad",
              "non_striker": "Shoaib Malik",
              "runs": {
                "batter": 4,
                "extras": 0,
                "total": 4
              }
            },
            {
              "batter": "Mohammad Haris",
              "bowler": "Noor Ahmad",
              "non_striker": "Shoaib Malik",
              "runs": {
                "batter": 1,
                "extras": 0,
                "total": 1
              }
            },
            {
              "batter": "Shoaib Malik",
              "bowler": "Noor Ahmad",
              "non_striker": "Mohammad Haris",
              "runs": {
                "batter": 0,
                "extras": 0,
                "total": 0
              }
            },
            {
              "batter": "Shoaib Malik",
              "bowler": "Noor Ahmad",
              "non_striker": "Mohammad Haris",
              "runs": {
                "batter": 1,
                "extras": 0,
                "total": 1
              }
            },
            {
              "batter": "Mohammad Haris",
              "bowler": "Noor Ahmad",
              "non_striker": "Shoaib Malik",
              "runs": {
                "batter": 2,
                "extras": 0,
                "total": 2
              }
            }
          ]
        },
        {
          "over": 6,
          "deliveries": [
            {
              "batter": "Shoaib Malik",
              "bowler": "Ghulam Mudassar",
              "non_striker": "Mohammad Haris",
              "runs": {
                "batter": 1,
                "extras": 0,
                "total": 1
              }
            },
            {
              "batter": "Mohammad Haris",
              "bowler": "Ghulam Mudassar",
              "non_striker": "Shoaib Malik",
              "runs": {
                "batter": 1,
                "extras": 0,
                "total": 1
              }
            },
            {
              "batter": "Shoaib Malik",
              "bowler": "Ghulam Mudassar",
              "non_striker": "Mohammad Haris",
              "runs": {
                "batter": 1,
                "extras": 0,
                "total": 1
              }
            },
            {
              "batter": "Mohammad Haris",
              "bowler": "Ghulam Mudassar",
              "extras": {
                "wides": 1
              },
              "non_striker": "Shoaib Malik",
              "runs": {
                "batter": 0,
                "extras": 1,
                "total": 1
              }
            },
            {
              "batter": "Mohammad Haris",
              "bowler": "Ghulam Mudassar",
              "extras": {
                "wides": 1
              },
              "non_striker": "Shoaib Malik",
              "runs": {
                "batter": 0,
                "extras": 1,
                "total": 1
              }
            },
            {
              "batter": "Mohammad Haris",
              "bowler": "Ghulam Mudassar",
              "non_striker": "Shoaib Malik",
              "runs": {
                "batter": 0,
                "extras": 0,
                "total": 0
              },
              "wickets": [
                {
                  "player_out": "Mohammad Haris",
                  "kind": "caught and bowled"
                }
              ]
            },
            {
              "batter": "Shoaib Malik",
              "bowler": "Ghulam Mudassar",
              "non_striker": "Hussain Talat",
              "runs": {
                "batter": 0,
                "extras": 0,
                "total": 0
              }
            },
            {
              "batter": "Shoaib Malik",
              "bowler": "Ghulam Mudassar",
              "non_striker": "Hussain Talat",
              "runs": {
                "batter": 0,
                "extras": 0,
                "total": 0
              }
            }
          ]
        },
        {
          "over": 7,
          "deliveries": [
            {
              "batter": "Hussain Talat",
              "bowler": "Khurram Shahzad",
              "non_striker": "Shoaib Malik",
              "runs": {
                "batter": 2,
                "extras": 0,
                "total": 2
              }
            },
            {
              "batter": "Hussain Talat",
              "bowler": "Khurram Shahzad",
              "non_striker": "Shoaib Malik",
              "runs": {
                "batter": 1,
                "extras": 0,
                "total": 1
              }
            },
            {
              "batter": "Shoaib Malik",
              "bowler": "Khurram Shahzad",
              "non_striker": "Hussain Talat",
              "runs": {
                "batter": 1,
                "extras": 0,
                "total": 1
              }
            },
            {
              "batter": "Hussain Talat",
              "bowler": "Khurram Shahzad",
              "non_striker": "Shoaib Malik",
              "runs": {
                "batter": 1,
                "extras": 0,
                "total": 1
              }
            },
            {
              "batter": "Shoaib Malik",
              "bowler": "Khurram Shahzad",
              "non_striker": "Hussain Talat",
              "runs": {
                "batter": 1,
                "extras": 0,
                "total": 1
              }
            },
            {
              "batter": "Hussain Talat",
              "bowler": "Khurram Shahzad",
              "non_striker": "Shoaib Malik",
              "runs": {
                "batter": 1,
                "extras": 0,
                "total": 1
              }
            }
          ]
        },
        {
          "over": 8,
          "deliveries": [
            {
              "batter": "Hussain Talat",
              "bowler": "Ghulam Mudassar",
              "non_striker": "Shoaib Malik",
              "runs": {
                "batter": 1,
                "extras": 0,
                "total": 1
              }
            },
            {
              "batter": "Shoaib Malik",
              "bowler": "Ghulam Mudassar",
              "non_striker": "Hussain Talat",
              "runs": {
                "batter": 2,
                "extras": 0,
                "total": 2
              }
            },
            {
              "batter": "Shoaib Malik",
              "bowler": "Ghulam Mudassar",
              "non_striker": "Hussain Talat",
              "runs": {
                "batter": 4,
                "extras": 0,
                "total": 4
              }
            },
            {
              "batter": "Shoaib Malik",
              "bowler": "Ghulam Mudassar",
              "non_striker": "Hussain Talat",
              "runs": {
                "batter": 0,
                "extras": 0,
                "total": 0
              }
            },
            {
              "batter": "Shoaib Malik",
              "bowler": "Ghulam Mudassar",
              "non_striker": "Hussain Talat",
              "runs": {
                "batter": 1,
                "extras": 0,
                "total": 1
              }
            },
            {
              "batter": "Hussain Talat",
              "bowler": "Ghulam Mudassar",
              "non_striker": "Shoaib Malik",
              "runs": {
                "batter": 1,
                "extras": 0,
                "total": 1
              }
            }
          ]
        },
        {
          "over": 9,
          "deliveries": [
            {
              "batter": "Hussain Talat",
              "bowler": "Noor Ahmad",
              "non_striker": "Shoaib Malik",
              "runs": {
                "batter": 1,
                "extras": 0,
                "total": 1
              }
            },
            {
              "batter": "Shoaib Malik",
              "bowler": "Noor Ahmad",
              "non_striker": "Hussain Talat",
              "runs": {
                "batter": 4,
                "extras": 0,
                "total": 4
              }
            },
            {
              "batter": "Shoaib Malik",
              "bowler": "Noor Ahmad",
              "extras": {
                "wides": 1
              },
              "non_striker": "Hussain Talat",
              "runs": {
                "batter": 0,
                "extras": 1,
                "total": 1
              }
            },
            {
              "batter": "Shoaib Malik",
              "bowler": "Noor Ahmad",
              "non_striker": "Hussain Talat",
              "runs": {
                "batter": 1,
                "extras": 0,
                "total": 1
              }
            },
            {
              "batter": "Hussain Talat",
              "bowler": "Noor Ahmad",
              "non_striker": "Shoaib Malik",
              "runs": {
                "batter": 2,
                "extras": 0,
                "total": 2
              }
            },
            {
              "batter": "Hussain Talat",
              "bowler": "Noor Ahmad",
              "non_striker": "Shoaib Malik",
              "runs": {
                "batter": 4,
                "extras": 0,
                "total": 4
              }
            },
            {
              "batter": "Hussain Talat",
              "bowler": "Noor Ahmad",
              "non_striker": "Shoaib Malik",
              "runs": {
                "batter": 0,
                "extras": 0,
                "total": 0
              }
            }
          ]
        },
        {
          "over": 10,
          "deliveries": [
            {
              "batter": "Shoaib Malik",
              "bowler": "Khurram Shahzad",
              "non_striker": "Hussain Talat",
              "runs": {
                "batter": 1,
                "extras": 0,
                "total": 1
              }
            },
            {
              "batter": "Hussain Talat",
              "bowler": "Khurram Shahzad",
              "non_striker": "Shoaib Malik",
              "runs": {
                "batter": 4,
                "extras": 0,
                "total": 4
              }
            },
            {
              "batter": "Hussain Talat",
              "bowler": "Khurram Shahzad",
              "non_striker": "Shoaib Malik",
              "runs": {
                "batter": 1,
                "extras": 0,
                "total": 1
              }
            },
            {
              "batter": "Shoaib Malik",
              "bowler": "Khurram Shahzad",
              "non_striker": "Hussain Talat",
              "runs": {
                "batter": 1,
                "extras": 0,
                "total": 1
              }
            },
            {
              "batter": "Hussain Talat",
              "bowler": "Khurram Shahzad",
              "non_striker": "Shoaib Malik",
              "runs": {
                "batter": 4,
                "extras": 0,
                "total": 4
              }
            },
            {
              "batter": "Hussain Talat",
              "bowler": "Khurram Shahzad",
              "non_striker": "Shoaib Malik",
              "runs": {
                "batter": 1,
                "extras": 0,
                "total": 1
              }
            }
          ]
        },
        {
          "over": 11,
          "deliveries": [
            {
              "batter": "Hussain Talat",
              "bowler": "Noor Ahmad",
              "non_striker": "Shoaib Malik",
              "runs": {
                "batter": 1,
                "extras": 0,
                "total": 1
              }
            },
            {
              "batter": "Shoaib Malik",
              "bowler": "Noor Ahmad",
              "non_striker": "Hussain Talat",
              "runs": {
                "batter": 2,
                "extras": 0,
                "total": 2
              }
            },
            {
              "batter": "Shoaib Malik",
              "bowler": "Noor Ahmad",
              "non_striker": "Hussain Talat",
              "runs": {
                "batter": 2,
                "extras": 0,
                "total": 2
              }
            },
            {
              "batter": "Shoaib Malik",
              "bowler": "Noor Ahmad",
              "non_striker": "Hussain Talat",
              "runs": {
                "batter": 0,
                "extras": 0,
                "total": 0
              }
            },
            {
              "batter": "Shoaib Malik",
              "bowler": "Noor Ahmad",
              "extras": {
                "wides": 2
              },
              "non_striker": "Hussain Talat",
              "runs": {
                "batter": 0,
                "extras": 2,
                "total": 2
              }
            },
            {
              "batter": "Hussain Talat",
              "bowler": "Noor Ahmad",
              "non_striker": "Shoaib Malik",
              "runs": {
                "batter": 1,
                "extras": 0,
                "total": 1
              }
            },
            {
              "batter": "Shoaib Malik",
              "bowler": "Noor Ahmad",
              "non_striker": "Hussain Talat",
              "runs": {
                "batter": 1,
                "extras": 0,
                "total": 1
              }
            }
          ]
        },
        {
          "over": 12,
          "deliveries": [
            {
              "batter": "Shoaib Malik",
              "bowler": "Ghulam Mudassar",
              "non_striker": "Hussain Talat",
              "runs": {
                "batter": 1,
                "extras": 0,
                "total": 1
              }
            },
            {
              "batter": "Hussain Talat",
              "bowler": "Ghulam Mudassar",
              "non_striker": "Shoaib Malik",
              "runs": {
                "batter": 1,
                "extras": 0,
                "total": 1
              }
            },
            {
              "batter": "Shoaib Malik",
              "bowler": "Ghulam Mudassar",
              "non_striker": "Hussain Talat",
              "runs": {
                "batter": 4,
                "extras": 0,
                "total": 4
              }
            },
            {
              "batter": "Shoaib Malik",
              "bowler": "Ghulam Mudassar",
              "non_striker": "Hussain Talat",
              "runs": {
                "batter": 1,
                "extras": 0,
                "total": 1
              }
            },
            {
              "batter": "Hussain Talat",
              "bowler": "Ghulam Mudassar",
              "non_striker": "Shoaib Malik",
              "runs": {
                "batter": 4,
                "extras": 0,
                "total": 4
              }
            },
            {
              "batter": "Hussain Talat",
              "bowler": "Ghulam Mudassar",
              "non_striker": "Shoaib Malik",
              "runs": {
                "batter": 4,
                "extras": 0,
                "total": 4
              }
            }
          ]
        },
        {
          "over": 13,
          "deliveries": [
            {
              "batter": "Shoaib Malik",
              "bowler": "Noor Ahmad",
              "non_striker": "Hussain Talat",
              "runs": {
                "batter": 1,
                "extras": 0,
                "total": 1
              }
            },
            {
              "batter": "Hussain Talat",
              "bowler": "Noor Ahmad",
              "non_striker": "Shoaib Malik",
              "runs": {
                "batter": 0,
                "extras": 0,
                "total": 0
              }
            },
            {
              "batter": "Hussain Talat",
              "bowler": "Noor Ahmad",
              "extras": {
                "wides": 1
              },
              "non_striker": "Shoaib Malik",
              "runs": {
                "batter": 0,
                "extras": 1,
                "total": 1
              }
            },
            {
              "batter": "Hussain Talat",
              "bowler": "Noor Ahmad",
              "non_striker": "Shoaib Malik",
              "runs": {
                "batter": 0,
                "extras": 0,
                "total": 0
              }
            },
            {
              "batter": "Hussain Talat",
              "bowler": "Noor Ahmad",
              "non_striker": "Shoaib Malik",
              "runs": {
                "batter": 1,
                "extras": 0,
                "total": 1
              }
            },
            {
              "batter": "Shoaib Malik",
              "bowler": "Noor Ahmad",
              "non_striker": "Hussain Talat",
              "runs": {
                "batter": 1,
                "extras": 0,
                "total": 1
              }
            },
            {
              "batter": "Hussain Talat",
              "bowler": "Noor Ahmad",
              "non_striker": "Shoaib Malik",
              "runs": {
                "batter": 0,
                "extras": 0,
                "total": 0
              }
            }
          ]
        },
        {
          "over": 14,
          "deliveries": [
            {
              "batter": "Shoaib Malik",
              "bowler": "Khurram Shahzad",
              "non_striker": "Hussain Talat",
              "runs": {
                "batter": 0,
                "extras": 0,
                "total": 0
              }
            },
            {
              "batter": "Shoaib Malik",
              "bowler": "Khurram Shahzad",
              "non_striker": "Hussain Talat",
              "runs": {
                "batter": 4,
                "extras": 0,
                "total": 4
              }
            },
            {
              "batter": "Shoaib Malik",
              "bowler": "Khurram Shahzad",
              "non_striker": "Hussain Talat",
              "runs": {
                "batter": 0,
                "extras": 0,
                "total": 0
              },
              "wickets": [
                {
                  "player_out": "Shoaib Malik",
                  "fielders": [
                    {
                      "name": "Umar Akmal"
                    }
                  ],
                  "kind": "caught"
                }
              ]
            },
            {
              "batter": "SE Rutherford",
              "bowler": "Khurram Shahzad",
              "non_striker": "Hussain Talat",
              "runs": {
                "batter": 0,
                "extras": 0,
                "total": 0
              }
            },
            {
              "batter": "SE Rutherford",
              "bowler": "Khurram Shahzad",
              "non_striker": "Hussain Talat",
              "runs": {
                "batter": 0,
                "extras": 0,
                "total": 0
              }
            },
            {
              "batter": "SE Rutherford",
              "bowler": "Khurram Shahzad",
              "extras": {
                "legbyes": 1
              },
              "non_striker": "Hussain Talat",
              "runs": {
                "batter": 0,
                "extras": 1,
                "total": 1
              }
            }
          ]
        },
        {
          "over": 15,
          "deliveries": [
            {
              "batter": "SE Rutherford",
              "bowler": "Iftikhar Ahmed",
              "non_striker": "Hussain Talat",
              "runs": {
                "batter": 0,
                "extras": 0,
                "total": 0
              }
            },
            {
              "batter": "SE Rutherford",
              "bowler": "Iftikhar Ahmed",
              "non_striker": "Hussain Talat",
              "runs": {
                "batter": 0,
                "extras": 0,
                "total": 0
              }
            },
            {
              "batter": "SE Rutherford",
              "bowler": "Iftikhar Ahmed",
              "non_striker": "Hussain Talat",
              "runs": {
                "batter": 0,
                "extras": 0,
                "total": 0
              },
              "wickets": [
                {
                  "player_out": "SE Rutherford",
                  "fielders": [
                    {
                      "name": "JJ Roy"
                    }
                  ],
                  "kind": "caught"
                }
              ]
            },
            {
              "batter": "BCJ Cutting",
              "bowler": "Iftikhar Ahmed",
              "non_striker": "Hussain Talat",
              "runs": {
                "batter": 1,
                "extras": 0,
                "total": 1
              }
            },
            {
              "batter": "Hussain Talat",
              "bowler": "Iftikhar Ahmed",
              "non_striker": "BCJ Cutting",
              "runs": {
                "batter": 0,
                "extras": 0,
                "total": 0
              }
            },
            {
              "batter": "Hussain Talat",
              "bowler": "Iftikhar Ahmed",
              "non_striker": "BCJ Cutting",
              "runs": {
                "batter": 1,
                "extras": 0,
                "total": 1
              }
            }
          ]
        },
        {
          "over": 16,
          "deliveries": [
            {
              "batter": "Hussain Talat",
              "bowler": "Sohail Tanvir",
              "non_striker": "BCJ Cutting",
              "runs": {
                "batter": 6,
                "extras": 0,
                "total": 6
              }
            },
            {
              "batter": "Hussain Talat",
              "bowler": "Sohail Tanvir",
              "non_striker": "BCJ Cutting",
              "runs": {
                "batter": 0,
                "extras": 0,
                "total": 0
              }
            },
            {
              "batter": "Hussain Talat",
              "bowler": "Sohail Tanvir",
              "non_striker": "BCJ Cutting",
              "runs": {
                "batter": 1,
                "extras": 0,
                "total": 1
              }
            },
            {
              "batter": "BCJ Cutting",
              "bowler": "Sohail Tanvir",
              "non_striker": "Hussain Talat",
              "runs": {
                "batter": 0,
                "extras": 0,
                "total": 0
              }
            },
            {
              "batter": "BCJ Cutting",
              "bowler": "Sohail Tanvir",
              "non_striker": "Hussain Talat",
              "runs": {
                "batter": 2,
                "extras": 0,
                "total": 2
              }
            },
            {
              "batter": "BCJ Cutting",
              "bowler": "Sohail Tanvir",
              "non_striker": "Hussain Talat",
              "runs": {
                "batter": 4,
                "extras": 0,
                "total": 4
              }
            }
          ]
        },
        {
          "over": 17,
          "deliveries": [
            {
              "batter": "Hussain Talat",
              "bowler": "Naseem Shah",
              "non_striker": "BCJ Cutting",
              "runs": {
                "batter": 1,
                "extras": 0,
                "total": 1
              }
            },
            {
              "batter": "BCJ Cutting",
              "bowler": "Naseem Shah",
              "non_striker": "Hussain Talat",
              "runs": {
                "batter": 0,
                "extras": 0,
                "total": 0
              }
            },
            {
              "batter": "BCJ Cutting",
              "bowler": "Naseem Shah",
              "non_striker": "Hussain Talat",
              "runs": {
                "batter": 1,
                "extras": 0,
                "total": 1
              }
            },
            {
              "batter": "Hussain Talat",
              "bowler": "Naseem Shah",
              "non_striker": "BCJ Cutting",
              "runs": {
                "batter": 4,
                "extras": 0,
                "total": 4
              }
            },
            {
              "batter": "Hussain Talat",
              "bowler": "Naseem Shah",
              "non_striker": "BCJ Cutting",
              "runs": {
                "batter": 1,
                "extras": 0,
                "total": 1
              }
            },
            {
              "batter": "BCJ Cutting",
              "bowler": "Naseem Shah",
              "non_striker": "Hussain Talat",
              "runs": {
                "batter": 1,
                "extras": 0,
                "total": 1
              }
            }
          ]
        },
        {
          "over": 18,
          "deliveries": [
            {
              "batter": "BCJ Cutting",
              "bowler": "Sohail Tanvir",
              "non_striker": "Hussain Talat",
              "runs": {
                "batter": 6,
                "extras": 0,
                "total": 6
              }
            },
            {
              "batter": "BCJ Cutting",
              "bowler": "Sohail Tanvir",
              "non_striker": "Hussain Talat",
              "runs": {
                "batter": 6,
                "extras": 0,
                "total": 6
              }
            },
            {
              "batter": "BCJ Cutting",
              "bowler": "Sohail Tanvir",
              "non_striker": "Hussain Talat",
              "runs": {
                "batter": 6,
                "extras": 0,
                "total": 6
              }
            },
            {
              "batter": "BCJ Cutting",
              "bowler": "Sohail Tanvir",
              "non_striker": "Hussain Talat",
              "runs": {
                "batter": 2,
                "extras": 0,
                "total": 2
              }
            },
            {
              "batter": "BCJ Cutting",
              "bowler": "Sohail Tanvir",
              "non_striker": "Hussain Talat",
              "runs": {
                "batter": 6,
                "extras": 0,
                "total": 6
              }
            },
            {
              "batter": "BCJ Cutting",
              "bowler": "Sohail Tanvir",
              "non_striker": "Hussain Talat",
              "runs": {
                "batter": 1,
                "extras": 0,
                "total": 1
              }
            }
          ]
        },
        {
          "over": 19,
          "deliveries": [
            {
              "batter": "BCJ Cutting",
              "bowler": "Naseem Shah",
              "non_striker": "Hussain Talat",
              "runs": {
                "batter": 0,
                "extras": 0,
                "total": 0
              },
              "wickets": [
                {
                  "player_out": "BCJ Cutting",
                  "fielders": [
                    {
                      "name": "Sohail Tanvir"
                    }
                  ],
                  "kind": "caught"
                }
              ]
            },
            {
              "batter": "Hussain Talat",
              "bowler": "Naseem Shah",
              "non_striker": "Wahab Riaz",
              "runs": {
                "batter": 1,
                "extras": 0,
                "total": 1
              }
            },
            {
              "batter": "Wahab Riaz",
              "bowler": "Naseem Shah",
              "non_striker": "Hussain Talat",
              "runs": {
                "batter": 1,
                "extras": 0,
                "total": 1
              }
            },
            {
              "batter": "Hussain Talat",
              "bowler": "Naseem Shah",
              "non_striker": "Wahab Riaz",
              "runs": {
                "batter": 0,
                "extras": 0,
                "total": 0
              },
              "wickets": [
                {
                  "player_out": "Hussain Talat",
                  "fielders": [
                    {
                      "name": "Khurram Shahzad"
                    }
                  ],
                  "kind": "caught"
                }
              ]
            },
            {
              "batter": "Wahab Riaz",
              "bowler": "Naseem Shah",
              "non_striker": "Usman Qadir",
              "runs": {
                "batter": 0,
                "extras": 0,
                "total": 0
              }
            },
            {
              "batter": "Wahab Riaz",
              "bowler": "Naseem Shah",
              "extras": {
                "legbyes": 1
              },
              "non_striker": "Usman Qadir",
              "runs": {
                "batter": 0,
                "extras": 1,
                "total": 1
              }
            }
          ]
        }
      ],
      "powerplays": [
        {
          "from": 0.1,
          "to": 5.6,
          "type": "mandatory"
        }
      ]
    },
    {
      "team": "Quetta Gladiators",
      "overs": [
        {
          "over": 0,
          "deliveries": [
            {
              "batter": "JJ Roy",
              "bowler": "LS Livingstone",
              "non_striker": "WCF Smeed",
              "runs": {
                "batter": 0,
                "extras": 0,
                "total": 0
              }
            },
            {
              "batter": "JJ Roy",
              "bowler": "LS Livingstone",
              "non_striker": "WCF Smeed",
              "runs": {
                "batter": 0,
                "extras": 0,
                "total": 0
              }
            },
            {
              "batter": "JJ Roy",
              "bowler": "LS Livingstone",
              "non_striker": "WCF Smeed",
              "runs": {
                "batter": 1,
                "extras": 0,
                "total": 1
              }
            },
            {
              "batter": "WCF Smeed",
              "bowler": "LS Livingstone",
              "non_striker": "JJ Roy",
              "runs": {
                "batter": 1,
                "extras": 0,
                "total": 1
              }
            },
            {
              "batter": "JJ Roy",
              "bowler": "LS Livingstone",
              "non_striker": "WCF Smeed",
              "runs": {
                "batter": 0,
                "extras": 0,
                "total": 0
              }
            },
            {
              "batter": "JJ Roy",
              "bowler": "LS Livingstone",
              "non_striker": "WCF Smeed",
              "runs": {
                "batter": 4,
                "extras": 0,
                "total": 4
              }
            }
          ]
        },
        {
          "over": 1,
          "deliveries": [
            {
              "batter": "WCF Smeed",
              "bowler": "Mohammad Umar",
              "non_striker": "JJ Roy",
              "runs": {
                "batter": 4,
                "extras": 0,
                "total": 4
              }
            },
            {
              "batter": "WCF Smeed",
              "bowler": "Mohammad Umar",
              "non_striker": "JJ Roy",
              "runs": {
                "batter": 4,
                "extras": 0,
                "total": 4
              }
            },
            {
              "batter": "WCF Smeed",
              "bowler": "Mohammad Umar",
              "non_striker": "JJ Roy",
              "runs": {
                "batter": 1,
                "extras": 0,
                "total": 1
              }
            },
            {
              "batter": "JJ Roy",
              "bowler": "Mohammad Umar",
              "non_striker": "WCF Smeed",
              "runs": {
                "batter": 2,
                "extras": 0,
                "total": 2
              }
            },
            {
              "batter": "JJ Roy",
              "bowler": "Mohammad Umar",
              "non_striker": "WCF Smeed",
              "runs": {
                "batter": 4,
                "extras": 0,
                "total": 4
              }
            },
            {
              "batter": "JJ Roy",
              "bowler": "Mohammad Umar",
              "non_striker": "WCF Smeed",
              "runs": {
                "batter": 2,
                "extras": 0,
                "total": 2
              }
            }
          ]
        },
        {
          "over": 2,
          "deliveries": [
            {
              "batter": "WCF Smeed",
              "bowler": "LS Livingstone",
              "non_striker": "JJ Roy",
              "runs": {
                "batter": 0,
                "extras": 0,
                "total": 0
              }
            },
            {
              "batter": "WCF Smeed",
              "bowler": "LS Livingstone",
              "non_striker": "JJ Roy",
              "runs": {
                "batter": 1,
                "extras": 0,
                "total": 1
              }
            },
            {
              "batter": "JJ Roy",
              "bowler": "LS Livingstone",
              "non_striker": "WCF Smeed",
              "runs": {
                "batter": 0,
                "extras": 0,
                "total": 0
              },
              "wickets": [
                {
                  "player_out": "JJ Roy",
                  "fielders": [
                    {
                      "name": "Wahab Riaz"
                    }
                  ],
                  "kind": "caught"
                }
              ]
            },
            {
              "batter": "JM Vince",
              "bowler": "LS Livingstone",
              "non_striker": "WCF Smeed",
              "runs": {
                "batter": 0,
                "extras": 0,
                "total": 0
              }
            },
            {
              "batter": "JM Vince",
              "bowler": "LS Livingstone",
              "non_striker": "WCF Smeed",
              "runs": {
                "batter": 0,
                "extras": 0,
                "total": 0
              }
            },
            {
              "batter": "JM Vince",
              "bowler": "LS Livingstone",
              "non_striker": "WCF Smeed",
              "runs": {
                "batter": 0,
                "extras": 0,
                "total": 0
              }
            }
          ]
        },
        {
          "over": 3,
          "deliveries": [
            {
              "batter": "WCF Smeed",
              "bowler": "Usman Qadir",
              "non_striker": "JM Vince",
              "runs": {
                "batter": 4,
                "extras": 0,
                "total": 4
              }
            },
            {
              "batter": "WCF Smeed",
              "bowler": "Usman Qadir",
              "non_striker": "JM Vince",
              "runs": {
                "batter": 1,
                "extras": 0,
                "total": 1
              }
            },
            {
              "batter": "JM Vince",
              "bowler": "Usman Qadir",
              "non_striker": "WCF Smeed",
              "runs": {
                "batter": 0,
                "extras": 0,
                "total": 0
              },
              "wickets": [
                {
                  "player_out": "JM Vince",
                  "kind": "bowled"
                }
              ]
            },
            {
              "batter": "Sarfraz Ahmed",
              "bowler": "Usman Qadir",
              "extras": {
                "legbyes": 1
              },
              "non_striker": "WCF Smeed",
              "runs": {
                "batter": 0,
                "extras": 1,
                "total": 1
              }
            },
            {
              "batter": "WCF Smeed",
              "bowler": "Usman Qadir",
              "non_striker": "Sarfraz Ahmed",
              "runs": {
                "batter": 0,
                "extras": 0,
                "total": 0
              }
            },
            {
              "batter": "WCF Smeed",
              "bowler": "Usman Qadir",
              "non_striker": "Sarfraz Ahmed",
              "runs": {
                "batter": 4,
                "extras": 0,
                "total": 4
              }
            }
          ]
        },
        {
          "over": 4,
          "deliveries": [
            {
              "batter": "Sarfraz Ahmed",
              "bowler": "Wahab Riaz",
              "non_striker": "WCF Smeed",
              "runs": {
                "batter": 0,
                "extras": 0,
                "total": 0
              }
            },
            {
              "batter": "Sarfraz Ahmed",
              "bowler": "Wahab Riaz",
              "non_striker": "WCF Smeed",
              "runs": {
                "batter": 1,
                "extras": 0,
                "total": 1
              }
            },
            {
              "batter": "WCF Smeed",
              "bowler": "Wahab Riaz",
              "non_striker": "Sarfraz Ahmed",
              "runs": {
                "batter": 0,
                "extras": 0,
                "total": 0
              }
            },
            {
              "batter": "WCF Smeed",
              "bowler": "Wahab Riaz",
              "non_striker": "Sarfraz Ahmed",
              "runs": {
                "batter": 4,
                "extras": 0,
                "total": 4
              }
            },
            {
              "batter": "WCF Smeed",
              "bowler": "Wahab Riaz",
              "non_striker": "Sarfraz Ahmed",
              "runs": {
                "batter": 1,
                "extras": 0,
                "total": 1
              }
            },
            {
              "batter": "Sarfraz Ahmed",
              "bowler": "Wahab Riaz",
              "non_striker": "WCF Smeed",
              "runs": {
                "batter": 1,
                "extras": 0,
                "total": 1
              }
            }
          ]
        },
        {
          "over": 5,
          "deliveries": [
            {
              "batter": "Sarfraz Ahmed",
              "bowler": "Salman Irshad",
              "non_striker": "WCF Smeed",
              "runs": {
                "batter": 4,
                "extras": 0,
                "total": 4
              }
            },
            {
              "batter": "Sarfraz Ahmed",
              "bowler": "Salman Irshad",
              "non_striker": "WCF Smeed",
              "runs": {
                "batter": 1,
                "extras": 0,
                "total": 1
              }
            },
            {
              "batter": "WCF Smeed",
              "bowler": "Salman Irshad",
              "non_striker": "Sarfraz Ahmed",
              "runs": {
                "batter": 1,
                "extras": 0,
                "total": 1
              }
            },
            {
              "batter": "Sarfraz Ahmed",
              "bowler": "Salman Irshad",
              "non_striker": "WCF Smeed",
              "runs": {
                "batter": 2,
                "extras": 0,
                "total": 2
              }
            },
            {
              "batter": "Sarfraz Ahmed",
              "bowler": "Salman Irshad",
              "non_striker": "WCF Smeed",
              "runs": {
                "batter": 0,
                "extras": 0,
                "total": 0
              }
            },
            {
              "batter": "Sarfraz Ahmed",
              "bowler": "Salman Irshad",
              "non_striker": "WCF Smeed",
              "runs": {
                "batter": 1,
                "extras": 0,
                "total": 1
              }
            }
          ]
        },
        {
          "over": 6,
          "deliveries": [
            {
              "batter": "Sarfraz Ahmed",
              "bowler": "Usman Qadir",
              "non_striker": "WCF Smeed",
              "runs": {
                "batter": 1,
                "extras": 0,
                "total": 1
              }
            },
            {
              "batter": "WCF Smeed",
              "bowler": "Usman Qadir",
              "non_striker": "Sarfraz Ahmed",
              "runs": {
                "batter": 1,
                "extras": 0,
                "total": 1
              }
            },
            {
              "batter": "Sarfraz Ahmed",
              "bowler": "Usman Qadir",
              "non_striker": "WCF Smeed",
              "runs": {
                "batter": 1,
                "extras": 0,
                "total": 1
              }
            },
            {
              "batter": "WCF Smeed",
              "bowler": "Usman Qadir",
              "non_striker": "Sarfraz Ahmed",
              "runs": {
                "batter": 0,
                "extras": 0,
                "total": 0
              }
            },
            {
              "batter": "WCF Smeed",
              "bowler": "Usman Qadir",
              "non_striker": "Sarfraz Ahmed",
              "runs": {
                "batter": 1,
                "extras": 0,
                "total": 1
              }
            },
            {
              "batter": "Sarfraz Ahmed",
              "bowler": "Usman Qadir",
              "non_striker": "WCF Smeed",
              "runs": {
                "batter": 4,
                "extras": 0,
                "total": 4
              }
            }
          ]
        },
        {
          "over": 7,
          "deliveries": [
            {
              "batter": "WCF Smeed",
              "bowler": "LS Livingstone",
              "non_striker": "Sarfraz Ahmed",
              "runs": {
                "batter": 1,
                "extras": 0,
                "total": 1
              }
            },
            {
              "batter": "Sarfraz Ahmed",
              "bowler": "LS Livingstone",
              "non_striker": "WCF Smeed",
              "runs": {
                "batter": 4,
                "extras": 0,
                "total": 4
              }
            },
            {
              "batter": "Sarfraz Ahmed",
              "bowler": "LS Livingstone",
              "non_striker": "WCF Smeed",
              "runs": {
                "batter": 0,
                "extras": 0,
                "total": 0
              }
            },
            {
              "batter": "Sarfraz Ahmed",
              "bowler": "LS Livingstone",
              "non_striker": "WCF Smeed",
              "runs": {
                "batter": 1,
                "extras": 0,
                "total": 1
              }
            },
            {
              "batter": "WCF Smeed",
              "bowler": "LS Livingstone",
              "non_striker": "Sarfraz Ahmed",
              "runs": {
                "batter": 1,
                "extras": 0,
                "total": 1
              }
            },
            {
              "batter": "Sarfraz Ahmed",
              "bowler": "LS Livingstone",
              "non_striker": "WCF Smeed",
              "runs": {
                "batter": 0,
                "extras": 0,
                "total": 0
              }
            }
          ]
        },
        {
          "over": 8,
          "deliveries": [
            {
              "batter": "WCF Smeed",
              "bowler": "Hussain Talat",
              "non_striker": "Sarfraz Ahmed",
              "runs": {
                "batter": 2,
                "extras": 0,
                "total": 2
              }
            },
            {
              "batter": "WCF Smeed",
              "bowler": "Hussain Talat",
              "non_striker": "Sarfraz Ahmed",
              "runs": {
                "batter": 0,
                "extras": 0,
                "total": 0
              }
            },
            {
              "batter": "WCF Smeed",
              "bowler": "Hussain Talat",
              "non_striker": "Sarfraz Ahmed",
              "runs": {
                "batter": 0,
                "extras": 0,
                "total": 0
              }
            },
            {
              "batter": "WCF Smeed",
              "bowler": "Hussain Talat",
              "non_striker": "Sarfraz Ahmed",
              "runs": {
                "batter": 1,
                "extras": 0,
                "total": 1
              }
            },
            {
              "batter": "Sarfraz Ahmed",
              "bowler": "Hussain Talat",
              "non_striker": "WCF Smeed",
              "runs": {
                "batter": 1,
                "extras": 0,
                "total": 1
              }
            },
            {
              "batter": "WCF Smeed",
              "bowler": "Hussain Talat",
              "non_striker": "Sarfraz Ahmed",
              "runs": {
                "batter": 1,
                "extras": 0,
                "total": 1
              }
            }
          ]
        },
        {
          "over": 9,
          "deliveries": [
            {
              "batter": "WCF Smeed",
              "bowler": "Mohammad Umar",
              "non_striker": "Sarfraz Ahmed",
              "runs": {
                "batter": 1,
                "extras": 0,
                "total": 1
              }
            },
            {
              "batter": "Sarfraz Ahmed",
              "bowler": "Mohammad Umar",
              "non_striker": "WCF Smeed",
              "runs": {
                "batter": 1,
                "extras": 0,
                "total": 1
              }
            },
            {
              "batter": "WCF Smeed",
              "bowler": "Mohammad Umar",
              "non_striker": "Sarfraz Ahmed",
              "runs": {
                "batter": 4,
                "extras": 0,
                "total": 4
              }
            },
            {
              "batter": "WCF Smeed",
              "bowler": "Mohammad Umar",
              "non_striker": "Sarfraz Ahmed",
              "runs": {
                "batter": 1,
                "extras": 0,
                "total": 1
              }
            },
            {
              "batter": "Sarfraz Ahmed",
              "bowler": "Mohammad Umar",
              "non_striker": "WCF Smeed",
              "runs": {
                "batter": 1,
                "extras": 0,
                "total": 1
              }
            },
            {
              "batter": "WCF Smeed",
              "bowler": "Mohammad Umar",
              "non_striker": "Sarfraz Ahmed",
              "runs": {
                "batter": 1,
                "extras": 0,
                "total": 1
              }
            }
          ]
        },
        {
          "over": 10,
          "deliveries": [
            {
              "batter": "WCF Smeed",
              "bowler": "Hussain Talat",
              "non_striker": "Sarfraz Ahmed",
              "runs": {
                "batter": 1,
                "extras": 0,
                "total": 1
              }
            },
            {
              "batter": "Sarfraz Ahmed",
              "bowler": "Hussain Talat",
              "non_striker": "WCF Smeed",
              "runs": {
                "batter": 1,
                "extras": 0,
                "total": 1
              }
            },
            {
              "batter": "WCF Smeed",
              "bowler": "Hussain Talat",
              "non_striker": "Sarfraz Ahmed",
              "runs": {
                "batter": 1,
                "extras": 0,
                "total": 1
              }
            },
            {
              "batter": "Sarfraz Ahmed",
              "bowler": "Hussain Talat",
              "non_striker": "WCF Smeed",
              "runs": {
                "batter": 0,
                "extras": 0,
                "total": 0
              },
              "wickets": [
                {
                  "player_out": "Sarfraz Ahmed",
                  "fielders": [
                    {
                      "name": "LS Livingstone"
                    }
                  ],
                  "kind": "caught"
                }
              ]
            },
            {
              "batter": "Iftikhar Ahmed",
              "bowler": "Hussain Talat",
              "non_striker": "WCF Smeed",
              "runs": {
                "batter": 0,
                "extras": 0,
                "total": 0
              }
            },
            {
              "batter": "Iftikhar Ahmed",
              "bowler": "Hussain Talat",
              "non_striker": "WCF Smeed",
              "runs": {
                "batter": 0,
                "extras": 0,
                "total": 0
              }
            }
          ]
        },
        {
          "over": 11,
          "deliveries": [
            {
              "batter": "WCF Smeed",
              "bowler": "Usman Qadir",
              "non_striker": "Iftikhar Ahmed",
              "runs": {
                "batter": 0,
                "extras": 0,
                "total": 0
              }
            },
            {
              "batter": "WCF Smeed",
              "bowler": "Usman Qadir",
              "non_striker": "Iftikhar Ahmed",
              "runs": {
                "batter": 0,
                "extras": 0,
                "total": 0
              }
            },
            {
              "batter": "WCF Smeed",
              "bowler": "Usman Qadir",
              "non_striker": "Iftikhar Ahmed",
              "runs": {
                "batter": 1,
                "extras": 0,
                "total": 1
              }
            },
            {
              "batter": "Iftikhar Ahmed",
              "bowler": "Usman Qadir",
              "non_striker": "WCF Smeed",
              "runs": {
                "batter": 2,
                "extras": 0,
                "total": 2
              }
            },
            {
              "batter": "Iftikhar Ahmed",
              "bowler": "Usman Qadir",
              "non_striker": "WCF Smeed",
              "runs": {
                "batter": 2,
                "extras": 0,
                "total": 2
              }
            },
            {
              "batter": "Iftikhar Ahmed",
              "bowler": "Usman Qadir",
              "non_striker": "WCF Smeed",
              "runs": {
                "batter": 0,
                "extras": 0,
                "total": 0
              }
            }
          ]
        },
        {
          "over": 12,
          "deliveries": [
            {
              "batter": "WCF Smeed",
              "bowler": "LS Livingstone",
              "non_striker": "Iftikhar Ahmed",
              "runs": {
                "batter": 1,
                "extras": 0,
                "total": 1
              }
            },
            {
              "batter": "Iftikhar Ahmed",
              "bowler": "LS Livingstone",
              "non_striker": "WCF Smeed",
              "runs": {
                "batter": 1,
                "extras": 0,
                "total": 1
              }
            },
            {
              "batter": "WCF Smeed",
              "bowler": "LS Livingstone",
              "non_striker": "Iftikhar Ahmed",
              "review": {
                "by": "Peshawar Zalmi",
                "umpire": "MA Gough",
                "batter": "WCF Smeed",
                "decision": "struck down",
                "umpires_call": true
              },
              "runs": {
                "batter": 0,
                "extras": 0,
                "total": 0
              }
            },
            {
              "batter": "WCF Smeed",
              "bowler": "LS Livingstone",
              "non_striker": "Iftikhar Ahmed",
              "runs": {
                "batter": 1,
                "extras": 0,
                "total": 1
              }
            },
            {
              "batter": "Iftikhar Ahmed",
              "bowler": "LS Livingstone",
              "non_striker": "WCF Smeed",
              "runs": {
                "batter": 1,
                "extras": 0,
                "total": 1
              }
            },
            {
              "batter": "WCF Smeed",
              "bowler": "LS Livingstone",
              "non_striker": "Iftikhar Ahmed",
              "runs": {
                "batter": 6,
                "extras": 0,
                "total": 6
              }
            }
          ]
        },
        {
          "over": 13,
          "deliveries": [
            {
              "batter": "Iftikhar Ahmed",
              "bowler": "Salman Irshad",
              "non_striker": "WCF Smeed",
              "runs": {
                "batter": 2,
                "extras": 0,
                "total": 2
              }
            },
            {
              "batter": "Iftikhar Ahmed",
              "bowler": "Salman Irshad",
              "non_striker": "WCF Smeed",
              "runs": {
                "batter": 1,
                "extras": 0,
                "total": 1
              }
            },
            {
              "batter": "WCF Smeed",
              "bowler": "Salman Irshad",
              "non_striker": "Iftikhar Ahmed",
              "runs": {
                "batter": 4,
                "extras": 0,
                "total": 4
              }
            },
            {
              "batter": "WCF Smeed",
              "bowler": "Salman Irshad",
              "non_striker": "Iftikhar Ahmed",
              "runs": {
                "batter": 2,
                "extras": 0,
                "total": 2
              }
            },
            {
              "batter": "WCF Smeed",
              "bowler": "Salman Irshad",
              "non_striker": "Iftikhar Ahmed",
              "runs": {
                "batter": 0,
                "extras": 0,
                "total": 0
              }
            },
            {
              "batter": "WCF Smeed",
              "bowler": "Salman Irshad",
              "non_striker": "Iftikhar Ahmed",
              "runs": {
                "batter": 1,
                "extras": 0,
                "total": 1
              }
            }
          ]
        },
        {
          "over": 14,
          "deliveries": [
            {
              "batter": "WCF Smeed",
              "bowler": "Wahab Riaz",
              "non_striker": "Iftikhar Ahmed",
              "runs": {
                "batter": 2,
                "extras": 0,
                "total": 2
              }
            },
            {
              "batter": "WCF Smeed",
              "bowler": "Wahab Riaz",
              "non_striker": "Iftikhar Ahmed",
              "runs": {
                "batter": 1,
                "extras": 0,
                "total": 1
              }
            },
            {
              "batter": "Iftikhar Ahmed",
              "bowler": "Wahab Riaz",
              "non_striker": "WCF Smeed",
              "runs": {
                "batter": 1,
                "extras": 0,
                "total": 1
              }
            },
            {
              "batter": "WCF Smeed",
              "bowler": "Wahab Riaz",
              "non_striker": "Iftikhar Ahmed",
              "runs": {
                "batter": 6,
                "extras": 0,
                "total": 6
              }
            },
            {
              "batter": "WCF Smeed",
              "bowler": "Wahab Riaz",
              "non_striker": "Iftikhar Ahmed",
              "runs": {
                "batter": 0,
                "extras": 0,
                "total": 0
              }
            },
            {
              "batter": "WCF Smeed",
              "bowler": "Wahab Riaz",
              "non_striker": "Iftikhar Ahmed",
              "runs": {
                "batter": 6,
                "extras": 0,
                "total": 6
              }
            }
          ]
        },
        {
          "over": 15,
          "deliveries": [
            {
              "batter": "Iftikhar Ahmed",
              "bowler": "Usman Qadir",
              "extras": {
                "wides": 1
              },
              "non_striker": "WCF Smeed",
              "runs": {
                "batter": 0,
                "extras": 1,
                "total": 1
              }
            },
            {
              "batter": "Iftikhar Ahmed",
              "bowler": "Usman Qadir",
              "non_striker": "WCF Smeed",
              "runs": {
                "batter": 0,
                "extras": 0,
                "total": 0
              },
              "wickets": [
                {
                  "player_out": "Iftikhar Ahmed",
                  "fielders": [
                    {
                      "name": "Mohammad Haris"
                    }
                  ],
                  "kind": "caught"
                }
              ]
            },
            {
              "batter": "Umar Akmal",
              "bowler": "Usman Qadir",
              "non_striker": "WCF Smeed",
              "runs": {
                "batter": 0,
                "extras": 0,
                "total": 0
              }
            },
            {
              "batter": "Umar Akmal",
              "bowler": "Usman Qadir",
              "non_striker": "WCF Smeed",
              "runs": {
                "batter": 1,
                "extras": 0,
                "total": 1
              }
            },
            {
              "batter": "WCF Smeed",
              "bowler": "Usman Qadir",
              "non_striker": "Umar Akmal",
              "runs": {
                "batter": 0,
                "extras": 0,
                "total": 0
              }
            },
            {
              "batter": "WCF Smeed",
              "bowler": "Usman Qadir",
              "non_striker": "Umar Akmal",
              "runs": {
                "batter": 1,
                "extras": 0,
                "total": 1
              }
            },
            {
              "batter": "Umar Akmal",
              "bowler": "Usman Qadir",
              "non_striker": "WCF Smeed",
              "runs": {
                "batter": 0,
                "extras": 0,
                "total": 0
              },
              "wickets": [
                {
                  "player_out": "Umar Akmal",
                  "fielders": [
                    {
                      "name": "Mohammad Haris"
                    }
                  ],
                  "kind": "stumped"
                }
              ]
            }
          ]
        },
        {
          "over": 16,
          "deliveries": [
            {
              "batter": "WCF Smeed",
              "bowler": "Wahab Riaz",
              "extras": {
                "wides": 1
              },
              "non_striker": "Sohail Tanvir",
              "runs": {
                "batter": 0,
                "extras": 1,
                "total": 1
              }
            },
            {
              "batter": "WCF Smeed",
              "bowler": "Wahab Riaz",
              "non_striker": "Sohail Tanvir",
              "runs": {
                "batter": 4,
                "extras": 0,
                "total": 4
              }
            },
            {
              "batter": "WCF Smeed",
              "bowler": "Wahab Riaz",
              "non_striker": "Sohail Tanvir",
              "runs": {
                "batter": 0,
                "extras": 0,
                "total": 0
              }
            },
            {
              "batter": "WCF Smeed",
              "bowler": "Wahab Riaz",
              "non_striker": "Sohail Tanvir",
              "runs": {
                "batter": 4,
                "extras": 0,
                "total": 4
              }
            },
            {
              "batter": "WCF Smeed",
              "bowler": "Wahab Riaz",
              "non_striker": "Sohail Tanvir",
              "runs": {
                "batter": 0,
                "extras": 0,
                "total": 0
              }
            },
            {
              "batter": "WCF Smeed",
              "bowler": "Wahab Riaz",
              "non_striker": "Sohail Tanvir",
              "runs": {
                "batter": 4,
                "extras": 0,
                "total": 4
              }
            },
            {
              "batter": "WCF Smeed",
              "bowler": "Wahab Riaz",
              "non_striker": "Sohail Tanvir",
              "runs": {
                "batter": 1,
                "extras": 0,
                "total": 1
              }
            }
          ]
        },
        {
          "over": 17,
          "deliveries": [
            {
              "batter": "WCF Smeed",
              "bowler": "Salman Irshad",
              "extras": {
                "wides": 1
              },
              "non_striker": "Sohail Tanvir",
              "runs": {
                "batter": 0,
                "extras": 1,
                "total": 1
              }
            },
            {
              "batter": "WCF Smeed",
              "bowler": "Salman Irshad",
              "non_striker": "Sohail Tanvir",
              "runs": {
                "batter": 1,
                "extras": 0,
                "total": 1
              }
            },
            {
              "batter": "Sohail Tanvir",
              "bowler": "Salman Irshad",
              "extras": {
                "legbyes": 1
              },
              "non_striker": "WCF Smeed",
              "runs": {
                "batter": 0,
                "extras": 1,
                "total": 1
              }
            },
            {
              "batter": "WCF Smeed",
              "bowler": "Salman Irshad",
              "non_striker": "Sohail Tanvir",
              "runs": {
                "batter": 4,
                "extras": 0,
                "total": 4
              }
            },
            {
              "batter": "WCF Smeed",
              "bowler": "Salman Irshad",
              "extras": {
                "noballs": 1
              },
              "non_striker": "Sohail Tanvir",
              "runs": {
                "batter": 4,
                "extras": 1,
                "total": 5
              }
            },
            {
              "batter": "WCF Smeed",
              "bowler": "Salman Irshad",
              "non_striker": "Sohail Tanvir",
              "runs": {
                "batter": 0,
                "extras": 0,
                "total": 0
              }
            },
            {
              "batter": "WCF Smeed",
              "bowler": "Salman Irshad",
              "non_striker": "Sohail Tanvir",
              "runs": {
                "batter": 2,
                "extras": 0,
                "total": 2
              }
            },
            {
              "batter": "WCF Smeed",
              "bowler": "Salman Irshad",
              "non_striker": "Sohail Tanvir",
              "runs": {
                "batter": 0,
                "extras": 0,
                "total": 0
              },
              "wickets": [
                {
                  "player_out": "WCF Smeed",
                  "kind": "bowled"
                }
              ]
            }
          ]
        },
        {
          "over": 18,
          "deliveries": [
            {
              "batter": "Sohail Tanvir",
              "bowler": "Wahab Riaz",
              "non_striker": "Noor Ahmad",
              "runs": {
                "batter": 1,
                "extras": 0,
                "total": 1
              }
            },
            {
              "batter": "Noor Ahmad",
              "bowler": "Wahab Riaz",
              "non_striker": "Sohail Tanvir",
              "runs": {
                "batter": 0,
                "extras": 0,
                "total": 0
              }
            },
            {
              "batter": "Noor Ahmad",
              "bowler": "Wahab Riaz",
              "non_striker": "Sohail Tanvir",
              "runs": {
                "batter": 0,
                "extras": 0,
                "total": 0
              },
              "wickets": [
                {
                  "player_out": "Noor Ahmad",
                  "fielders": [
                    {
                      "name": "Mohammad Haris"
                    }
                  ],
                  "kind": "caught"
                }
              ]
            },
            {
              "batter": "Sohail Tanvir",
              "bowler": "Wahab Riaz",
              "non_striker": "Khurram Shahzad",
              "runs": {
                "batter": 1,
                "extras": 0,
                "total": 1
              }
            },
            {
              "batter": "Khurram Shahzad",
              "bowler": "Wahab Riaz",
              "non_striker": "Sohail Tanvir",
              "runs": {
                "batter": 0,
                "extras": 0,
                "total": 0
              }
            },
            {
              "batter": "Khurram Shahzad",
              "bowler": "Wahab Riaz",
              "non_striker": "Sohail Tanvir",
              "runs": {
                "batter": 0,
                "extras": 0,
                "total": 0
              }
            }
          ]
        },
        {
          "over": 19,
          "deliveries": [
            {
              "batter": "Sohail Tanvir",
              "bowler": "Salman Irshad",
              "non_striker": "Khurram Shahzad",
              "runs": {
                "batter": 0,
                "extras": 0,
                "total": 0
              },
              "wickets": [
                {
                  "player_out": "Sohail Tanvir",
                  "fielders": [
                    {
                      "name": "Hazratullah"
                    }
                  ],
                  "kind": "caught"
                }
              ]
            },
            {
              "batter": "Naseem Shah",
              "bowler": "Salman Irshad",
              "non_striker": "Khurram Shahzad",
              "runs": {
                "batter": 4,
                "extras": 0,
                "total": 4
              }
            },
            {
              "batter": "Naseem Shah",
              "bowler": "Salman Irshad",
              "non_striker": "Khurram Shahzad",
              "runs": {
                "batter": 0,
                "extras": 0,
                "total": 0
              }
            },
            {
              "batter": "Naseem Shah",
              "bowler": "Salman Irshad",
              "non_striker": "Khurram Shahzad",
              "runs": {
                "batter": 0,
                "extras": 0,
                "total": 0
              }
            },
            {
              "batter": "Naseem Shah",
              "bowler": "Salman Irshad",
              "non_striker": "Khurram Shahzad",
              "runs": {
                "batter": 0,
                "extras": 0,
                "total": 0
              }
            },
            {
              "batter": "Naseem Shah",
              "bowler": "Salman Irshad",
              "non_striker": "Khurram Shahzad",
              "runs": {
                "batter": 1,
                "extras": 0,
                "total": 1
              }
            }
          ]
        }
      ],
      "powerplays": [
        {
          "from": 0.1,
          "to": 5.6,
          "type": "mandatory"
        }
      ],
      "target": {
        "overs": 20,
        "runs": 186
      }
    }
  ]
}