{
  "meta": {
    "data_version": "1.1.0",
    "created": "2025-05-22",
    "revision": 1
  },
  "info": {
    "balls_per_over": 6,
    "city": "Lahore",
    "dates": [
      "2025-05-22"
    ],
    "event": {
      "name": "Pakistan Super League",
      "stage": "Eliminator"
    },
    "gender": "male",
    "match_type": "T20",
    "officials": {
      "match_referees": [
        "Ali Naqvi"
      ],
      "reserve_umpires": [
        "Nasir Hussain"
      ],
      "tv_umpires": [
        "Asif Yaqoob"
      ],
      "umpires": [
        "Faisal Afridi",
        "Rashid Riaz"
      ]
    },
    "outcome": {
      "winner": "Lahore Qalandars",
      "by": {
        "wickets": 6
      }
    },
    "overs": 20,
    "player_of_match": [
      "Abdullah Shafique"
    ],
    "players": {
      "Karachi Kings": [
        "DA Warner",
        "TL Seifert",
        "JM Vince",
        "Saad Baig",
        "Irfan Khan",
        "Khushdil Shah",
        "Mohammad Nabi",
        "Abbas Afridi",
        "Hasan Ali",
        "Mir Hamza",
        "Fawad Ali"
      ],
      "Lahore Qalandars": [
        "Fakhar Zaman",
        "Muhammad Naeem",
        "Abdullah Shafique",
        "MDKJ Perera",
        "PBB Rajapaksa",
        "Asif Ali",
        "Shakib Al Hasan",
        "Shaheen Shah Afridi",
        "Haris Rauf",
        "Zaman Khan",
        "Salman Mirza"
      ]
    },
    "registry": {
      "people": {
        "Aamer Jamal": "a8e54ef4",
        "Abbas Afridi": "2cec2a92",
        "Abdullah Shafique": "fc2fffb5",
        "Ali Naqvi": "3c89fc88",
        "Asif Ali": "0a4736eb",
        "Asif Yaqoob": "6b35790c",
        "DA Warner": "dcce6f09",
        "Faisal Afridi": "ed0bc503",
        "Fakhar Zaman": "1777c020",
        "Fawad Ali": "b3034790",
        "Haris Rauf": "24bb1c2f",
        "Hasan Ali": "2911de16",
        "Irfan Khan": "ee95065d",
        "JM Vince": "a15618fe",
        "Khushdil Shah": "fce581b5",
        "MDKJ Perera": "f21043a5",
        "Mir Hamza": "cb1a782a",
        "Mohammad Nabi": "62af8546",
        "Muhammad Naeem": "e35b7b91",
        "Nasir Hussain": "5b2fe85b",
        "PBB Rajapaksa": "6c882e9a",
        "Rashid Riaz": "fb82725e",
        "Saad Baig": "eb75d76c",
        "Salman Mirza": "7ab1eab7",
        "Shaheen Shah Afridi": "45a7e761",
        "Shakib Al Hasan": "7dc35884",
        "TL Seifert": "4663bd23",
        "Zaman Khan": "28392e11"
      }
    },
    "season": "2025",
    "team_type": "club",
    "teams": [
      "Karachi Kings",
      "Lahore Qalandars"
    ],
    "toss": {
      "decision": "bat",
      "winner": "Karachi Kings"
    },
    "venue": "Gaddafi Stadium, Lahore"
  },
  "innings": [
    {
      "team": "Karachi Kings",
      "overs": [
        {
          "over": 0,
          "deliveries": [
            {
              "batter": "DA Warner",
              "bowler": "Shaheen Shah Afridi",
              "non_striker": "TL Seifert",
              "runs": {
                "batter": 0,
                "extras": 0,
                "total": 0
              }
            },
            {
              "batter": "DA Warner",
              "bowler": "Shaheen Shah Afridi",
              "non_striker": "TL Seifert",
              "runs": {
                "batter": 0,
                "extras": 0,
                "total": 0
              }
            },
            {
              "batter": "DA Warner",
              "bowler": "Shaheen Shah Afridi",
              "non_striker": "TL Seifert",
              "runs": {
                "batter": 0,
                "extras": 0,
                "total": 0
              }
            },
            {
              "batter": "DA Warner",
              "bowler": "Shaheen Shah Afridi",
              "non_striker": "TL Seifert",
              "runs": {
                "batter": 1,
                "extras": 0,
                "total": 1
              }
            },
            {
              "batter": "TL Seifert",
              "bowler": "Shaheen Shah Afridi",
              "extras": {
                "wides": 5
              },
              "non_striker": "DA Warner",
              "runs": {
                "batter": 0,
                "extras": 5,
                "total": 5
              }
            },
            {
              "batter": "TL Seifert",
              "bowler": "Shaheen Shah Afridi",
              "non_striker": "DA Warner",
              "runs": {
                "batter": 4,
                "extras": 0,
                "total": 4
              }
            },
            {
              "batter": "TL Seifert",
              "bowler": "Shaheen Shah Afridi",
              "non_striker": "DA Warner",
              "runs": {
                "batter": 4,
                "extras": 0,
                "total": 4
              }
            }
          ]
        },
        {
          "over": 1,
          "deliveries": [
            {
              "batter": "DA Warner",
              "bowler": "Salman Mirza",
              "non_striker": "TL Seifert",
              "runs": {
                "batter": 0,
                "extras": 0,
                "total": 0
              }
            },
            {
              "batter": "DA Warner",
              "bowler": "Salman Mirza",
              "non_striker": "TL Seifert",
              "runs": {
                "batter": 1,
                "extras": 0,
                "total": 1
              }
            },
            {
              "batter": "TL Seifert",
              "bowler": "Salman Mirza",
              "non_striker": "DA Warner",
              "runs": {
                "batter": 1,
                "extras": 0,
                "total": 1
              }
            },
            {
              "batter": "DA Warner",
              "bowler": "Salman Mirza",
              "non_striker": "TL Seifert",
              "runs": {
                "batter": 1,
                "extras": 0,
                "total": 1
              }
            },
            {
              "batter": "TL Seifert",
              "bowler": "Salman Mirza",
              "non_striker": "DA Warner",
              "runs": {
                "batter": 4,
                "extras": 0,
                "total": 4
              }
            },
            {
              "batter": "TL Seifert",
              "bowler": "Salman Mirza",
              "non_striker": "DA Warner",
              "runs": {
                "batter": 2,
                "extras": 0,
                "total": 2
              }
            }
          ]
        },
        {
          "over": 2,
          "deliveries": [
            {
              "batter": "DA Warner",
              "bowler": "Zaman Khan",
              "non_striker": "TL Seifert",
              "runs": {
                "batter": 0,
                "extras": 0,
                "total": 0
              }
            },
            {
              "batter": "DA Warner",
              "bowler": "Zaman Khan",
              "non_striker": "TL Seifert",
              "runs": {
                "batter": 4,
                "extras": 0,
                "total": 4
              }
            },
            {
              "batter": "DA Warner",
              "bowler": "Zaman Khan",
              "non_striker": "TL Seifert",
              "runs": {
                "batter": 1,
                "extras": 0,
                "total": 1
              }
            },
            {
              "batter": "TL Seifert",
              "bowler": "Zaman Khan",
              "non_striker": "DA Warner",
              "runs": {
                "batter": 1,
                "extras": 0,
                "total": 1
              }
            },
            {
              "batter": "DA Warner",
              "bowler": "Zaman Khan",
              "non_striker": "TL Seifert",
              "runs": {
                "batter": 1,
                "extras": 0,
                "total": 1
              }
            },
            {
              "batter": "TL Seifert",
              "bowler": "Zaman Khan",
              "non_striker": "DA Warner",
              "runs": {
                "batter": 0,
                "extras": 0,
                "total": 0
              }
            }
          ]
        },
        {
          "over": 3,
          "deliveries": [
            {
              "batter": "DA Warner",
              "bowler": "Shaheen Shah Afridi",
              "non_striker": "TL Seifert",
              "runs": {
                "batter": 4,
                "extras": 0,
                "total": 4
              }
            },
            {
              "batter": "DA Warner",
              "bowler": "Shaheen Shah Afridi",
              "non_striker": "TL Seifert",
              "runs": {
                "batter": 0,
                "extras": 0,
                "total": 0
              }
            },
            {
              "batter": "DA Warner",
              "bowler": "Shaheen Shah Afridi",
              "non_striker": "TL Seifert",
              "runs": {
                "batter": 6,
                "extras": 0,
                "total": 6
              }
            },
            {
              "batter": "DA Warner",
              "bowler": "Shaheen Shah Afridi",
              "non_striker": "TL Seifert",
              "runs": {
                "batter": 2,
                "extras": 0,
                "total": 2
              }
            },
            {
              "batter": "DA Warner",
              "bowler": "Shaheen Shah Afridi",
              "non_striker": "TL Seifert",
              "runs": {
                "batter": 1,
                "extras": 0,
                "total": 1
              }
            },
            {
              "batter": "TL Seifert",
              "bowler": "Shaheen Shah Afridi",
              "non_striker": "DA Warner",
              "runs": {
                "batter": 0,
                "extras": 0,
                "total": 0
              },
              "wickets": [
                {
                  "player_out": "TL Seifert",
                  "fielders": [
                    {
                      "name": "Asif Ali"
                    }
                  ],
                  "kind": "caught"
                }
              ]
            }
          ]
        },
        {
          "over": 4,
          "deliveries": [
            {
              "batter": "DA Warner",
              "bowler": "Salman Mirza",
              "non_striker": "JM Vince",
              "runs": {
                "batter": 0,
                "extras": 0,
                "total": 0
              }
            },
            {
              "batter": "DA Warner",
              "bowler": "Salman Mirza",
              "extras": {
                "legbyes": 1
              },
              "non_striker": "JM Vince",
              "runs": {
                "batter": 0,
                "extras": 1,
                "total": 1
              }
            },
            {
              "batter": "JM Vince",
              "bowler": "Salman Mirza",
              "non_striker": "DA Warner",
              "runs": {
                "batter": 1,
                "extras": 0,
                "total": 1
              }
            },
            {
              "batter": "DA Warner",
              "bowler": "Salman Mirza",
              "non_striker": "JM Vince",
              "runs": {
                "batter": 4,
                "extras": 0,
                "total": 4
              }
            },
            {
              "batter": "DA Warner",
              "bowler": "Salman Mirza",
              "non_striker": "JM Vince",
              "runs": {
                "batter": 1,
                "extras": 0,
                "total": 1
              }
            },
            {
              "batter": "JM Vince",
              "bowler": "Salman Mirza",
              "non_striker": "DA Warner",
              "runs": {
                "batter": 0,
                "extras": 0,
                "total": 0
              }
            }
          ]
        },
        {
          "over": 5,
          "deliveries": [
            {
              "batter": "DA Warner",
              "bowler": "Zaman Khan",
              "non_striker": "JM Vince",
              "runs": {
                "batter": 4,
                "extras": 0,
                "total": 4
              }
            },
            {
              "batter": "DA Warner",
              "bowler": "Zaman Khan",
              "non_striker": "JM Vince",
              "runs": {
                "batter": 6,
                "extras": 0,
                "total": 6
              }
            },
            {
              "batter": "DA Warner",
              "bowler": "Zaman Khan",
              "non_striker": "JM Vince",
              "runs": {
                "batter": 1,
                "extras": 0,
                "total": 1
              }
            },
            {
              "batter": "JM Vince",
              "bowler": "Zaman Khan",
              "non_striker": "DA Warner",
              "runs": {
                "batter": 0,
                "extras": 0,
                "total": 0
              }
            },
            {
              "batter": "JM Vince",
              "bowler": "Zaman Khan",
              "non_striker": "DA Warner",
              "runs": {
                "batter": 0,
                "extras": 0,
                "total": 0
              }
            },
            {
              "batter": "JM Vince",
              "bowler": "Zaman Khan",
              "extras": {
                "noballs": 1
              },
              "non_striker": "DA Warner",
              "runs": {
                "batter": 1,
                "extras": 1,
                "total": 2
              }
            },
            {
              "batter": "DA Warner",
              "bowler": "Zaman Khan",
              "extras": {
                "wides": 1
              },
              "non_striker": "JM Vince",
              "runs": {
                "batter": 0,
                "extras": 1,
                "total": 1
              }
            },
            {
              "batter": "DA Warner",
              "bowler": "Zaman Khan",
              "non_striker": "JM Vince",
              "runs": {
                "batter": 6,
                "extras": 0,
                "total": 6
              }
            }
          ]
        },
        {
          "over": 6,
          "deliveries": [
            {
              "batter": "JM Vince",
              "bowler": "Shakib Al Hasan",
              "non_striker": "DA Warner",
              "runs": {
                "batter": 0,
                "extras": 0,
                "total": 0
              }
            },
            {
              "batter": "JM Vince",
              "bowler": "Shakib Al Hasan",
              "non_striker": "DA Warner",
              "runs": {
                "batter": 1,
                "extras": 0,
                "total": 1
              }
            },
            {
              "batter": "DA Warner",
              "bowler": "Shakib Al Hasan",
              "non_striker": "JM Vince",
              "runs": {
                "batter": 1,
                "extras": 0,
                "total": 1
              }
            },
            {
              "batter": "JM Vince",
              "bowler": "Shakib Al Hasan",
              "non_striker": "DA Warner",
              "runs": {
                "batter": 1,
                "extras": 0,
                "total": 1
              }
            },
            {
              "batter": "DA Warner",
              "bowler": "Shakib Al Hasan",
              "non_striker": "JM Vince",
              "runs": {
                "batter": 1,
                "extras": 0,
                "total": 1
              }
            },
            {
              "batter": "JM Vince",
              "bowler": "Shakib Al Hasan",
              "non_striker": "DA Warner",
              "runs": {
                "batter": 0,
                "extras": 0,
                "total": 0
              },
              "wickets": [
                {
                  "player_out": "JM Vince",
                  "fielders": [
                    {
                      "name": "Muhammad Naeem"
                    }
                  ],
                  "kind": "caught"
                }
              ]
            }
          ]
        },
        {
          "over": 7,
          "deliveries": [
            {
              "batter": "DA Warner",
              "bowler": "Muhammad Naeem",
              "non_striker": "Saad Baig",
              "runs": {
                "batter": 1,
                "extras": 0,
                "total": 1
              }
            },
            {
              "batter": "Saad Baig",
              "bowler": "Muhammad Naeem",
              "non_striker": "DA Warner",
              "runs": {
                "batter": 1,
                "extras": 0,
                "total": 1
              }
            },
            {
              "batter": "DA Warner",
              "bowler": "Muhammad Naeem",
              "non_striker": "Saad Baig",
              "runs": {
                "batter": 1,
                "extras": 0,
                "total": 1
              }
            },
            {
              "batter": "Saad Baig",
              "bowler": "Muhammad Naeem",
              "non_striker": "DA Warner",
              "runs": {
                "batter": 1,
                "extras": 0,
                "total": 1
              }
            },
            {
              "batter": "DA Warner",
              "bowler": "Muhammad Naeem",
              "non_striker": "Saad Baig",
              "runs": {
                "batter": 0,
                "extras": 0,
                "total": 0
              }
            },
            {
              "batter": "DA Warner",
              "bowler": "Muhammad Naeem",
              "non_striker": "Saad Baig",
              "runs": {
                "batter": 1,
                "extras": 0,
                "total": 1
              }
            }
          ]
        },
        {
          "over": 8,
          "deliveries": [
            {
              "batter": "DA Warner",
              "bowler": "Haris Rauf",
              "non_striker": "Saad Baig",
              "runs": {
                "batter": 0,
                "extras": 0,
                "total": 0
              }
            },
            {
              "batter": "DA Warner",
              "bowler": "Haris Rauf",
              "non_striker": "Saad Baig",
              "runs": {
                "batter": 0,
                "extras": 0,
                "total": 0
              }
            },
            {
              "batter": "DA Warner",
              "bowler": "Haris Rauf",
              "non_striker": "Saad Baig",
              "runs": {
                "batter": 4,
                "extras": 0,
                "total": 4
              }
            },
            {
              "batter": "DA Warner",
              "bowler": "Haris Rauf",
              "non_striker": "Saad Baig",
              "runs": {
                "batter": 0,
                "extras": 0,
                "total": 0
              }
            },
            {
              "batter": "DA Warner",
              "bowler": "Haris Rauf",
              "non_striker": "Saad Baig",
              "runs": {
                "batter": 4,
                "extras": 0,
                "total": 4
              }
            },
            {
              "batter": "DA Warner",
              "bowler": "Haris Rauf",
              "non_striker": "Saad Baig",
              "runs": {
                "batter": 0,
                "extras": 0,
                "total": 0
              }
            }
          ]
        },
        {
          "over": 9,
          "deliveries": [
            {
              "batter": "Saad Baig",
              "bowler": "Muhammad Naeem",
              "non_striker": "DA Warner",
              "runs": {
                "batter": 1,
                "extras": 0,
                "total": 1
              }
            },
            {
              "batter": "DA Warner",
              "bowler": "Muhammad Naeem",
              "non_striker": "Saad Baig",
              "runs": {
                "batter": 1,
                "extras": 0,
                "total": 1
              }
            },
            {
              "batter": "Saad Baig",
              "bowler": "Muhammad Naeem",
              "non_striker": "DA Warner",
              "runs": {
                "batter": 0,
                "extras": 0,
                "total": 0
              }
            },
            {
              "batter": "Saad Baig",
              "bowler": "Muhammad Naeem",
              "non_striker": "DA Warner",
              "runs": {
                "batter": 0,
                "extras": 0,
                "total": 0
              }
            },
            {
              "batter": "Saad Baig",
              "bowler": "Muhammad Naeem",
              "non_striker": "DA Warner",
              "runs": {
                "batter": 2,
                "extras": 0,
                "total": 2
              }
            },
            {
              "batter": "Saad Baig",
              "bowler": "Muhammad Naeem",
              "extras": {
                "wides": 1
              },
              "non_striker": "DA Warner",
              "runs": {
                "batter": 0,
                "extras": 1,
                "total": 1
              }
            },
            {
              "batter": "Saad Baig",
              "bowler": "Muhammad Naeem",
              "non_striker": "DA Warner",
              "runs": {
                "batter": 1,
                "extras": 0,
                "total": 1
              }
            }
          ]
        },
        {
          "over": 10,
          "deliveries": [
            {
              "batter": "Saad Baig",
              "bowler": "Haris Rauf",
              "non_striker": "DA Warner",
              "runs": {
                "batter": 1,
                "extras": 0,
                "total": 1
              }
            },
            {
              "batter": "DA Warner",
              "bowler": "Haris Rauf",
              "non_striker": "Saad Baig",
              "runs": {
                "batter": 1,
                "extras": 0,
                "total": 1
              }
            },
            {
              "batter": "Saad Baig",
              "bowler": "Haris Rauf",
              "non_striker": "DA Warner",
              "runs": {
                "batter": 0,
                "extras": 0,
                "total": 0
              }
            },
            {
              "batter": "Saad Baig",
              "bowler": "Haris Rauf",
              "non_striker": "DA Warner",
              "runs": {
                "batter": 4,
                "extras": 0,
                "total": 4
              }
            },
            {
              "batter": "Saad Baig",
              "bowler": "Haris Rauf",
              "non_striker": "DA Warner",
              "runs": {
                "batter": 0,
                "extras": 0,
                "total": 0
              },
              "wickets": [
                {
                  "player_out": "Saad Baig",
                  "fielders": [
                    {
                      "name": "MDKJ Perera"
                    }
                  ],
                  "kind": "caught"
                }
              ]
            },
            {
              "batter": "Irfan Khan",
              "bowler": "Haris Rauf",
              "non_striker": "DA Warner",
              "runs": {
                "batter": 1,
                "extras": 0,
                "total": 1
              }
            }
          ]
        },
        {
          "over": 11,
          "deliveries": [
            {
              "batter": "Irfan Khan",
              "bowler": "Salman Mirza",
              "non_striker": "DA Warner",
              "runs": {
                "batter": 2,
                "extras": 0,
                "total": 2
              }
            },
            {
              "batter": "Irfan Khan",
              "bowler": "Salman Mirza",
              "non_striker": "DA Warner",
              "runs": {
                "batter": 2,
                "extras": 0,
                "total": 2
              }
            },
            {
              "batter": "Irfan Khan",
              "bowler": "Salman Mirza",
              "non_striker": "DA Warner",
              "runs": {
                "batter": 1,
                "extras": 0,
                "total": 1
              }
            },
            {
              "batter": "DA Warner",
              "bowler": "Salman Mirza",
              "non_striker": "Irfan Khan",
              "runs": {
                "batter": 1,
                "extras": 0,
                "total": 1
              }
            },
            {
              "batter": "Irfan Khan",
              "bowler": "Salman Mirza",
              "non_striker": "DA Warner",
              "runs": {
                "batter": 1,
                "extras": 0,
                "total": 1
              }
            },
            {
              "batter": "DA Warner",
              "bowler": "Salman Mirza",
              "extras": {
                "wides": 1
              },
              "non_striker": "Irfan Khan",
              "runs": {
                "batter": 0,
                "extras": 1,
                "total": 1
              }
            },
            {
              "batter": "DA Warner",
              "bowler": "Salman Mirza",
              "non_striker": "Irfan Khan",
              "runs": {
                "batter": 1,
                "extras": 0,
                "total": 1
              }
            }
          ]
        },
        {
          "over": 12,
          "deliveries": [
            {
              "batter": "DA Warner",
              "bowler": "Haris Rauf",
              "extras": {
                "legbyes": 1
              },
              "non_striker": "Irfan Khan",
              "runs": {
                "batter": 0,
                "extras": 1,
                "total": 1
              }
            },
            {
              "batter": "Irfan Khan",
              "bowler": "Haris Rauf",
              "non_striker": "DA Warner",
              "runs": {
                "batter": 1,
                "extras": 0,
                "total": 1
              }
            },
            {
              "batter": "DA Warner",
              "bowler": "Haris Rauf",
              "non_striker": "Irfan Khan",
              "runs": {
                "batter": 0,
                "extras": 0,
                "total": 0
              }
            },
            {
              "batter": "DA Warner",
              "bowler": "Haris Rauf",
              "non_striker": "Irfan Khan",
              "runs": {
                "batter": 1,
                "extras": 0,
                "total": 1
              }
            },
            {
              "batter": "Irfan Khan",
              "bowler": "Haris Rauf",
              "non_striker": "DA Warner",
              "runs": {
                "batter": 1,
                "extras": 0,
                "total": 1
              }
            },
            {
              "batter": "DA Warner",
              "bowler": "Haris Rauf",
              "extras": {
                "wides": 1
              },
              "non_striker": "Irfan Khan",
              "runs": {
                "batter": 0,
                "extras": 1,
                "total": 1
              }
            },
            {
              "batter": "DA Warner",
              "bowler": "Haris Rauf",
              "extras": {
                "wides": 1
              },
              "non_striker": "Irfan Khan",
              "runs": {
                "batter": 0,
                "extras": 1,
                "total": 1
              }
            },
            {
              "batter": "DA Warner",
              "bowler": "Haris Rauf",
              "non_striker": "Irfan Khan",
              "runs": {
                "batter": 1,
                "extras": 0,
                "total": 1
              }
            }
          ]
        },
        {
          "over": 13,
          "deliveries": [
            {
              "batter": "DA Warner",
              "bowler": "Shaheen Shah Afridi",
              "non_striker": "Irfan Khan",
              "runs": {
                "batter": 1,
                "extras": 0,
                "total": 1
              }
            },
            {
              "batter": "Irfan Khan",
              "bowler": "Shaheen Shah Afridi",
              "non_striker": "DA Warner",
              "runs": {
                "batter": 1,
                "extras": 0,
                "total": 1
              }
            },
            {
              "batter": "DA Warner",
              "bowler": "Shaheen Shah Afridi",
              "non_striker": "Irfan Khan",
              "runs": {
                "batter": 1,
                "extras": 0,
                "total": 1
              }
            },
            {
              "batter": "Irfan Khan",
              "bowler": "Shaheen Shah Afridi",
              "non_striker": "DA Warner",
              "runs": {
                "batter": 1,
                "extras": 0,
                "total": 1
              }
            },
            {
              "batter": "DA Warner",
              "bowler": "Shaheen Shah Afridi",
              "non_striker": "Irfan Khan",
              "runs": {
                "batter": 4,
                "extras": 0,
                "total": 4
              }
            },
            {
              "batter": "DA Warner",
              "bowler": "Shaheen Shah Afridi",
              "non_striker": "Irfan Khan",
              "runs": {
                "batter": 4,
                "extras": 0,
                "total": 4
              }
            }
          ]
        },
        {
          "over": 14,
          "deliveries": [
            {
              "batter": "Irfan Khan",
              "bowler": "Zaman Khan",
              "non_striker": "DA Warner",
              "runs": {
                "batter": 1,
                "extras": 0,
                "total": 1
              }
            },
            {
              "batter": "DA Warner",
              "bowler": "Zaman Khan",
              "extras": {
                "noballs": 1
              },
              "non_striker": "Irfan Khan",
              "runs": {
                "batter": 1,
                "extras": 1,
                "total": 2
              }
            },
            {
              "batter": "Irfan Khan",
              "bowler": "Zaman Khan",
              "non_striker": "DA Warner",
              "runs": {
                "batter": 6,
                "extras": 0,
                "total": 6
              }
            },
            {
              "batter": "Irfan Khan",
              "bowler": "Zaman Khan",
              "non_striker": "DA Warner",
              "runs": {
                "batter": 0,
                "extras": 0,
                "total": 0
              },
              "wickets": [
                {
                  "player_out": "Irfan Khan",
                  "fielders": [
                    {
                      "name": "PBB Rajapaksa"
                    }
                  ],
                  "kind": "caught"
                }
              ]
            },
            {
              "batter": "Khushdil Shah",
              "bowler": "Zaman Khan",
              "extras": {
                "wides": 1
              },
              "non_striker": "DA Warner",
              "runs": {
                "batter": 0,
                "extras": 1,
                "total": 1
              }
            },
            {
              "batter": "Khushdil Shah",
              "bowler": "Zaman Khan",
              "non_striker": "DA Warner",
              "runs": {
                "batter": 1,
                "extras": 0,
                "total": 1
              }
            },
            {
              "batter": "DA Warner",
              "bowler": "Zaman Khan",
              "non_striker": "Khushdil Shah",
              "runs": {
                "batter": 0,
                "extras": 0,
                "total": 0
              }
            },
            {
              "batter": "DA Warner",
              "bowler": "Zaman Khan",
              "non_striker": "Khushdil Shah",
              "runs": {
                "batter": 1,
                "extras": 0,
                "total": 1
              }
            }
          ]
        },
        {
          "over": 15,
          "deliveries": [
            {
              "batter": "DA Warner",
              "bowler": "Muhammad Naeem",
              "non_striker": "Khushdil Shah",
              "runs": {
                "batter": 0,
                "extras": 0,
                "total": 0
              },
              "wickets": [
                {
                  "player_out": "DA Warner",
                  "fielders": [
                    {
                      "name": "Zaman Khan"
                    }
                  ],
                  "kind": "caught"
                }
              ]
            },
            {
              "batter": "Mohammad Nabi",
              "bowler": "Muhammad Naeem",
              "non_striker": "Khushdil Shah",
              "runs": {
                "batter": 0,
                "extras": 0,
                "total": 0
              }
            },
            {
              "batter": "Mohammad Nabi",
              "bowler": "Muhammad Naeem",
              "non_striker": "Khushdil Shah",
              "runs": {
                "batter": 0,
                "extras": 0,
                "total": 0
              }
            },
            {
              "batter": "Mohammad Nabi",
              "bowler": "Muhammad Naeem",
              "non_striker": "Khushdil Shah",
              "runs": {
                "batter": 0,
                "extras": 0,
                "total": 0
              }
            },
            {
              "batter": "Mohammad Nabi",
              "bowler": "Muhammad Naeem",
              "non_striker": "Khushdil Shah",
              "runs": {
                "batter": 3,
                "extras": 0,
                "total": 3
              }
            },
            {
              "batter": "Khushdil Shah",
              "bowler": "Muhammad Naeem",
              "non_striker": "Mohammad Nabi",
              "runs": {
                "batter": 1,
                "extras": 0,
                "total": 1
              }
            }
          ]
        },
        {
          "over": 16,
          "deliveries": [
            {
              "batter": "Khushdil Shah",
              "bowler": "Salman Mirza",
              "non_striker": "Mohammad Nabi",
              "runs": {
                "batter": 4,
                "extras": 0,
                "total": 4
              }
            },
            {
              "batter": "Khushdil Shah",
              "bowler": "Salman Mirza",
              "non_striker": "Mohammad Nabi",
              "runs": {
                "batter": 1,
                "extras": 0,
                "total": 1
              }
            },
            {
              "batter": "Mohammad Nabi",
              "bowler": "Salman Mirza",
              "non_striker": "Khushdil Shah",
              "runs": {
                "batter": 0,
                "extras": 0,
                "total": 0
              }
            },
            {
              "batter": "Mohammad Nabi",
              "bowler": "Salman Mirza",
              "non_striker": "Khushdil Shah",
              "runs": {
                "batter": 2,
                "extras": 0,
                "total": 2
              }
            },
            {
              "batter": "Mohammad Nabi",
              "bowler": "Salman Mirza",
              "non_striker": "Khushdil Shah",
              "runs": {
                "batter": 4,
                "extras": 0,
                "total": 4
              }
            },
            {
              "batter": "Mohammad Nabi",
              "bowler": "Salman Mirza",
              "extras": {
                "noballs": 1
              },
              "non_striker": "Khushdil Shah",
              "runs": {
                "batter": 1,
                "extras": 1,
                "total": 2
              }
            },
            {
              "batter": "Khushdil Shah",
              "bowler": "Salman Mirza",
              "non_striker": "Mohammad Nabi",
              "runs": {
                "batter": 0,
                "extras": 0,
                "total": 0
              }
            }
          ]
        },
        {
          "over": 17,
          "deliveries": [
            {
              "batter": "Mohammad Nabi",
              "bowler": "Haris Rauf",
              "non_striker": "Khushdil Shah",
              "runs": {
                "batter": 6,
                "extras": 0,
                "total": 6
              }
            },
            {
              "batter": "Mohammad Nabi",
              "bowler": "Haris Rauf",
              "non_striker": "Khushdil Shah",
              "runs": {
                "batter": 0,
                "extras": 0,
                "total": 0
              },
              "wickets": [
                {
                  "player_out": "Mohammad Nabi",
                  "kind": "bowled"
                }
              ]
            },
            {
              "batter": "Abbas Afridi",
              "bowler": "Haris Rauf",
              "non_striker": "Khushdil Shah",
              "runs": {
                "batter": 2,
                "extras": 0,
                "total": 2
              }
            },
            {
              "batter": "Abbas Afridi",
              "bowler": "Haris Rauf",
              "non_striker": "Khushdil Shah",
              "runs": {
                "batter": 0,
                "extras": 0,
                "total": 0
              },
              "wickets": [
                {
                  "player_out": "Abbas Afridi",
                  "fielders": [
                    {
                      "name": "PBB Rajapaksa"
                    }
                  ],
                  "kind": "caught"
                }
              ]
            },
            {
              "batter": "Hasan Ali",
              "bowler": "Haris Rauf",
              "extras": {
                "legbyes": 1
              },
              "non_striker": "Khushdil Shah",
              "runs": {
                "batter": 0,
                "extras": 1,
                "total": 1
              }
            },
            {
              "batter": "Khushdil Shah",
              "bowler": "Haris Rauf",
              "non_striker": "Hasan Ali",
              "runs": {
                "batter": 6,
                "extras": 0,
                "total": 6
              }
            }
          ]
        },
        {
          "over": 18,
          "deliveries": [
            {
              "batter": "Hasan Ali",
              "bowler": "Shaheen Shah Afridi",
              "extras": {
                "wides": 1
              },
              "non_striker": "Khushdil Shah",
              "runs": {
                "batter": 0,
                "extras": 1,
                "total": 1
              }
            },
            {
              "batter": "Hasan Ali",
              "bowler": "Shaheen Shah Afridi",
              "non_striker": "Khushdil Shah",
              "runs": {
                "batter": 0,
                "extras": 0,
                "total": 0
              },
              "wickets": [
                {
                  "player_out": "Hasan Ali",
                  "kind": "bowled"
                }
              ]
            },
            {
              "batter": "Mir Hamza",
              "bowler": "Shaheen Shah Afridi",
              "non_striker": "Khushdil Shah",
              "runs": {
                "batter": 0,
                "extras": 0,
                "total": 0
              }
            },
            {
              "batter": "Mir Hamza",
              "bowler": "Shaheen Shah Afridi",
              "non_striker": "Khushdil Shah",
              "runs": {
                "batter": 0,
                "extras": 0,
                "total": 0
              }
            },
            {
              "batter": "Mir Hamza",
              "bowler": "Shaheen Shah Afridi",
              "non_striker": "Khushdil Shah",
              "runs": {
                "batter": 1,
                "extras": 0,
                "total": 1
              }
            },
            {
              "batter": "Khushdil Shah",
              "bowler": "Shaheen Shah Afridi",
              "non_striker": "Mir Hamza",
              "runs": {
                "batter": 6,
                "extras": 0,
                "total": 6
              }
            },
            {
              "batter": "Khushdil Shah",
              "bowler": "Shaheen Shah Afridi",
              "non_striker": "Mir Hamza",
              "runs": {
                "batter": 0,
                "extras": 0,
                "total": 0
              }
            }
          ]
        },
        {
          "over": 19,
          "deliveries": [
            {
              "batter": "Mir Hamza",
              "bowler": "Zaman Khan",
              "non_striker": "Khushdil Shah",
              "runs": {
                "batter": 1,
                "extras": 0,
                "total": 1
              }
            },
            {
              "batter": "Khushdil Shah",
              "bowler": "Zaman Khan",
              "non_striker": "Mir Hamza",
              "runs": {
                "batter": 4,
                "extras": 0,
                "total": 4
              }
            },
            {
              "batter": "Khushdil Shah",
              "bowler": "Zaman Khan",
              "non_striker": "Mir Hamza",
              "runs": {
                "batter": 0,
                "extras": 0,
                "total": 0
              }
            },
            {
              "batter": "Khushdil Shah",
              "bowler": "Zaman Khan",
              "non_striker": "Mir Hamza",
              "runs": {
                "batter": 0,
                "extras": 0,
                "total": 0
              }
            },
            {
              "batter": "Khushdil Shah",
              "bowler": "Zaman Khan",
              "non_striker": "Mir Hamza",
              "runs": {
                "batter": 0,
                "extras": 0,
                "total": 0
              }
            },
            {
              "batter": "Khushdil Shah",
              "bowler": "Zaman Khan",
              "extras": {
                "noballs": 1
              },
              "non_striker": "Mir Hamza",
              "runs": {
                "batter": 0,
                "extras": 1,
                "total": 1
              }
            },
            {
              "batter": "Khushdil Shah",
              "bowler": "Zaman Khan",
              "non_striker": "Mir Hamza",
              "runs": {
                "batter": 4,
                "extras": 0,
                "total": 4
              }
            }
          ]
        }
      ],
      "powerplays": [
        {
          "from": 0.1,
          "to": 5.8,
          "type": "mandatory"
        }
      ]
    },
    {
      "team": "Lahore Qalandars",
      "overs": [
        {
          "over": 0,
          "deliveries": [
            {
              "batter": "Fakhar Zaman",
              "bowler": "Mir Hamza",
              "non_striker": "Muhammad Naeem",
              "runs": {
                "batter": 0,
                "extras": 0,
                "total": 0
              }
            },
            {
              "batter": "Fakhar Zaman",
              "bowler": "Mir Hamza",
              "non_striker": "Muhammad Naeem",
              "runs": {
                "batter": 0,
                "extras": 0,
                "total": 0
              }
            },
            {
              "batter": "Fakhar Zaman",
              "bowler": "Mir Hamza",
              "non_striker": "Muhammad Naeem",
              "runs": {
                "batter": 6,
                "extras": 0,
                "total": 6
              }
            },
            {
              "batter": "Fakhar Zaman",
              "bowler": "Mir Hamza",
              "non_striker": "Muhammad Naeem",
              "runs": {
                "batter": 4,
                "extras": 0,
                "total": 4
              }
            },
            {
              "batter": "Fakhar Zaman",
              "bowler": "Mir Hamza",
              "non_striker": "Muhammad Naeem",
              "runs": {
                "batter": 0,
                "extras": 0,
                "total": 0
              }
            },
            {
              "batter": "Fakhar Zaman",
              "bowler": "Mir Hamza",
              "non_striker": "Muhammad Naeem",
              "runs": {
                "batter": 0,
                "extras": 0,
                "total": 0
              }
            }
          ]
        },
        {
          "over": 1,
          "deliveries": [
            {
              "batter": "Muhammad Naeem",
              "bowler": "Hasan Ali",
              "non_striker": "Fakhar Zaman",
              "runs": {
                "batter": 0,
                "extras": 0,
                "total": 0
              }
            },
            {
              "batter": "Muhammad Naeem",
              "bowler": "Hasan Ali",
              "non_striker": "Fakhar Zaman",
              "runs": {
                "batter": 1,
                "extras": 0,
                "total": 1
              }
            },
            {
              "batter": "Fakhar Zaman",
              "bowler": "Hasan Ali",
              "non_striker": "Muhammad Naeem",
              "runs": {
                "batter": 0,
                "extras": 0,
                "total": 0
              }
            },
            {
              "batter": "Fakhar Zaman",
              "bowler": "Hasan Ali",
              "non_striker": "Muhammad Naeem",
              "runs": {
                "batter": 1,
                "extras": 0,
                "total": 1
              }
            },
            {
              "batter": "Muhammad Naeem",
              "bowler": "Hasan Ali",
              "non_striker": "Fakhar Zaman",
              "runs": {
                "batter": 4,
                "extras": 0,
                "total": 4
              }
            },
            {
              "batter": "Muhammad Naeem",
              "bowler": "Hasan Ali",
              "non_striker": "Fakhar Zaman",
              "runs": {
                "batter": 0,
                "extras": 0,
                "total": 0
              }
            }
          ]
        },
        {
          "over": 2,
          "deliveries": [
            {
              "batter": "Fakhar Zaman",
              "bowler": "Mir Hamza",
              "non_striker": "Muhammad Naeem",
              "runs": {
                "batter": 4,
                "extras": 0,
                "total": 4
              }
            },
            {
              "batter": "Fakhar Zaman",
              "bowler": "Mir Hamza",
              "non_striker": "Muhammad Naeem",
              "runs": {
                "batter": 1,
                "extras": 0,
                "total": 1
              }
            },
            {
              "batter": "Muhammad Naeem",
              "bowler": "Mir Hamza",
              "non_striker": "Fakhar Zaman",
              "runs": {
                "batter": 0,
                "extras": 0,
                "total": 0
              }
            },
            {
              "batter": "Muhammad Naeem",
              "bowler": "Mir Hamza",
              "non_striker": "Fakhar Zaman",
              "runs": {
                "batter": 0,
                "extras": 0,
                "total": 0
              }
            },
            {
              "batter": "Muhammad Naeem",
              "bowler": "Mir Hamza",
              "non_striker": "Fakhar Zaman",
              "runs": {
                "batter": 1,
                "extras": 0,
                "total": 1
              }
            },
            {
              "batter": "Fakhar Zaman",
              "bowler": "Mir Hamza",
              "non_striker": "Muhammad Naeem",
              "runs": {
                "batter": 0,
                "extras": 0,
                "total": 0
              }
            }
          ]
        },
        {
          "over": 3,
          "deliveries": [
            {
              "batter": "Muhammad Naeem",
              "bowler": "Mohammad Nabi",
              "non_striker": "Fakhar Zaman",
              "runs": {
                "batter": 1,
                "extras": 0,
                "total": 1
              }
            },
            {
              "batter": "Fakhar Zaman",
              "bowler": "Mohammad Nabi",
              "non_striker": "Muhammad Naeem",
              "runs": {
                "batter": 1,
                "extras": 0,
                "total": 1
              }
            },
            {
              "batter": "Muhammad Naeem",
              "bowler": "Mohammad Nabi",
              "non_striker": "Fakhar Zaman",
              "runs": {
                "batter": 1,
                "extras": 0,
                "total": 1
              }
            },
            {
              "batter": "Fakhar Zaman",
              "bowler": "Mohammad Nabi",
              "extras": {
                "wides": 1
              },
              "non_striker": "Muhammad Naeem",
              "runs": {
                "batter": 0,
                "extras": 1,
                "total": 1
              }
            },
            {
              "batter": "Fakhar Zaman",
              "bowler": "Mohammad Nabi",
              "non_striker": "Muhammad Naeem",
              "runs": {
                "batter": 6,
                "extras": 0,
                "total": 6
              }
            },
            {
              "batter": "Fakhar Zaman",
              "bowler": "Mohammad Nabi",
              "non_striker": "Muhammad Naeem",
              "runs": {
                "batter": 4,
                "extras": 0,
                "total": 4
              }
            },
            {
              "batter": "Fakhar Zaman",
              "bowler": "Mohammad Nabi",
              "non_striker": "Muhammad Naeem",
              "runs": {
                "batter": 0,
                "extras": 0,
                "total": 0
              }
            }
          ]
        },
        {
          "over": 4,
          "deliveries": [
            {
              "batter": "Muhammad Naeem",
              "bowler": "Hasan Ali",
              "non_striker": "Fakhar Zaman",
              "runs": {
                "batter": 0,
                "extras": 0,
                "total": 0
              }
            },
            {
              "batter": "Muhammad Naeem",
              "bowler": "Hasan Ali",
              "non_striker": "Fakhar Zaman",
              "runs": {
                "batter": 6,
                "extras": 0,
                "total": 6
              }
            },
            {
              "batter": "Muhammad Naeem",
              "bowler": "Hasan Ali",
              "non_striker": "Fakhar Zaman",
              "runs": {
                "batter": 0,
                "extras": 0,
                "total": 0
              },
              "wickets": [
                {
                  "player_out": "Muhammad Naeem",
                  "fielders": [
                    {
                      "name": "JM Vince"
                    }
                  ],
                  "kind": "caught"
                }
              ]
            },
            {
              "batter": "Abdullah Shafique",
              "bowler": "Hasan Ali",
              "non_striker": "Fakhar Zaman",
              "runs": {
                "batter": 1,
                "extras": 0,
                "total": 1
              }
            },
            {
              "batter": "Fakhar Zaman",
              "bowler": "Hasan Ali",
              "extras": {
                "legbyes": 1
              },
              "non_striker": "Abdullah Shafique",
              "runs": {
                "batter": 0,
                "extras": 1,
                "total": 1
              }
            },
            {
              "batter": "Abdullah Shafique",
              "bowler": "Hasan Ali",
              "non_striker": "Fakhar Zaman",
              "runs": {
                "batter": 0,
                "extras": 0,
                "total": 0
              }
            }
          ]
        },
        {
          "over": 5,
          "deliveries": [
            {
              "batter": "Fakhar Zaman",
              "bowler": "Fawad Ali",
              "non_striker": "Abdullah Shafique",
              "runs": {
                "batter": 0,
                "extras": 0,
                "total": 0
              }
            },
            {
              "batter": "Fakhar Zaman",
              "bowler": "Fawad Ali",
              "non_striker": "Abdullah Shafique",
              "runs": {
                "batter": 2,
                "extras": 0,
                "total": 2
              }
            },
            {
              "batter": "Fakhar Zaman",
              "bowler": "Fawad Ali",
              "non_striker": "Abdullah Shafique",
              "runs": {
                "batter": 4,
                "extras": 0,
                "total": 4
              }
            },
            {
              "batter": "Fakhar Zaman",
              "bowler": "Fawad Ali",
              "non_striker": "Abdullah Shafique",
              "runs": {
                "batter": 6,
                "extras": 0,
                "total": 6
              }
            },
            {
              "batter": "Fakhar Zaman",
              "bowler": "Fawad Ali",
              "non_striker": "Abdullah Shafique",
              "runs": {
                "batter": 4,
                "extras": 0,
                "total": 4
              }
            },
            {
              "batter": "Fakhar Zaman",
              "bowler": "Fawad Ali",
              "non_striker": "Abdullah Shafique",
              "runs": {
                "batter": 0,
                "extras": 0,
                "total": 0
              }
            }
          ]
        },
        {
          "over": 6,
          "deliveries": [
            {
              "batter": "Abdullah Shafique",
              "bowler": "Abbas Afridi",
              "extras": {
                "legbyes": 1
              },
              "non_striker": "Fakhar Zaman",
              "runs": {
                "batter": 0,
                "extras": 1,
                "total": 1
              }
            },
            {
              "batter": "Fakhar Zaman",
              "bowler": "Abbas Afridi",
              "non_striker": "Abdullah Shafique",
              "runs": {
                "batter": 0,
                "extras": 0,
                "total": 0
              }
            },
            {
              "batter": "Fakhar Zaman",
              "bowler": "Abbas Afridi",
              "non_striker": "Abdullah Shafique",
              "runs": {
                "batter": 1,
                "extras": 0,
                "total": 1
              }
            },
            {
              "batter": "Abdullah Shafique",
              "bowler": "Abbas Afridi",
              "non_striker": "Fakhar Zaman",
              "runs": {
                "batter": 1,
                "extras": 0,
                "total": 1
              }
            },
            {
              "batter": "Fakhar Zaman",
              "bowler": "Abbas Afridi",
              "non_striker": "Abdullah Shafique",
              "runs": {
                "batter": 1,
                "extras": 0,
                "total": 1
              }
            },
            {
              "batter": "Abdullah Shafique",
              "bowler": "Abbas Afridi",
              "non_striker": "Fakhar Zaman",
              "runs": {
                "batter": 1,
                "extras": 0,
                "total": 1
              }
            }
          ]
        },
        {
          "over": 7,
          "deliveries": [
            {
              "batter": "Abdullah Shafique",
              "bowler": "Mohammad Nabi",
              "non_striker": "Fakhar Zaman",
              "runs": {
                "batter": 1,
                "extras": 0,
                "total": 1
              }
            },
            {
              "batter": "Fakhar Zaman",
              "bowler": "Mohammad Nabi",
              "non_striker": "Abdullah Shafique",
              "runs": {
                "batter": 1,
                "extras": 0,
                "total": 1
              }
            },
            {
              "batter": "Abdullah Shafique",
              "bowler": "Mohammad Nabi",
              "non_striker": "Fakhar Zaman",
              "runs": {
                "batter": 1,
                "extras": 0,
                "total": 1
              }
            },
            {
              "batter": "Fakhar Zaman",
              "bowler": "Mohammad Nabi",
              "non_striker": "Abdullah Shafique",
              "runs": {
                "batter": 1,
                "extras": 0,
                "total": 1
              }
            },
            {
              "batter": "Abdullah Shafique",
              "bowler": "Mohammad Nabi",
              "non_striker": "Fakhar Zaman",
              "runs": {
                "batter": 0,
                "extras": 0,
                "total": 0
              }
            },
            {
              "batter": "Abdullah Shafique",
              "bowler": "Mohammad Nabi",
              "non_striker": "Fakhar Zaman",
              "runs": {
                "batter": 6,
                "extras": 0,
                "total": 6
              }
            }
          ]
        },
        {
          "over": 8,
          "deliveries": [
            {
              "batter": "Fakhar Zaman",
              "bowler": "Fawad Ali",
              "non_striker": "Abdullah Shafique",
              "runs": {
                "batter": 0,
                "extras": 0,
                "total": 0
              },
              "wickets": [
                {
                  "player_out": "Fakhar Zaman",
                  "fielders": [
                    {
                      "name": "Mohammad Nabi"
                    }
                  ],
                  "kind": "caught"
                }
              ]
            },
            {
              "batter": "MDKJ Perera",
              "bowler": "Fawad Ali",
              "non_striker": "Abdullah Shafique",
              "runs": {
                "batter": 0,
                "extras": 0,
                "total": 0
              }
            },
            {
              "batter": "MDKJ Perera",
              "bowler": "Fawad Ali",
              "non_striker": "Abdullah Shafique",
              "runs": {
                "batter": 0,
                "extras": 0,
                "total": 0
              }
            },
            {
              "batter": "MDKJ Perera",
              "bowler": "Fawad Ali",
              "extras": {
                "wides": 1
              },
              "non_striker": "Abdullah Shafique",
              "runs": {
                "batter": 0,
                "extras": 1,
                "total": 1
              }
            },
            {
              "batter": "MDKJ Perera",
              "bowler": "Fawad Ali",
              "non_striker": "Abdullah Shafique",
              "runs": {
                "batter": 1,
                "extras": 0,
                "total": 1
              }
            },
            {
              "batter": "Abdullah Shafique",
              "bowler": "Fawad Ali",
              "non_striker": "MDKJ Perera",
              "runs": {
                "batter": 4,
                "extras": 0,
                "total": 4
              }
            },
            {
              "batter": "Abdullah Shafique",
              "bowler": "Fawad Ali",
              "non_striker": "MDKJ Perera",
              "runs": {
                "batter": 0,
                "extras": 0,
                "total": 0
              }
            }
          ]
        },
        {
          "over": 9,
          "deliveries": [
            {
              "batter": "MDKJ Perera",
              "bowler": "Mohammad Nabi",
              "extras": {
                "legbyes": 1
              },
              "non_striker": "Abdullah Shafique",
              "runs": {
                "batter": 0,
                "extras": 1,
                "total": 1
              }
            },
            {
              "batter": "Abdullah Shafique",
              "bowler": "Mohammad Nabi",
              "non_striker": "MDKJ Perera",
              "runs": {
                "batter": 1,
                "extras": 0,
                "total": 1
              }
            },
            {
              "batter": "MDKJ Perera",
              "bowler": "Mohammad Nabi",
              "extras": {
                "byes": 4
              },
              "non_striker": "Abdullah Shafique",
              "runs": {
                "batter": 0,
                "extras": 4,
                "total": 4
              }
            },
            {
              "batter": "MDKJ Perera",
              "bowler": "Mohammad Nabi",
              "non_striker": "Abdullah Shafique",
              "runs": {
                "batter": 0,
                "extras": 0,
                "total": 0
              }
            },
            {
              "batter": "MDKJ Perera",
              "bowler": "Mohammad Nabi",
              "non_striker": "Abdullah Shafique",
              "runs": {
                "batter": 2,
                "extras": 0,
                "total": 2
              }
            },
            {
              "batter": "MDKJ Perera",
              "bowler": "Mohammad Nabi",
              "non_striker": "Abdullah Shafique",
              "runs": {
                "batter": 0,
                "extras": 0,
                "total": 0
              }
            }
          ]
        },
        {
          "over": 10,
          "deliveries": [
            {
              "batter": "Abdullah Shafique",
              "bowler": "Abbas Afridi",
              "extras": {
                "legbyes": 1
              },
              "non_striker": "MDKJ Perera",
              "runs": {
                "batter": 0,
                "extras": 1,
                "total": 1
              }
            },
            {
              "batter": "MDKJ Perera",
              "bowler": "Abbas Afridi",
              "non_striker": "Abdullah Shafique",
              "runs": {
                "batter": 6,
                "extras": 0,
                "total": 6
              }
            },
            {
              "batter": "MDKJ Perera",
              "bowler": "Abbas Afridi",
              "non_striker": "Abdullah Shafique",
              "runs": {
                "batter": 1,
                "extras": 0,
                "total": 1
              }
            },
            {
              "batter": "Abdullah Shafique",
              "bowler": "Abbas Afridi",
              "non_striker": "MDKJ Perera",
              "runs": {
                "batter": 2,
                "extras": 0,
                "total": 2
              }
            },
            {
              "batter": "Abdullah Shafique",
              "bowler": "Abbas Afridi",
              "non_striker": "MDKJ Perera",
              "runs": {
                "batter": 4,
                "extras": 0,
                "total": 4
              }
            },
            {
              "batter": "Abdullah Shafique",
              "bowler": "Abbas Afridi",
              "non_striker": "MDKJ Perera",
              "runs": {
                "batter": 1,
                "extras": 0,
                "total": 1
              }
            }
          ]
        },
        {
          "over": 11,
          "deliveries": [
            {
              "batter": "Abdullah Shafique",
              "bowler": "Mohammad Nabi",
              "non_striker": "MDKJ Perera",
              "runs": {
                "batter": 1,
                "extras": 0,
                "total": 1
              }
            },
            {
              "batter": "MDKJ Perera",
              "bowler": "Mohammad Nabi",
              "non_striker": "Abdullah Shafique",
              "runs": {
                "batter": 1,
                "extras": 0,
                "total": 1
              }
            },
            {
              "batter": "Abdullah Shafique",
              "bowler": "Mohammad Nabi",
              "non_striker": "MDKJ Perera",
              "runs": {
                "batter": 0,
                "extras": 0,
                "total": 0
              }
            },
            {
              "batter": "Abdullah Shafique",
              "bowler": "Mohammad Nabi",
              "non_striker": "MDKJ Perera",
              "runs": {
                "batter": 1,
                "extras": 0,
                "total": 1
              }
            },
            {
              "batter": "MDKJ Perera",
              "bowler": "Mohammad Nabi",
              "non_striker": "Abdullah Shafique",
              "runs": {
                "batter": 1,
                "extras": 0,
                "total": 1
              }
            },
            {
              "batter": "Abdullah Shafique",
              "bowler": "Mohammad Nabi",
              "non_striker": "MDKJ Perera",
              "runs": {
                "batter": 6,
                "extras": 0,
                "total": 6
              }
            }
          ]
        },
        {
          "over": 12,
          "deliveries": [
            {
              "batter": "MDKJ Perera",
              "bowler": "Hasan Ali",
              "non_striker": "Abdullah Shafique",
              "runs": {
                "batter": 1,
                "extras": 0,
                "total": 1
              }
            },
            {
              "batter": "Abdullah Shafique",
              "bowler": "Hasan Ali",
              "non_striker": "MDKJ Perera",
              "runs": {
                "batter": 1,
                "extras": 0,
                "total": 1
              }
            },
            {
              "batter": "MDKJ Perera",
              "bowler": "Hasan Ali",
              "non_striker": "Abdullah Shafique",
              "runs": {
                "batter": 1,
                "extras": 0,
                "total": 1
              }
            },
            {
              "batter": "Abdullah Shafique",
              "bowler": "Hasan Ali",
              "non_striker": "MDKJ Perera",
              "runs": {
                "batter": 6,
                "extras": 0,
                "total": 6
              }
            },
            {
              "batter": "Abdullah Shafique",
              "bowler": "Hasan Ali",
              "non_striker": "MDKJ Perera",
              "runs": {
                "batter": 1,
                "extras": 0,
                "total": 1
              }
            },
            {
              "batter": "MDKJ Perera",
              "bowler": "Hasan Ali",
              "non_striker": "Abdullah Shafique",
              "runs": {
                "batter": 6,
                "extras": 0,
                "total": 6
              }
            }
          ]
        },
        {
          "over": 13,
          "deliveries": [
            {
              "batter": "Abdullah Shafique",
              "bowler": "Mir Hamza",
              "non_striker": "MDKJ Perera",
              "runs": {
                "batter": 4,
                "extras": 0,
                "total": 4
              }
            },
            {
              "batter": "Abdullah Shafique",
              "bowler": "Mir Hamza",
              "non_striker": "MDKJ Perera",
              "runs": {
                "batter": 2,
                "extras": 0,
                "total": 2
              }
            },
            {
              "batter": "Abdullah Shafique",
              "bowler": "Mir Hamza",
              "non_striker": "MDKJ Perera",
              "runs": {
                "batter": 0,
                "extras": 0,
                "total": 0
              }
            },
            {
              "batter": "Abdullah Shafique",
              "bowler": "Mir Hamza",
              "non_striker": "MDKJ Perera",
              "runs": {
                "batter": 1,
                "extras": 0,
                "total": 1
              }
            },
            {
              "batter": "MDKJ Perera",
              "bowler": "Mir Hamza",
              "non_striker": "Abdullah Shafique",
              "runs": {
                "batter": 1,
                "extras": 0,
                "total": 1
              }
            },
            {
              "batter": "Abdullah Shafique",
              "bowler": "Mir Hamza",
              "non_striker": "MDKJ Perera",
              "runs": {
                "batter": 1,
                "extras": 0,
                "total": 1
              }
            }
          ]
        },
        {
          "over": 14,
          "deliveries": [
            {
              "batter": "Abdullah Shafique",
              "bowler": "Abbas Afridi",
              "non_striker": "MDKJ Perera",
              "runs": {
                "batter": 6,
                "extras": 0,
                "total": 6
              }
            },
            {
              "batter": "Abdullah Shafique",
              "bowler": "Abbas Afridi",
              "non_striker": "MDKJ Perera",
              "runs": {
                "batter": 6,
                "extras": 0,
                "total": 6
              }
            },
            {
              "batter": "Abdullah Shafique",
              "bowler": "Abbas Afridi",
              "non_striker": "MDKJ Perera",
              "runs": {
                "batter": 2,
                "extras": 0,
                "total": 2
              }
            },
            {
              "batter": "Abdullah Shafique",
              "bowler": "Abbas Afridi",
              "non_striker": "MDKJ Perera",
              "runs": {
                "batter": 1,
                "extras": 0,
                "total": 1
              }
            },
            {
              "batter": "MDKJ Perera",
              "bowler": "Abbas Afridi",
              "non_striker": "Abdullah Shafique",
              "runs": {
                "batter": 1,
                "extras": 0,
                "total": 1
              }
            },
            {
              "batter": "Abdullah Shafique",
              "bowler": "Abbas Afridi",
              "non_striker": "MDKJ Perera",
              "runs": {
                "batter": 1,
                "extras": 0,
                "total": 1
              }
            }
          ]
        },
        {
          "over": 15,
          "deliveries": [
            {
              "batter": "Abdullah Shafique",
              "bowler": "Hasan Ali",
              "non_striker": "MDKJ Perera",
              "runs": {
                "batter": 2,
                "extras": 0,
                "total": 2
              }
            },
            {
              "batter": "Abdullah Shafique",
              "bowler": "Hasan Ali",
              "non_striker": "MDKJ Perera",
              "runs": {
                "batter": 0,
                "extras": 0,
                "total": 0
              },
              "wickets": [
                {
                  "player_out": "Abdullah Shafique",
                  "fielders": [
                    {
                      "name": "JM Vince"
                    }
                  ],
                  "kind": "caught"
                }
              ]
            },
            {
              "batter": "PBB Rajapaksa",
              "bowler": "Hasan Ali",
              "non_striker": "MDKJ Perera",
              "runs": {
                "batter": 1,
                "extras": 0,
                "total": 1
              }
            },
            {
              "batter": "MDKJ Perera",
              "bowler": "Hasan Ali",
              "non_striker": "PBB Rajapaksa",
              "runs": {
                "batter": 0,
                "extras": 0,
                "total": 0
              }
            },
            {
              "batter": "MDKJ Perera",
              "bowler": "Hasan Ali",
              "non_striker": "PBB Rajapaksa",
              "runs": {
                "batter": 4,
                "extras": 0,
                "total": 4
              }
            },
            {
              "batter": "MDKJ Perera",
              "bowler": "Hasan Ali",
              "non_striker": "PBB Rajapaksa",
              "runs": {
                "batter": 1,
                "extras": 0,
                "total": 1
              }
            }
          ]
        },
        {
          "over": 16,
          "deliveries": [
            {
              "batter": "MDKJ Perera",
              "bowler": "Fawad Ali",
              "non_striker": "PBB Rajapaksa",
              "runs": {
                "batter": 1,
                "extras": 0,
                "total": 1
              }
            },
            {
              "batter": "PBB Rajapaksa",
              "bowler": "Fawad Ali",
              "extras": {
                "legbyes": 1
              },
              "non_striker": "MDKJ Perera",
              "runs": {
                "batter": 0,
                "extras": 1,
                "total": 1
              }
            },
            {
              "batter": "MDKJ Perera",
              "bowler": "Fawad Ali",
              "non_striker": "PBB Rajapaksa",
              "runs": {
                "batter": 1,
                "extras": 0,
                "total": 1
              }
            },
            {
              "batter": "PBB Rajapaksa",
              "bowler": "Fawad Ali",
              "non_striker": "MDKJ Perera",
              "runs": {
                "batter": 0,
                "extras": 0,
                "total": 0
              }
            },
            {
              "batter": "PBB Rajapaksa",
              "bowler": "Fawad Ali",
              "non_striker": "MDKJ Perera",
              "runs": {
                "batter": 2,
                "extras": 0,
                "total": 2
              }
            },
            {
              "batter": "PBB Rajapaksa",
              "bowler": "Fawad Ali",
              "non_striker": "MDKJ Perera",
              "runs": {
                "batter": 1,
                "extras": 0,
                "total": 1
              }
            }
          ]
        },
        {
          "over": 17,
          "deliveries": [
            {
              "batter": "PBB Rajapaksa",
              "bowler": "Abbas Afridi",
              "non_striker": "MDKJ Perera",
              "runs": {
                "batter": 4,
                "extras": 0,
                "total": 4
              }
            },
            {
              "batter": "PBB Rajapaksa",
              "bowler": "Abbas Afridi",
              "non_striker": "MDKJ Perera",
              "runs": {
                "batter": 2,
                "extras": 0,
                "total": 2
              }
            },
            {
              "batter": "PBB Rajapaksa",
              "bowler": "Abbas Afridi",
              "non_striker": "MDKJ Perera",
              "runs": {
                "batter": 4,
                "extras": 0,
                "total": 4
              }
            },
            {
              "batter": "PBB Rajapaksa",
              "bowler": "Abbas Afridi",
              "non_striker": "MDKJ Perera",
              "runs": {
                "batter": 2,
                "extras": 0,
                "total": 2
              }
            },
            {
              "batter": "PBB Rajapaksa",
              "bowler": "Abbas Afridi",
              "non_striker": "MDKJ Perera",
              "runs": {
                "batter": 1,
                "extras": 0,
                "total": 1
              }
            },
            {
              "batter": "MDKJ Perera",
              "bowler": "Abbas Afridi",
              "non_striker": "PBB Rajapaksa",
              "runs": {
                "batter": 1,
                "extras": 0,
                "total": 1
              }
            }
          ]
        },
        {
          "over": 18,
          "deliveries": [
            {
              "batter": "MDKJ Perera",
              "bowler": "Mir Hamza",
              "non_striker": "PBB Rajapaksa",
              "runs": {
                "batter": 0,
                "extras": 0,
                "total": 0
              },
              "wickets": [
                {
                  "player_out": "MDKJ Perera",
                  "fielders": [
                    {
                      "name": "Aamer Jamal",
                      "substitute": true
                    }
                  ],
                  "kind": "caught"
                }
              ]
            },
            {
              "batter": "Asif Ali",
              "bowler": "Mir Hamza",
              "non_striker": "PBB Rajapaksa",
              "runs": {
                "batter": 1,
                "extras": 0,
                "total": 1
              }
            },
            {
              "batter": "PBB Rajapaksa",
              "bowler": "Mir Hamza",
              "non_striker": "Asif Ali",
              "runs": {
                "batter": 0,
                "extras": 0,
                "total": 0
              }
            },
            {
              "batter": "PBB Rajapaksa",
              "bowler": "Mir Hamza",
              "non_striker": "Asif Ali",
              "runs": {
                "batter": 6,
                "extras": 0,
                "total": 6
              }
            }
          ]
        }
      ],
      "powerplays": [
        {
          "from": 0.1,
          "to": 5.6,
          "type": "mandatory"
        }
      ],
      "target": {
        "overs": 20,
        "runs": 191
      }
    }
  ]
}