{
  "meta": {
    "data_version": "1.0.0",
    "created": "2020-08-17",
    "revision": 1
  },
  "info": {
    "balls_per_over": 6,
    "dates": [
      "2016-02-10"
    ],
    "event": {
      "name": "Pakistan Super League",
      "match_number": 9
    },
    "gender": "male",
    "match_type": "T20",
    "officials": {
      "match_referees": [
        "Mohammed Anees"
      ],
      "reserve_umpires": [
        "Khalid Mahmood"
      ],
      "tv_umpires": [
        "Shozab Raza"
      ],
      "umpires": [
        "JS Wilson",
        "Aleem Dar"
      ]
    },
    "outcome": {
      "winner": "Islamabad United",
      "by": {
        "wickets": 8
      }
    },
    "overs": 20,
    "player_of_match": [
      "Sharjeel Khan"
    ],
    "players": {
      "Lahore Qalandars": [
        "Azhar Ali",
        "CS Delport",
        "Naved Yasin",
        "Umar Akmal",
        "DJ Bravo",
        "Mohammad Rizwan",
        "KK Cooper",
        "Zohaib Khan",
        "Zafar Gohar",
        "Ehsan Adil",
        "BAW Mendis"
      ],
      "Islamabad United": [
        "SR Watson",
        "Sharjeel Khan",
        "AD Russell",
        "BJ Haddin",
        "Kamran Ghulam",
        "SW Billings",
        "Imran Khalid",
        "Khalid Latif",
        "Mohammad Sami",
        "Rumman Raees",
        "Saeed Ajmal"
      ]
    },
    "registry": {
      "people": {
        "AD Russell": "bbd41817",
        "Aleem Dar": "f02778d1",
        "Azhar Ali": "211de69f",
        "BAW Mendis": "ea0cdc12",
        "BJ Haddin": "b0c772ee",
        "CS Delport": "afa78c3a",
        "DJ Bravo": "87e562a9",
        "Ehsan Adil": "210b05cb",
        "Imran Khalid": "b8eddbdb",
        "JS Wilson": "d7f3b72f",
        "KK Cooper": "557153ca",
        "Kamran Ghulam": "35f4cf7e",
        "Khalid Latif": "5eea345c",
        "Khalid Mahmood": "0b06b921",
        "Mohammad Rizwan": "2f26ac1a",
        "Mohammad Sami": "68ddabdb",
        "Mohammed Anees": "0d4da5c5",
        "Naved Yasin": "7bc1a2d1",
        "Rumman Raees": "1c790f4f",
        "SR Watson": "4329fbb5",
        "SW Billings": "c16d4035",
        "Saeed Ajmal": "05d74535",
        "Sharjeel Khan": "193ef196",
        "Shozab Raza": "153c67dc",
        "Umar Akmal": "fd2bf2a0",
        "Zafar Gohar": "9fd3a210",
        "Zohaib Khan": "a3a1c7ef"
      }
    },
    "season": "2015/16",
    "team_type": "club",
    "teams": [
      "Lahore Qalandars",
      "Islamabad United"
    ],
    "toss": {
      "decision": "field",
      "winner": "Islamabad United"
    },
    "venue": "Sharjah Cricket Stadium"
  },
  "innings": [
    {
      "team": "Lahore Qalandars",
      "overs": [
        {
          "over": 0,
          "deliveries": [
            {
              "batter": "Azhar Ali",
              "bowler": "AD Russell",
              "extras": {
                "legbyes": 1
              },
              "non_striker": "CS Delport",
              "runs": {
                "batter": 0,
                "extras": 1,
                "total": 1
              }
            },
            {
              "batter": "CS Delport",
              "bowler": "AD Russell",
              "non_striker": "Azhar Ali",
              "runs": {
                "batter": 1,
                "extras": 0,
                "total": 1
              }
            },
            {
              "batter": "Azhar Ali",
              "bowler": "AD Russell",
              "non_striker": "CS Delport",
              "runs": {
                "batter": 0,
                "extras": 0,
                "total": 0
              }
            },
            {
              "batter": "Azhar Ali",
              "bowler": "AD Russell",
              "non_striker": "CS Delport",
              "runs": {
                "batter": 0,
                "extras": 0,
                "total": 0
              }
            },
            {
              "batter": "Azhar Ali",
              "bowler": "AD Russell",
              "non_striker": "CS Delport",
              "runs": {
                "batter": 4,
                "extras": 0,
                "total": 4
              }
            },
            {
              "batter": "Azhar Ali",
              "bowler": "AD Russell",
              "non_striker": "CS Delport",
              "runs": {
                "batter": 0,
                "extras": 0,
                "total": 0
              }
            }
          ]
        },
        {
          "over": 1,
          "deliveries": [
            {
              "batter": "CS Delport",
              "bowler": "SR Watson",
              "non_striker": "Azhar Ali",
              "runs": {
                "batter": 1,
                "extras": 0,
                "total": 1
              }
            },
            {
              "batter": "Azhar Ali",
              "bowler": "SR Watson",
              "non_striker": "CS Delport",
              "runs": {
                "batter": 4,
                "extras": 0,
                "total": 4
              }
            },
            {
              "batter": "Azhar Ali",
              "bowler": "SR Watson",
              "non_striker": "CS Delport",
              "runs": {
                "batter": 2,
                "extras": 0,
                "total": 2
              }
            },
            {
              "batter": "Azhar Ali",
              "bowler": "SR Watson",
              "non_striker": "CS Delport",
              "runs": {
                "batter": 4,
                "extras": 0,
                "total": 4
              }
            },
            {
              "batter": "Azhar Ali",
              "bowler": "SR Watson",
              "non_striker": "CS Delport",
              "runs": {
                "batter": 1,
                "extras": 0,
                "total": 1
              }
            },
            {
              "batter": "CS Delport",
              "bowler": "SR Watson",
              "extras": {
                "wides": 1
              },
              "non_striker": "Azhar Ali",
              "runs": {
                "batter": 0,
                "extras": 1,
                "total": 1
              }
            },
            {
              "batter": "CS Delport",
              "bowler": "SR Watson",
              "non_striker": "Azhar Ali",
              "runs": {
                "batter": 1,
                "extras": 0,
                "total": 1
              }
            }
          ]
        },
        {
          "over": 2,
          "deliveries": [
            {
              "batter": "CS Delport",
              "bowler": "Mohammad Sami",
              "non_striker": "Azhar Ali",
              "runs": {
                "batter": 0,
                "extras": 0,
                "total": 0
              },
              "wickets": [
                {
                  "player_out": "CS Delport",
                  "kind": "bowled"
                }
              ]
            },
            {
              "batter": "Naved Yasin",
              "bowler": "Mohammad Sami",
              "non_striker": "Azhar Ali",
              "runs": {
                "batter": 0,
                "extras": 0,
                "total": 0
              }
            },
            {
              "batter": "Naved Yasin",
              "bowler": "Mohammad Sami",
              "non_striker": "Azhar Ali",
              "runs": {
                "batter": 4,
                "extras": 0,
                "total": 4
              }
            },
            {
              "batter": "Naved Yasin",
              "bowler": "Mohammad Sami",
              "non_striker": "Azhar Ali",
              "runs": {
                "batter": 0,
                "extras": 0,
                "total": 0
              }
            },
            {
              "batter": "Naved Yasin",
              "bowler": "Mohammad Sami",
              "non_striker": "Azhar Ali",
              "runs": {
                "batter": 0,
                "extras": 0,
                "total": 0
              }
            },
            {
              "batter": "Naved Yasin",
              "bowler": "Mohammad Sami",
              "non_striker": "Azhar Ali",
              "runs": {
                "batter": 0,
                "extras": 0,
                "total": 0
              }
            }
          ]
        },
        {
          "over": 3,
          "deliveries": [
            {
              "batter": "Azhar Ali",
              "bowler": "Rumman Raees",
              "non_striker": "Naved Yasin",
              "runs": {
                "batter": 1,
                "extras": 0,
                "total": 1
              }
            },
            {
              "batter": "Naved Yasin",
              "bowler": "Rumman Raees",
              "extras": {
                "legbyes": 1
              },
              "non_striker": "Azhar Ali",
              "runs": {
                "batter": 0,
                "extras": 1,
                "total": 1
              }
            },
            {
              "batter": "Azhar Ali",
              "bowler": "Rumman Raees",
              "non_striker": "Naved Yasin",
              "runs": {
                "batter": 1,
                "extras": 0,
                "total": 1
              }
            },
            {
              "batter": "Naved Yasin",
              "bowler": "Rumman Raees",
              "non_striker": "Azhar Ali",
              "runs": {
                "batter": 0,
                "extras": 0,
                "total": 0
              }
            },
            {
              "batter": "Naved Yasin",
              "bowler": "Rumman Raees",
              "non_striker": "Azhar Ali",
              "runs": {
                "batter": 1,
                "extras": 0,
                "total": 1
              }
            },
            {
              "batter": "Azhar Ali",
              "bowler": "Rumman Raees",
              "non_striker": "Naved Yasin",
              "runs": {
                "batter": 0,
                "extras": 0,
                "total": 0
              }
            }
          ]
        },
        {
          "over": 4,
          "deliveries": [
            {
              "batter": "Naved Yasin",
              "bowler": "AD Russell",
              "non_striker": "Azhar Ali",
              "runs": {
                "batter": 0,
                "extras": 0,
                "total": 0
              }
            },
            {
              "batter": "Naved Yasin",
              "bowler": "AD Russell",
              "non_striker": "Azhar Ali",
              "runs": {
                "batter": 6,
                "extras": 0,
                "total": 6
              }
            },
            {
              "batter": "Naved Yasin",
              "bowler": "AD Russell",
              "non_striker": "Azhar Ali",
              "runs": {
                "batter": 0,
                "extras": 0,
                "total": 0
              }
            },
            {
              "batter": "Naved Yasin",
              "bowler": "AD Russell",
              "non_striker": "Azhar Ali",
              "runs": {
                "batter": 0,
                "extras": 0,
                "total": 0
              }
            },
            {
              "batter": "Naved Yasin",
              "bowler": "AD Russell",
              "non_striker": "Azhar Ali",
              "runs": {
                "batter": 2,
                "extras": 0,
                "total": 2
              }
            },
            {
              "batter": "Naved Yasin",
              "bowler": "AD Russell",
              "non_striker": "Azhar Ali",
              "runs": {
                "batter": 0,
                "extras": 0,
                "total": 0
              }
            }
          ]
        },
        {
          "over": 5,
          "deliveries": [
            {
              "batter": "Azhar Ali",
              "bowler": "Mohammad Sami",
              "non_striker": "Naved Yasin",
              "runs": {
                "batter": 4,
                "extras": 0,
                "total": 4
              }
            },
            {
              "batter": "Azhar Ali",
              "bowler": "Mohammad Sami",
              "non_striker": "Naved Yasin",
              "runs": {
                "batter": 0,
                "extras": 0,
                "total": 0
              }
            },
            {
              "batter": "Azhar Ali",
              "bowler": "Mohammad Sami",
              "non_striker": "Naved Yasin",
              "runs": {
                "batter": 0,
                "extras": 0,
                "total": 0
              }
            },
            {
              "batter": "Azhar Ali",
              "bowler": "Mohammad Sami",
              "non_striker": "Naved Yasin",
              "runs": {
                "batter": 2,
                "extras": 0,
                "total": 2
              }
            },
            {
              "batter": "Azhar Ali",
              "bowler": "Mohammad Sami",
              "non_striker": "Naved Yasin",
              "runs": {
                "batter": 4,
                "extras": 0,
                "total": 4
              }
            },
            {
              "batter": "Azhar Ali",
              "bowler": "Mohammad Sami",
              "non_striker": "Naved Yasin",
              "runs": {
                "batter": 0,
                "extras": 0,
                "total": 0
              },
              "wickets": [
                {
                  "player_out": "Azhar Ali",
                  "kind": "lbw"
                }
              ]
            }
          ]
        },
        {
          "over": 6,
          "deliveries": [
            {
              "batter": "Naved Yasin",
              "bowler": "Imran Khalid",
              "non_striker": "Umar Akmal",
              "runs": {
                "batter": 1,
                "extras": 0,
                "total": 1
              }
            },
            {
              "batter": "Umar Akmal",
              "bowler": "Imran Khalid",
              "non_striker": "Naved Yasin",
              "runs": {
                "batter": 1,
                "extras": 0,
                "total": 1
              }
            },
            {
              "batter": "Naved Yasin",
              "bowler": "Imran Khalid",
              "extras": {
                "wides": 1
              },
              "non_striker": "Umar Akmal",
              "runs": {
                "batter": 0,
                "extras": 1,
                "total": 1
              }
            },
            {
              "batter": "Naved Yasin",
              "bowler": "Imran Khalid",
              "non_striker": "Umar Akmal",
              "runs": {
                "batter": 1,
                "extras": 0,
                "total": 1
              }
            },
            {
              "batter": "Umar Akmal",
              "bowler": "Imran Khalid",
              "extras": {
                "wides": 5
              },
              "non_striker": "Naved Yasin",
              "runs": {
                "batter": 0,
                "extras": 5,
                "total": 5
              }
            },
            {
              "batter": "Umar Akmal",
              "bowler": "Imran Khalid",
              "non_striker": "Naved Yasin",
              "runs": {
                "batter": 0,
                "extras": 0,
                "total": 0
              }
            },
            {
              "batter": "Umar Akmal",
              "bowler": "Imran Khalid",
              "non_striker": "Naved Yasin",
              "runs": {
                "batter": 0,
                "extras": 0,
                "total": 0
              }
            },
            {
              "batter": "Umar Akmal",
              "bowler": "Imran Khalid",
              "non_striker": "Naved Yasin",
              "runs": {
                "batter": 1,
                "extras": 0,
                "total": 1
              }
            }
          ]
        },
        {
          "over": 7,
          "deliveries": [
            {
              "batter": "Umar Akmal",
              "bowler": "Saeed Ajmal",
              "non_striker": "Naved Yasin",
              "runs": {
                "batter": 0,
                "extras": 0,
                "total": 0
              }
            },
            {
              "batter": "Umar Akmal",
              "bowler": "Saeed Ajmal",
              "non_striker": "Naved Yasin",
              "runs": {
                "batter": 0,
                "extras": 0,
                "total": 0
              }
            },
            {
              "batter": "Umar Akmal",
              "bowler": "Saeed Ajmal",
              "non_striker": "Naved Yasin",
              "runs": {
                "batter": 1,
                "extras": 0,
                "total": 1
              }
            },
            {
              "batter": "Naved Yasin",
              "bowler": "Saeed Ajmal",
              "non_striker": "Umar Akmal",
              "runs": {
                "batter": 1,
                "extras": 0,
                "total": 1
              }
            },
            {
              "batter": "Umar Akmal",
              "bowler": "Saeed Ajmal",
              "non_striker": "Naved Yasin",
              "runs": {
                "batter": 1,
                "extras": 0,
                "total": 1
              }
            },
            {
              "batter": "Naved Yasin",
              "bowler": "Saeed Ajmal",
              "non_striker": "Umar Akmal",
              "runs": {
                "batter": 0,
                "extras": 0,
                "total": 0
              }
            }
          ]
        },
        {
          "over": 8,
          "deliveries": [
            {
              "batter": "Umar Akmal",
              "bowler": "SR Watson",
              "non_striker": "Naved Yasin",
              "runs": {
                "batter": 1,
                "extras": 0,
                "total": 1
              }
            },
            {
              "batter": "Naved Yasin",
              "bowler": "SR Watson",
              "non_striker": "Umar Akmal",
              "runs": {
                "batter": 0,
                "extras": 0,
                "total": 0
              }
            },
            {
              "batter": "Naved Yasin",
              "bowler": "SR Watson",
              "non_striker": "Umar Akmal",
              "runs": {
                "batter": 1,
                "extras": 0,
                "total": 1
              }
            },
            {
              "batter": "Umar Akmal",
              "bowler": "SR Watson",
              "non_striker": "Naved Yasin",
              "runs": {
                "batter": 1,
                "extras": 0,
                "total": 1
              }
            },
            {
              "batter": "Naved Yasin",
              "bowler": "SR Watson",
              "non_striker": "Umar Akmal",
              "runs": {
                "batter": 1,
                "extras": 0,
                "total": 1
              }
            },
            {
              "batter": "Umar Akmal",
              "bowler": "SR Watson",
              "non_striker": "Naved Yasin",
              "runs": {
                "batter": 6,
                "extras": 0,
                "total": 6
              }
            }
          ]
        },
        {
          "over": 9,
          "deliveries": [
            {
              "batter": "Naved Yasin",
              "bowler": "Saeed Ajmal",
              "non_striker": "Umar Akmal",
              "runs": {
                "batter": 1,
                "extras": 0,
                "total": 1
              }
            },
            {
              "batter": "Umar Akmal",
              "bowler": "Saeed Ajmal",
              "non_striker": "Naved Yasin",
              "runs": {
                "batter": 0,
                "extras": 0,
                "total": 0
              }
            },
            {
              "batter": "Umar Akmal",
              "bowler": "Saeed Ajmal",
              "non_striker": "Naved Yasin",
              "runs": {
                "batter": 1,
                "extras": 0,
                "total": 1
              }
            },
            {
              "batter": "Naved Yasin",
              "bowler": "Saeed Ajmal",
              "non_striker": "Umar Akmal",
              "runs": {
                "batter": 1,
                "extras": 0,
                "total": 1
              }
            },
            {
              "batter": "Umar Akmal",
              "bowler": "Saeed Ajmal",
              "non_striker": "Naved Yasin",
              "runs": {
                "batter": 0,
                "extras": 0,
                "total": 0
              }
            },
            {
              "batter": "Umar Akmal",
              "bowler": "Saeed Ajmal",
              "non_striker": "Naved Yasin",
              "runs": {
                "batter": 1,
                "extras": 0,
                "total": 1
              }
            }
          ]
        },
        {
          "over": 10,
          "deliveries": [
            {
              "batter": "Umar Akmal",
              "bowler": "Rumman Raees",
              "non_striker": "Naved Yasin",
              "runs": {
                "batter": 0,
                "extras": 0,
                "total": 0
              }
            },
            {
              "batter": "Umar Akmal",
              "bowler": "Rumman Raees",
              "non_striker": "Naved Yasin",
              "runs": {
                "batter": 1,
                "extras": 0,
                "total": 1
              }
            },
            {
              "batter": "Naved Yasin",
              "bowler": "Rumman Raees",
              "non_striker": "Umar Akmal",
              "runs": {
                "batter": 4,
                "extras": 0,
                "total": 4
              }
            },
            {
              "batter": "Naved Yasin",
              "bowler": "Rumman Raees",
              "non_striker": "Umar Akmal",
              "runs": {
                "batter": 1,
                "extras": 0,
                "total": 1
              }
            },
            {
              "batter": "Umar Akmal",
              "bowler": "Rumman Raees",
              "non_striker": "Naved Yasin",
              "runs": {
                "batter": 1,
                "extras": 0,
                "total": 1
              }
            },
            {
              "batter": "Naved Yasin",
              "bowler": "Rumman Raees",
              "non_striker": "Umar Akmal",
              "runs": {
                "batter": 0,
                "extras": 0,
                "total": 0
              }
            }
          ]
        },
        {
          "over": 11,
          "deliveries": [
            {
              "batter": "Umar Akmal",
              "bowler": "Saeed Ajmal",
              "non_striker": "Naved Yasin",
              "runs": {
                "batter": 6,
                "extras": 0,
                "total": 6
              }
            },
            {
              "batter": "Umar Akmal",
              "bowler": "Saeed Ajmal",
              "non_striker": "Naved Yasin",
              "runs": {
                "batter": 1,
                "extras": 0,
                "total": 1
              }
            },
            {
              "batter": "Naved Yasin",
              "bowler": "Saeed Ajmal",
              "non_striker": "Umar Akmal",
              "runs": {
                "batter": 0,
                "extras": 0,
                "total": 0
              }
            },
            {
              "batter": "Naved Yasin",
              "bowler": "Saeed Ajmal",
              "non_striker": "Umar Akmal",
              "runs": {
                "batter": 0,
                "extras": 0,
                "total": 0
              },
              "wickets": [
                {
                  "player_out": "Naved Yasin",
                  "fielders": [
                    {
                      "name": "BJ Haddin"
                    }
                  ],
                  "kind": "caught"
                }
              ]
            },
            {
              "batter": "DJ Bravo",
              "bowler": "Saeed Ajmal",
              "non_striker": "Umar Akmal",
              "runs": {
                "batter": 1,
                "extras": 0,
                "total": 1
              }
            },
            {
              "batter": "Umar Akmal",
              "bowler": "Saeed Ajmal",
              "non_striker": "DJ Bravo",
              "runs": {
                "batter": 0,
                "extras": 0,
                "total": 0
              }
            }
          ]
        },
        {
          "over": 12,
          "deliveries": [
            {
              "batter": "DJ Bravo",
              "bowler": "Imran Khalid",
              "non_striker": "Umar Akmal",
              "runs": {
                "batter": 1,
                "extras": 0,
                "total": 1
              }
            },
            {
              "batter": "Umar Akmal",
              "bowler": "Imran Khalid",
              "non_striker": "DJ Bravo",
              "runs": {
                "batter": 0,
                "extras": 0,
                "total": 0
              }
            },
            {
              "batter": "Umar Akmal",
              "bowler": "Imran Khalid",
              "non_striker": "DJ Bravo",
              "runs": {
                "batter": 0,
                "extras": 0,
                "total": 0
              },
              "wickets": [
                {
                  "player_out": "Umar Akmal",
                  "kind": "lbw"
                }
              ]
            },
            {
              "batter": "Mohammad Rizwan",
              "bowler": "Imran Khalid",
              "non_striker": "DJ Bravo",
              "runs": {
                "batter": 0,
                "extras": 0,
                "total": 0
              }
            },
            {
              "batter": "Mohammad Rizwan",
              "bowler": "Imran Khalid",
              "non_striker": "DJ Bravo",
              "runs": {
                "batter": 1,
                "extras": 0,
                "total": 1
              }
            },
            {
              "batter": "DJ Bravo",
              "bowler": "Imran Khalid",
              "non_striker": "Mohammad Rizwan",
              "runs": {
                "batter": 4,
                "extras": 0,
                "total": 4
              }
            }
          ]
        },
        {
          "over": 13,
          "deliveries": [
            {
              "batter": "Mohammad Rizwan",
              "bowler": "Kamran Ghulam",
              "non_striker": "DJ Bravo",
              "runs": {
                "batter": 0,
                "extras": 0,
                "total": 0
              }
            },
            {
              "batter": "Mohammad Rizwan",
              "bowler": "Kamran Ghulam",
              "non_striker": "DJ Bravo",
              "runs": {
                "batter": 0,
                "extras": 0,
                "total": 0
              }
            },
            {
              "batter": "Mohammad Rizwan",
              "bowler": "Kamran Ghulam",
              "non_striker": "DJ Bravo",
              "runs": {
                "batter": 0,
                "extras": 0,
                "total": 0
              }
            },
            {
              "batter": "Mohammad Rizwan",
              "bowler": "Kamran Ghulam",
              "non_striker": "DJ Bravo",
              "runs": {
                "batter": 1,
                "extras": 0,
                "total": 1
              }
            },
            {
              "batter": "DJ Bravo",
              "bowler": "Kamran Ghulam",
              "non_striker": "Mohammad Rizwan",
              "runs": {
                "batter": 1,
                "extras": 0,
                "total": 1
              }
            },
            {
              "batter": "Mohammad Rizwan",
              "bowler": "Kamran Ghulam",
              "non_striker": "DJ Bravo",
              "runs": {
                "batter": 4,
                "extras": 0,
                "total": 4
              }
            }
          ]
        },
        {
          "over": 14,
          "deliveries": [
            {
              "batter": "DJ Bravo",
              "bowler": "AD Russell",
              "non_striker": "Mohammad Rizwan",
              "runs": {
                "batter": 4,
                "extras": 0,
                "total": 4
              }
            },
            {
              "batter": "DJ Bravo",
              "bowler": "AD Russell",
              "non_striker": "Mohammad Rizwan",
              "runs": {
                "batter": 0,
                "extras": 0,
                "total": 0
              }
            },
            {
              "batter": "DJ Bravo",
              "bowler": "AD Russell",
              "non_striker": "Mohammad Rizwan",
              "runs": {
                "batter": 1,
                "extras": 0,
                "total": 1
              }
            },
            {
              "batter": "Mohammad Rizwan",
              "bowler": "AD Russell",
              "non_striker": "DJ Bravo",
              "runs": {
                "batter": 1,
                "extras": 0,
                "total": 1
              }
            },
            {
              "batter": "DJ Bravo",
              "bowler": "AD Russell",
              "non_striker": "Mohammad Rizwan",
              "runs": {
                "batter": 1,
                "extras": 0,
                "total": 1
              }
            },
            {
              "batter": "Mohammad Rizwan",
              "bowler": "AD Russell",
              "non_striker": "DJ Bravo",
              "runs": {
                "batter": 1,
                "extras": 0,
                "total": 1
              }
            }
          ]
        },
        {
          "over": 15,
          "deliveries": [
            {
              "batter": "Mohammad Rizwan",
              "bowler": "Saeed Ajmal",
              "non_striker": "DJ Bravo",
              "runs": {
                "batter": 1,
                "extras": 0,
                "total": 1
              }
            },
            {
              "batter": "DJ Bravo",
              "bowler": "Saeed Ajmal",
              "non_striker": "Mohammad Rizwan",
              "runs": {
                "batter": 2,
                "extras": 0,
                "total": 2
              }
            },
            {
              "batter": "DJ Bravo",
              "bowler": "Saeed Ajmal",
              "non_striker": "Mohammad Rizwan",
              "runs": {
                "batter": 4,
                "extras": 0,
                "total": 4
              }
            },
            {
              "batter": "DJ Bravo",
              "bowler": "Saeed Ajmal",
              "non_striker": "Mohammad Rizwan",
              "runs": {
                "batter": 2,
                "extras": 0,
                "total": 2
              }
            },
            {
              "batter": "DJ Bravo",
              "bowler": "Saeed Ajmal",
              "non_striker": "Mohammad Rizwan",
              "runs": {
                "batter": 1,
                "extras": 0,
                "total": 1
              }
            },
            {
              "batter": "Mohammad Rizwan",
              "bowler": "Saeed Ajmal",
              "non_striker": "DJ Bravo",
              "runs": {
                "batter": 1,
                "extras": 0,
                "total": 1
              }
            }
          ]
        },
        {
          "over": 16,
          "deliveries": [
            {
              "batter": "Mohammad Rizwan",
              "bowler": "Rumman Raees",
              "non_striker": "DJ Bravo",
              "runs": {
                "batter": 6,
                "extras": 0,
                "total": 6
              }
            },
            {
              "batter": "Mohammad Rizwan",
              "bowler": "Rumman Raees",
              "non_striker": "DJ Bravo",
              "runs": {
                "batter": 4,
                "extras": 0,
                "total": 4
              }
            },
            {
              "batter": "Mohammad Rizwan",
              "bowler": "Rumman Raees",
              "non_striker": "DJ Bravo",
              "runs": {
                "batter": 4,
                "extras": 0,
                "total": 4
              }
            },
            {
              "batter": "Mohammad Rizwan",
              "bowler": "Rumman Raees",
              "non_striker": "DJ Bravo",
              "runs": {
                "batter": 1,
                "extras": 0,
                "total": 1
              }
            },
            {
              "batter": "DJ Bravo",
              "bowler": "Rumman Raees",
              "non_striker": "Mohammad Rizwan",
              "runs": {
                "batter": 1,
                "extras": 0,
                "total": 1
              }
            },
            {
              "batter": "Mohammad Rizwan",
              "bowler": "Rumman Raees",
              "non_striker": "DJ Bravo",
              "runs": {
                "batter": 1,
                "extras": 0,
                "total": 1
              }
            }
          ]
        },
        {
          "over": 17,
          "deliveries": [
            {
              "batter": "Mohammad Rizwan",
              "bowler": "Mohammad Sami",
              "non_striker": "DJ Bravo",
              "runs": {
                "batter": 0,
                "extras": 0,
                "total": 0
              }
            },
            {
              "batter": "Mohammad Rizwan",
              "bowler": "Mohammad Sami",
              "non_striker": "DJ Bravo",
              "runs": {
                "batter": 4,
                "extras": 0,
                "total": 4
              }
            },
            {
              "batter": "Mohammad Rizwan",
              "bowler": "Mohammad Sami",
              "non_striker": "DJ Bravo",
              "runs": {
                "batter": 1,
                "extras": 0,
                "total": 1
              }
            },
            {
              "batter": "DJ Bravo",
              "bowler": "Mohammad Sami",
              "non_striker": "Mohammad Rizwan",
              "runs": {
                "batter": 0,
                "extras": 0,
                "total": 0
              }
            },
            {
              "batter": "DJ Bravo",
              "bowler": "Mohammad Sami",
              "non_striker": "Mohammad Rizwan",
              "runs": {
                "batter": 0,
                "extras": 0,
                "total": 0
              }
            },
            {
              "batter": "DJ Bravo",
              "bowler": "Mohammad Sami",
              "non_striker": "Mohammad Rizwan",
              "runs": {
                "batter": 2,
                "extras": 0,
                "total": 2
              }
            }
          ]
        },
        {
          "over": 18,
          "deliveries": [
            {
              "batter": "Mohammad Rizwan",
              "bowler": "AD Russell",
              "non_striker": "DJ Bravo",
              "runs": {
                "batter": 1,
                "extras": 0,
                "total": 1
              }
            },
            {
              "batter": "DJ Bravo",
              "bowler": "AD Russell",
              "non_striker": "Mohammad Rizwan",
              "runs": {
                "batter": 1,
                "extras": 0,
                "total": 1
              }
            },
            {
              "batter": "Mohammad Rizwan",
              "bowler": "AD Russell",
              "non_striker": "DJ Bravo",
              "runs": {
                "batter": 4,
                "extras": 0,
                "total": 4
              }
            },
            {
              "batter": "Mohammad Rizwan",
              "bowler": "AD Russell",
              "non_striker": "DJ Bravo",
              "runs": {
                "batter": 0,
                "extras": 0,
                "total": 0
              },
              "wickets": [
                {
                  "player_out": "DJ Bravo",
                  "kind": "run out"
                }
              ]
            },
            {
              "batter": "Mohammad Rizwan",
              "bowler": "AD Russell",
              "non_striker": "KK Cooper",
              "runs": {
                "batter": 6,
                "extras": 0,
                "total": 6
              }
            },
            {
              "batter": "Mohammad Rizwan",
              "bowler": "AD Russell",
              "non_striker": "KK Cooper",
              "runs": {
                "batter": 1,
                "extras": 0,
                "total": 1
              }
            }
          ]
        },
        {
          "over": 19,
          "deliveries": [
            {
              "batter": "Mohammad Rizwan",
              "bowler": "Rumman Raees",
              "non_striker": "KK Cooper",
              "runs": {
                "batter": 0,
                "extras": 0,
                "total": 0
              }
            },
            {
              "batter": "Mohammad Rizwan",
              "bowler": "Rumman Raees",
              "non_striker": "KK Cooper",
              "runs": {
                "batter": 6,
                "extras": 0,
                "total": 6
              }
            },
            {
              "batter": "Mohammad Rizwan",
              "bowler": "Rumman Raees",
              "non_striker": "KK Cooper",
              "runs": {
                "batter": 1,
                "extras": 0,
                "total": 1
              }
            },
            {
              "batter": "KK Cooper",
              "bowler": "Rumman Raees",
              "non_striker": "Mohammad Rizwan",
              "runs": {
                "batter": 0,
                "extras": 0,
                "total": 0
              },
              "wickets": [
                {
                  "player_out": "KK Cooper",
                  "kind": "caught and bowled"
                }
              ]
            },
            {
              "batter": "Zohaib Khan",
              "bowler": "Rumman Raees",
              "non_striker": "Mohammad Rizwan",
              "runs": {
                "batter": 2,
                "extras": 0,
                "total": 2
              }
            },
            {
              "batter": "Zohaib Khan",
              "bowler": "Rumman Raees",
              "non_striker": "Mohammad Rizwan",
              "runs": {
                "batter": 1,
                "extras": 0,
                "total": 1
              }
            }
          ]
        }
      ],
      "powerplays": [
        {
          "from": 0.1,
          "to": 5.6,
          "type": "mandatory"
        }
      ]
    },
    {
      "team": "Islamabad United",
      "overs": [
        {
          "over": 0,
          "deliveries": [
            {
              "batter": "SR Watson",
              "bowler": "DJ Bravo",
              "non_striker": "Sharjeel Khan",
              "runs": {
                "batter": 4,
                "extras": 0,
                "total": 4
              }
            },
            {
              "batter": "SR Watson",
              "bowler": "DJ Bravo",
              "non_striker": "Sharjeel Khan",
              "runs": {
                "batter": 2,
                "extras": 0,
                "total": 2
              }
            },
            {
              "batter": "SR Watson",
              "bowler": "DJ Bravo",
              "non_striker": "Sharjeel Khan",
              "runs": {
                "batter": 1,
                "extras": 0,
                "total": 1
              }
            },
            {
              "batter": "Sharjeel Khan",
              "bowler": "DJ Bravo",
              "non_striker": "SR Watson",
              "runs": {
                "batter": 0,
                "extras": 0,
                "total": 0
              }
            },
            {
              "batter": "Sharjeel Khan",
              "bowler": "DJ Bravo",
              "non_striker": "SR Watson",
              "runs": {
                "batter": 0,
                "extras": 0,
                "total": 0
              }
            },
            {
              "batter": "Sharjeel Khan",
              "bowler": "DJ Bravo",
              "extras": {
                "wides": 1
              },
              "non_striker": "SR Watson",
              "runs": {
                "batter": 0,
                "extras": 1,
                "total": 1
              }
            },
            {
              "batter": "Sharjeel Khan",
              "bowler": "DJ Bravo",
              "non_striker": "SR Watson",
              "runs": {
                "batter": 6,
                "extras": 0,
                "total": 6
              }
            }
          ]
        },
        {
          "over": 1,
          "deliveries": [
            {
              "batter": "SR Watson",
              "bowler": "Ehsan Adil",
              "non_striker": "Sharjeel Khan",
              "runs": {
                "batter": 0,
                "extras": 0,
                "total": 0
              }
            },
            {
              "batter": "SR Watson",
              "bowler": "Ehsan Adil",
              "non_striker": "Sharjeel Khan",
              "runs": {
                "batter": 0,
                "extras": 0,
                "total": 0
              }
            },
            {
              "batter": "SR Watson",
              "bowler": "Ehsan Adil",
              "non_striker": "Sharjeel Khan",
              "runs": {
                "batter": 0,
                "extras": 0,
                "total": 0
              }
            },
            {
              "batter": "SR Watson",
              "bowler": "Ehsan Adil",
              "non_striker": "Sharjeel Khan",
              "runs": {
                "batter": 1,
                "extras": 0,
                "total": 1
              }
            },
            {
              "batter": "Sharjeel Khan",
              "bowler": "Ehsan Adil",
              "extras": {
                "wides": 1
              },
              "non_striker": "SR Watson",
              "runs": {
                "batter": 0,
                "extras": 1,
                "total": 1
              }
            },
            {
              "batter": "Sharjeel Khan",
              "bowler": "Ehsan Adil",
              "non_striker": "SR Watson",
              "runs": {
                "batter": 1,
                "extras": 0,
                "total": 1
              }
            },
            {
              "batter": "SR Watson",
              "bowler": "Ehsan Adil",
              "non_striker": "Sharjeel Khan",
              "runs": {
                "batter": 1,
                "extras": 0,
                "total": 1
              }
            }
          ]
        },
        {
          "over": 2,
          "deliveries": [
            {
              "batter": "SR Watson",
              "bowler": "KK Cooper",
              "non_striker": "Sharjeel Khan",
              "runs": {
                "batter": 2,
                "extras": 0,
                "total": 2
              }
            },
            {
              "batter": "SR Watson",
              "bowler": "KK Cooper",
              "extras": {
                "legbyes": 2
              },
              "non_striker": "Sharjeel Khan",
              "runs": {
                "batter": 0,
                "extras": 2,
                "total": 2
              }
            },
            {
              "batter": "SR Watson",
              "bowler": "KK Cooper",
              "non_striker": "Sharjeel Khan",
              "runs": {
                "batter": 0,
                "extras": 0,
                "total": 0
              }
            },
            {
              "batter": "SR Watson",
              "bowler": "KK Cooper",
              "non_striker": "Sharjeel Khan",
              "runs": {
                "batter": 0,
                "extras": 0,
                "total": 0
              }
            },
            {
              "batter": "SR Watson",
              "bowler": "KK Cooper",
              "non_striker": "Sharjeel Khan",
              "runs": {
                "batter": 1,
                "extras": 0,
                "total": 1
              }
            },
            {
              "batter": "Sharjeel Khan",
              "bowler": "KK Cooper",
              "non_striker": "SR Watson",
              "runs": {
                "batter": 1,
                "extras": 0,
                "total": 1
              }
            }
          ]
        },
        {
          "over": 3,
          "deliveries": [
            {
              "batter": "Sharjeel Khan",
              "bowler": "Ehsan Adil",
              "non_striker": "SR Watson",
              "runs": {
                "batter": 0,
                "extras": 0,
                "total": 0
              }
            },
            {
              "batter": "Sharjeel Khan",
              "bowler": "Ehsan Adil",
              "non_striker": "SR Watson",
              "runs": {
                "batter": 6,
                "extras": 0,
                "total": 6
              }
            },
            {
              "batter": "Sharjeel Khan",
              "bowler": "Ehsan Adil",
              "non_striker": "SR Watson",
              "runs": {
                "batter": 4,
                "extras": 0,
                "total": 4
              }
            },
            {
              "batter": "Sharjeel Khan",
              "bowler": "Ehsan Adil",
              "non_striker": "SR Watson",
              "runs": {
                "batter": 0,
                "extras": 0,
                "total": 0
              }
            },
            {
              "batter": "Sharjeel Khan",
              "bowler": "Ehsan Adil",
              "non_striker": "SR Watson",
              "runs": {
                "batter": 4,
                "extras": 0,
                "total": 4
              }
            },
            {
              "batter": "Sharjeel Khan",
              "bowler": "Ehsan Adil",
              "non_striker": "SR Watson",
              "runs": {
                "batter": 6,
                "extras": 0,
                "total": 6
              }
            }
          ]
        },
        {
          "over": 4,
          "deliveries": [
            {
              "batter": "SR Watson",
              "bowler": "Zafar Gohar",
              "non_striker": "Sharjeel Khan",
              "runs": {
                "batter": 0,
                "extras": 0,
                "total": 0
              }
            },
            {
              "batter": "SR Watson",
              "bowler": "Zafar Gohar",
              "non_striker": "Sharjeel Khan",
              "runs": {
                "batter": 1,
                "extras": 0,
                "total": 1
              }
            },
            {
              "batter": "Sharjeel Khan",
              "bowler": "Zafar Gohar",
              "non_striker": "SR Watson",
              "runs": {
                "batter": 0,
                "extras": 0,
                "total": 0
              }
            },
            {
              "batter": "Sharjeel Khan",
              "bowler": "Zafar Gohar",
              "non_striker": "SR Watson",
              "runs": {
                "batter": 1,
                "extras": 0,
                "total": 1
              }
            },
            {
              "batter": "SR Watson",
              "bowler": "Zafar Gohar",
              "non_striker": "Sharjeel Khan",
              "runs": {
                "batter": 6,
                "extras": 0,
                "total": 6
              }
            },
            {
              "batter": "SR Watson",
              "bowler": "Zafar Gohar",
              "non_striker": "Sharjeel Khan",
              "runs": {
                "batter": 0,
                "extras": 0,
                "total": 0
              }
            }
          ]
        },
        {
          "over": 5,
          "deliveries": [
            {
              "batter": "Sharjeel Khan",
              "bowler": "DJ Bravo",
              "non_striker": "SR Watson",
              "runs": {
                "batter": 0,
                "extras": 0,
                "total": 0
              }
            },
            {
              "batter": "Sharjeel Khan",
              "bowler": "DJ Bravo",
              "non_striker": "SR Watson",
              "runs": {
                "batter": 1,
                "extras": 0,
                "total": 1
              }
            },
            {
              "batter": "SR Watson",
              "bowler": "DJ Bravo",
              "non_striker": "Sharjeel Khan",
              "runs": {
                "batter": 1,
                "extras": 0,
                "total": 1
              }
            },
            {
              "batter": "Sharjeel Khan",
              "bowler": "DJ Bravo",
              "non_striker": "SR Watson",
              "runs": {
                "batter": 4,
                "extras": 0,
                "total": 4
              }
            },
            {
              "batter": "Sharjeel Khan",
              "bowler": "DJ Bravo",
              "non_striker": "SR Watson",
              "runs": {
                "batter": 0,
                "extras": 0,
                "total": 0
              }
            },
            {
              "batter": "Sharjeel Khan",
              "bowler": "DJ Bravo",
              "non_striker": "SR Watson",
              "runs": {
                "batter": 0,
                "extras": 0,
                "total": 0
              }
            }
          ]
        },
        {
          "over": 6,
          "deliveries": [
            {
              "batter": "SR Watson",
              "bowler": "Zafar Gohar",
              "non_striker": "Sharjeel Khan",
              "runs": {
                "batter": 0,
                "extras": 0,
                "total": 0
              }
            },
            {
              "batter": "SR Watson",
              "bowler": "Zafar Gohar",
              "non_striker": "Sharjeel Khan",
              "runs": {
                "batter": 0,
                "extras": 0,
                "total": 0
              }
            },
            {
              "batter": "SR Watson",
              "bowler": "Zafar Gohar",
              "non_striker": "Sharjeel Khan",
              "runs": {
                "batter": 6,
                "extras": 0,
                "total": 6
              }
            },
            {
              "batter": "SR Watson",
              "bowler": "Zafar Gohar",
              "non_striker": "Sharjeel Khan",
              "runs": {
                "batter": 0,
                "extras": 0,
                "total": 0
              }
            },
            {
              "batter": "SR Watson",
              "bowler": "Zafar Gohar",
              "non_striker": "Sharjeel Khan",
              "runs": {
                "batter": 0,
                "extras": 0,
                "total": 0
              }
            },
            {
              "batter": "SR Watson",
              "bowler": "Zafar Gohar",
              "non_striker": "Sharjeel Khan",
              "runs": {
                "batter": 1,
                "extras": 0,
                "total": 1
              }
            }
          ]
        },
        {
          "over": 7,
          "deliveries": [
            {
              "batter": "SR Watson",
              "bowler": "BAW Mendis",
              "non_striker": "Sharjeel Khan",
              "runs": {
                "batter": 0,
                "extras": 0,
                "total": 0
              }
            },
            {
              "batter": "SR Watson",
              "bowler": "BAW Mendis",
              "non_striker": "Sharjeel Khan",
              "runs": {
                "batter": 2,
                "extras": 0,
                "total": 2
              }
            },
            {
              "batter": "SR Watson",
              "bowler": "BAW Mendis",
              "non_striker": "Sharjeel Khan",
              "runs": {
                "batter": 4,
                "extras": 0,
                "total": 4
              }
            },
            {
              "batter": "SR Watson",
              "bowler": "BAW Mendis",
              "non_striker": "Sharjeel Khan",
              "runs": {
                "batter": 1,
                "extras": 0,
                "total": 1
              }
            },
            {
              "batter": "Sharjeel Khan",
              "bowler": "BAW Mendis",
              "non_striker": "SR Watson",
              "runs": {
                "batter": 1,
                "extras": 0,
                "total": 1
              }
            },
            {
              "batter": "SR Watson",
              "bowler": "BAW Mendis",
              "non_striker": "Sharjeel Khan",
              "runs": {
                "batter": 1,
                "extras": 0,
                "total": 1
              }
            }
          ]
        },
        {
          "over": 8,
          "deliveries": [
            {
              "batter": "SR Watson",
              "bowler": "Zohaib Khan",
              "non_striker": "Sharjeel Khan",
              "runs": {
                "batter": 4,
                "extras": 0,
                "total": 4
              }
            },
            {
              "batter": "SR Watson",
              "bowler": "Zohaib Khan",
              "non_striker": "Sharjeel Khan",
              "runs": {
                "batter": 0,
                "extras": 0,
                "total": 0
              }
            },
            {
              "batter": "SR Watson",
              "bowler": "Zohaib Khan",
              "non_striker": "Sharjeel Khan",
              "runs": {
                "batter": 0,
                "extras": 0,
                "total": 0
              }
            },
            {
              "batter": "SR Watson",
              "bowler": "Zohaib Khan",
              "non_striker": "Sharjeel Khan",
              "runs": {
                "batter": 1,
                "extras": 0,
                "total": 1
              }
            },
            {
              "batter": "Sharjeel Khan",
              "bowler": "Zohaib Khan",
              "non_striker": "SR Watson",
              "runs": {
                "batter": 0,
                "extras": 0,
                "total": 0
              }
            },
            {
              "batter": "Sharjeel Khan",
              "bowler": "Zohaib Khan",
              "non_striker": "SR Watson",
              "runs": {
                "batter": 0,
                "extras": 0,
                "total": 0
              }
            }
          ]
        },
        {
          "over": 9,
          "deliveries": [
            {
              "batter": "SR Watson",
              "bowler": "BAW Mendis",
              "non_striker": "Sharjeel Khan",
              "runs": {
                "batter": 6,
                "extras": 0,
                "total": 6
              }
            },
            {
              "batter": "SR Watson",
              "bowler": "BAW Mendis",
              "non_striker": "Sharjeel Khan",
              "runs": {
                "batter": 1,
                "extras": 0,
                "total": 1
              }
            },
            {
              "batter": "Sharjeel Khan",
              "bowler": "BAW Mendis",
              "extras": {
                "legbyes": 1
              },
              "non_striker": "SR Watson",
              "runs": {
                "batter": 0,
                "extras": 1,
                "total": 1
              }
            },
            {
              "batter": "SR Watson",
              "bowler": "BAW Mendis",
              "non_striker": "Sharjeel Khan",
              "runs": {
                "batter": 1,
                "extras": 0,
                "total": 1
              }
            },
            {
              "batter": "Sharjeel Khan",
              "bowler": "BAW Mendis",
              "non_striker": "SR Watson",
              "runs": {
                "batter": 2,
                "extras": 0,
                "total": 2
              }
            },
            {
              "batter": "Sharjeel Khan",
              "bowler": "BAW Mendis",
              "non_striker": "SR Watson",
              "runs": {
                "batter": 4,
                "extras": 0,
                "total": 4
              }
            }
          ]
        },
        {
          "over": 10,
          "deliveries": [
            {
              "batter": "SR Watson",
              "bowler": "Zohaib Khan",
              "non_striker": "Sharjeel Khan",
              "runs": {
                "batter": 6,
                "extras": 0,
                "total": 6
              }
            },
            {
              "batter": "SR Watson",
              "bowler": "Zohaib Khan",
              "non_striker": "Sharjeel Khan",
              "runs": {
                "batter": 1,
                "extras": 0,
                "total": 1
              }
            },
            {
              "batter": "Sharjeel Khan",
              "bowler": "Zohaib Khan",
              "non_striker": "SR Watson",
              "runs": {
                "batter": 6,
                "extras": 0,
                "total": 6
              }
            },
            {
              "batter": "Sharjeel Khan",
              "bowler": "Zohaib Khan",
              "non_striker": "SR Watson",
              "runs": {
                "batter": 4,
                "extras": 0,
                "total": 4
              }
            },
            {
              "batter": "Sharjeel Khan",
              "bowler": "Zohaib Khan",
              "extras": {
                "wides": 1
              },
              "non_striker": "SR Watson",
              "runs": {
                "batter": 0,
                "extras": 1,
                "total": 1
              }
            },
            {
              "batter": "Sharjeel Khan",
              "bowler": "Zohaib Khan",
              "non_striker": "SR Watson",
              "runs": {
                "batter": 1,
                "extras": 0,
                "total": 1
              }
            },
            {
              "batter": "SR Watson",
              "bowler": "Zohaib Khan",
              "non_striker": "Sharjeel Khan",
              "runs": {
                "batter": 6,
                "extras": 0,
                "total": 6
              }
            }
          ]
        },
        {
          "over": 11,
          "deliveries": [
            {
              "batter": "Sharjeel Khan",
              "bowler": "KK Cooper",
              "non_striker": "SR Watson",
              "runs": {
                "batter": 6,
                "extras": 0,
                "total": 6
              }
            },
            {
              "batter": "Sharjeel Khan",
              "bowler": "KK Cooper",
              "extras": {
                "wides": 1
              },
              "non_striker": "SR Watson",
              "runs": {
                "batter": 0,
                "extras": 1,
                "total": 1
              }
            },
            {
              "batter": "Sharjeel Khan",
              "bowler": "KK Cooper",
              "non_striker": "SR Watson",
              "runs": {
                "batter": 1,
                "extras": 0,
                "total": 1
              }
            },
            {
              "batter": "SR Watson",
              "bowler": "KK Cooper",
              "non_striker": "Sharjeel Khan",
              "runs": {
                "batter": 4,
                "extras": 0,
                "total": 4
              }
            },
            {
              "batter": "SR Watson",
              "bowler": "KK Cooper",
              "non_striker": "Sharjeel Khan",
              "runs": {
                "batter": 6,
                "extras": 0,
                "total": 6
              }
            },
            {
              "batter": "SR Watson",
              "bowler": "KK Cooper",
              "non_striker": "Sharjeel Khan",
              "runs": {
                "batter": 6,
                "extras": 0,
                "total": 6
              }
            },
            {
              "batter": "SR Watson",
              "bowler": "KK Cooper",
              "non_striker": "Sharjeel Khan",
              "runs": {
                "batter": 1,
                "extras": 0,
                "total": 1
              }
            }
          ]
        },
        {
          "over": 12,
          "deliveries": [
            {
              "batter": "SR Watson",
              "bowler": "DJ Bravo",
              "non_striker": "Sharjeel Khan",
              "runs": {
                "batter": 0,
                "extras": 0,
                "total": 0
              }
            },
            {
              "batter": "SR Watson",
              "bowler": "DJ Bravo",
              "non_striker": "Sharjeel Khan",
              "runs": {
                "batter": 1,
                "extras": 0,
                "total": 1
              }
            },
            {
              "batter": "Sharjeel Khan",
              "bowler": "DJ Bravo",
              "non_striker": "SR Watson",
              "runs": {
                "batter": 2,
                "extras": 0,
                "total": 2
              }
            },
            {
              "batter": "Sharjeel Khan",
              "bowler": "DJ Bravo",
              "non_striker": "SR Watson",
              "runs": {
                "batter": 0,
                "extras": 0,
                "total": 0
              }
            },
            {
              "batter": "Sharjeel Khan",
              "bowler": "DJ Bravo",
              "non_striker": "SR Watson",
              "runs": {
                "batter": 1,
                "extras": 0,
                "total": 1
              }
            },
            {
              "batter": "SR Watson",
              "bowler": "DJ Bravo",
              "non_striker": "Sharjeel Khan",
              "runs": {
                "batter": 0,
                "extras": 0,
                "total": 0
              }
            }
          ]
        },
        {
          "over": 13,
          "deliveries": [
            {
              "batter": "Sharjeel Khan",
              "bowler": "Ehsan Adil",
              "non_striker": "SR Watson",
              "runs": {
                "batter": 2,
                "extras": 0,
                "total": 2
              }
            },
            {
              "batter": "Sharjeel Khan",
              "bowler": "Ehsan Adil",
              "extras": {
                "wides": 1
              },
              "non_striker": "SR Watson",
              "runs": {
                "batter": 0,
                "extras": 1,
                "total": 1
              }
            },
            {
              "batter": "Sharjeel Khan",
              "bowler": "Ehsan Adil",
              "extras": {
                "wides": 1
              },
              "non_striker": "SR Watson",
              "runs": {
                "batter": 0,
                "extras": 1,
                "total": 1
              }
            },
            {
              "batter": "Sharjeel Khan",
              "bowler": "Ehsan Adil",
              "non_striker": "SR Watson",
              "runs": {
                "batter": 0,
                "extras": 0,
                "total": 0
              }
            },
            {
              "batter": "Sharjeel Khan",
              "bowler": "Ehsan Adil",
              "non_striker": "SR Watson",
              "runs": {
                "batter": 1,
                "extras": 0,
                "total": 1
              }
            },
            {
              "batter": "SR Watson",
              "bowler": "Ehsan Adil",
              "non_striker": "Sharjeel Khan",
              "runs": {
                "batter": 0,
                "extras": 0,
                "total": 0
              },
              "wickets": [
                {
                  "player_out": "SR Watson",
                  "fielders": [
                    {
                      "name": "Mohammad Rizwan"
                    }
                  ],
                  "kind": "caught"
                }
              ]
            },
            {
              "batter": "AD Russell",
              "bowler": "Ehsan Adil",
              "non_striker": "Sharjeel Khan",
              "runs": {
                "batter": 0,
                "extras": 0,
                "total": 0
              }
            },
            {
              "batter": "AD Russell",
              "bowler": "Ehsan Adil",
              "non_striker": "Sharjeel Khan",
              "runs": {
                "batter": 0,
                "extras": 0,
                "total": 0
              }
            }
          ]
        },
        {
          "over": 14,
          "deliveries": [
            {
              "batter": "Sharjeel Khan",
              "bowler": "DJ Bravo",
              "non_striker": "AD Russell",
              "runs": {
                "batter": 1,
                "extras": 0,
                "total": 1
              }
            },
            {
              "batter": "AD Russell",
              "bowler": "DJ Bravo",
              "non_striker": "Sharjeel Khan",
              "runs": {
                "batter": 1,
                "extras": 0,
                "total": 1
              }
            },
            {
              "batter": "Sharjeel Khan",
              "bowler": "DJ Bravo",
              "non_striker": "AD Russell",
              "runs": {
                "batter": 1,
                "extras": 0,
                "total": 1
              }
            },
            {
              "batter": "AD Russell",
              "bowler": "DJ Bravo",
              "non_striker": "Sharjeel Khan",
              "runs": {
                "batter": 1,
                "extras": 0,
                "total": 1
              }
            },
            {
              "batter": "Sharjeel Khan",
              "bowler": "DJ Bravo",
              "non_striker": "AD Russell",
              "runs": {
                "batter": 0,
                "extras": 0,
                "total": 0
              }
            },
            {
              "batter": "Sharjeel Khan",
              "bowler": "DJ Bravo",
              "non_striker": "AD Russell",
              "runs": {
                "batter": 0,
                "extras": 0,
                "total": 0
              }
            }
          ]
        },
        {
          "over": 15,
          "deliveries": [
            {
              "batter": "AD Russell",
              "bowler": "Ehsan Adil",
              "non_striker": "Sharjeel Khan",
              "runs": {
                "batter": 0,
                "extras": 0,
                "total": 0
              },
              "wickets": [
                {
                  "player_out": "AD Russell",
                  "fielders": [
                    {
                      "name": "Umar Akmal"
                    }
                  ],
                  "kind": "caught"
                }
              ]
            },
            {
              "batter": "Sharjeel Khan",
              "bowler": "Ehsan Adil",
              "non_striker": "BJ Haddin",
              "runs": {
                "batter": 0,
                "extras": 0,
                "total": 0
              }
            },
            {
              "batter": "Sharjeel Khan",
              "bowler": "Ehsan Adil",
              "non_striker": "BJ Haddin",
              "runs": {
                "batter": 0,
                "extras": 0,
                "total": 0
              }
            },
            {
              "batter": "Sharjeel Khan",
              "bowler": "Ehsan Adil",
              "non_striker": "BJ Haddin",
              "runs": {
                "batter": 6,
                "extras": 0,
                "total": 6
              }
            },
            {
              "batter": "Sharjeel Khan",
              "bowler": "Ehsan Adil",
              "non_striker": "BJ Haddin",
              "runs": {
                "batter": 6,
                "extras": 0,
                "total": 6
              }
            }
          ]
        }
      ],
      "powerplays": [
        {
          "from": 0.1,
          "to": 5.6,
          "type": "mandatory"
        }
      ],
      "target": {
        "overs": 20,
        "runs": 167
      }
    }
  ]
}